// Auto-generated 4bpp AA font from NotoSans-Bold.ttf @ 22px
// Codepoints U+0020..U+00FF (Latin-1 block)
#pragma once
#include "AAFont.h"

const uint8_t GoogleSansBold22aaBitmaps[] PROGMEM = {
  0xAF, 0xFF, 0xAF, 0xFE, 0x9F, 0xFE, 0x8F, 0xFD, 0x7F, 0xFC, 0x6F, 0xFB, 0x5F, 0xFA, 0x4F, 0xF9,
  0x3F, 0xF8, 0x2F, 0xF7, 0x00, 0x00, 0x00, 0x00, 0x5E, 0xF8, 0xBF, 0xFF, 0x5E, 0xF8, 0x8F, 0xF6,
  0x0F, 0xFE, 0x6F, 0xF4, 0x0E, 0xFD, 0x5F, 0xF3, 0x0D, 0xFB, 0x4F, 0xF1, 0x0B, 0xFA, 0x2F, 0xF0,
  0x0A, 0xF8, 0x00, 0x00, 0x0E, 0xF7, 0x06, 0xFE, 0x00, 0x00, 0x00, 0x2F, 0xF3, 0x0A, 0xFA, 0x00,
  0x00, 0x00, 0x5F, 0xF0, 0x0D, 0xF7, 0x00, 0x00, 0x00, 0x8F, 0xC0, 0x0F, 0xF4, 0x00, 0x0C, 0xFF,
  0xFF, 0xFF, 0xFF, 0xFF, 0xFB, 0x0C, 0xFF, 0xFF, 0xFF, 0xFF, 0xFF, 0xFB, 0x07, 0x9A, 0xFF, 0xB9,
  0xDF, 0xD9, 0x96, 0x00, 0x04, 0xFF, 0x00, 0xDF, 0x70, 0x00, 0x49, 0x9C, 0xFE, 0x99, 0xFF, 0xB9,
  0x90, 0x8F, 0xFF, 0xFF, 0xFF, 0xFF, 0xFF, 0xF0, 0x8F, 0xFF, 0xFF, 0xFF, 0xFF, 0xFF, 0xF0, 0x00,
  0x1F, 0xF4, 0x0A, 0xFB, 0x00, 0x00, 0x00, 0x4F, 0xF1, 0x0D, 0xF7, 0x00, 0x00, 0x00, 0x7F, 0xD0,
  0x1F, 0xF4, 0x00, 0x00, 0x00, 0xAF, 0xA0, 0x4F, 0xF1, 0x00, 0x00, 0x00, 0x00, 0x07, 0xF0, 0x00,
  0x00, 0x00, 0x00, 0x3A, 0xF6, 0x52, 0x00, 0x00, 0x7E, 0xFF, 0xFF, 0xFF, 0xE3, 0x09, 0xFF, 0xFF,
  0xFF, 0xFF, 0xF1, 0x0F, 0xFF, 0x87, 0xF1, 0x37, 0x70, 0x0F, 0xFF, 0x57, 0xF0, 0x00, 0x00, 0x0B,
  0xFF, 0xFD, 0xF0, 0x00, 0x00, 0x01, 0xDF, 0xFF, 0xFD, 0x71, 0x00, 0x00, 0x07, 0xEF, 0xFF, 0xFE,
  0x50, 0x00, 0x00, 0x08, 0xFF, 0xFF, 0xF4, 0x00, 0x00, 0x07, 0xF2, 0xDF, 0xF9, 0x08, 0x20, 0x07,
  0xF0, 0xAF, 0xFA, 0x0F, 0xFD, 0xAC, 0xFC, 0xFF, 0xF6, 0x0F, 0xFF, 0xFF, 0xFF, 0xFF, 0xB0, 0x04,
  0x9D, 0xFF, 0xFE, 0xB5, 0x00, 0x00, 0x00, 0x07, 0xF0, 0x00, 0x00, 0x00, 0x00, 0x07, 0xF0, 0x00,
  0x00, 0x00, 0x9E, 0xFD, 0x60, 0x00, 0x00, 0x5F, 0xF3, 0x00, 0x00, 0x09, 0xFF, 0xFF, 0xF5, 0x00,
  0x00, 0xEF, 0xA0, 0x00, 0x00, 0x0F, 0xFF, 0xAF, 0xFD, 0x00, 0x08, 0xFF, 0x10, 0x00, 0x00, 0x3F,
  0xF8, 0x0B, 0xFF, 0x00, 0x1F, 0xF7, 0x00, 0x00, 0x00, 0x4F, 0xF6, 0x09, 0xFF, 0x10, 0xAF, 0xE0,
  0x00, 0x00, 0x00, 0x3F, 0xF8, 0x0B, 0xFF, 0x03, 0xFF, 0x52, 0x79, 0x61, 0x00, 0x0F, 0xFF, 0xAF,
  0xFD, 0x0C, 0xFC, 0x4F, 0xFF, 0xFE, 0x10, 0x08, 0xFF, 0xFF, 0xF5, 0x6F, 0xF2, 0xDF, 0xFF, 0xFF,
  0xA0, 0x00, 0x8E, 0xFD, 0x71, 0xEF, 0x92, 0xFF, 0xB1, 0xDF, 0xF0, 0x00, 0x00, 0x00, 0x08, 0xFE,
  0x14, 0xFF, 0x70, 0x9F, 0xF1, 0x00, 0x00, 0x00, 0x2F, 0xF6, 0x04, 0xFF, 0x60, 0x9F, 0xF1, 0x00,
  0x00, 0x00, 0xBF, 0xD0, 0x02, 0xFF, 0x80, 0xBF, 0xF0, 0x00, 0x00, 0x04, 0xFF, 0x40, 0x00, 0xEF,
  0xFA, 0xFF, 0xC0, 0x00, 0x00, 0x0D, 0xFA, 0x00, 0x00, 0x7F, 0xFF, 0xFF, 0x50, 0x00, 0x00, 0x7F,
  0xF2, 0x00, 0x00, 0x07, 0xEF, 0xD6, 0x00, 0x00, 0x01, 0x9D, 0xFF, 0xC6, 0x00, 0x00, 0x00, 0x00,
  0x02, 0xEF, 0xFF, 0xFF, 0xF9, 0x00, 0x00, 0x00, 0x00, 0x9F, 0xFF, 0xAC, 0xFF, 0xF1, 0x00, 0x00,
  0x00, 0x0C, 0xFF, 0x50, 0x0E, 0xFF, 0x20, 0x00, 0x00, 0x00, 0x9F, 0xF7, 0x03, 0xFF, 0xE0, 0x00,
  0x00, 0x00, 0x03, 0xFF, 0xF8, 0xFF, 0xF5, 0x00, 0x00, 0x00, 0x00, 0x08, 0xFF, 0xFF, 0xF5, 0x00,
  0x00, 0x00, 0x00, 0x06, 0xFF, 0xFF, 0xF6, 0x00, 0x0B, 0xFF, 0xA0, 0x05, 0xFF, 0xF8, 0xEF, 0xF6,
  0x01, 0xFF, 0xF4, 0x00, 0xEF, 0xF9, 0x02, 0xEF, 0xF8, 0x9F, 0xFD, 0x00, 0x1F, 0xFF, 0x50, 0x02,
  0xEF, 0xFF, 0xFF, 0x40, 0x00, 0xFF, 0xFB, 0x00, 0x02, 0xFF, 0xFF, 0x80, 0x00, 0x0B, 0xFF, 0xFD,
  0xAA, 0xEF, 0xFF, 0xFD, 0x10, 0x00, 0x2D, 0xFF, 0xFF, 0xFF, 0xFF, 0xFF, 0xFD, 0x10, 0x00, 0x07,
  0xCE, 0xFF, 0xC8, 0x12, 0xEF, 0xFD, 0x10, 0x8F, 0xF6, 0x6F, 0xF4, 0x5F, 0xF3, 0x4F, 0xF1, 0x2F,
  0xF0, 0x00, 0x03, 0xFF, 0x70, 0x00, 0xDF, 0xD0, 0x00, 0x8F, 0xF5, 0x00, 0x0E, 0xFE, 0x00, 0x05,
  0xFF, 0x80, 0x00, 0x9F, 0xF4, 0x00, 0x0D, 0xFF, 0x00, 0x00, 0xFF, 0xE0, 0x00, 0x0F, 0xFD, 0x00,
  0x01, 0xFF, 0xC0, 0x00, 0x0F, 0xFC, 0x00, 0x00, 0xFF, 0xE0, 0x00, 0x0D, 0xFF, 0x00, 0x00, 0x9F,
  0xF4, 0x00, 0x05, 0xFF, 0x80, 0x00, 0x0E, 0xFE, 0x00, 0x00, 0x8F, 0xF5, 0x00, 0x01, 0xEF, 0xD0,
  0x00, 0x04, 0xFF, 0x70, 0x1F, 0xFA, 0x00, 0x00, 0x6F, 0xF6, 0x00, 0x00, 0xDF, 0xE0, 0x00, 0x07,
  0xFF, 0x60, 0x00, 0x1F, 0xFC, 0x00, 0x00, 0xDF, 0xF0, 0x00, 0x09, 0xFF, 0x40, 0x00, 0x7F, 0xF6,
  0x00, 0x05, 0xFF, 0x70, 0x00, 0x4F, 0xF8, 0x00, 0x05, 0xFF, 0x80, 0x00, 0x6F, 0xF6, 0x00, 0x09,
  0xFF, 0x40, 0x00, 0xDF, 0xF1, 0x00, 0x1F, 0xFD, 0x00, 0x07, 0xFF, 0x60, 0x00, 0xDF, 0xF0, 0x00,
  0x6F, 0xF6, 0x00, 0x1E, 0xFB, 0x00, 0x00, 0x00, 0x00, 0x5F, 0xF5, 0x00, 0x00, 0x00, 0x00, 0x4F,
  0xF3, 0x00, 0x00, 0x01, 0x00, 0x2F, 0xF1, 0x00, 0x10, 0x0F, 0xD8, 0x4F, 0xF4, 0x8D, 0xF0, 0x2F,
  0xFF, 0xFF, 0xFF, 0xFF, 0xF2, 0x17, 0x8A, 0xEF, 0xFE, 0xA9, 0x72, 0x00, 0x04, 0xFF, 0xFF, 0x40,
  0x00, 0x00, 0x1E, 0xF9, 0xBF, 0xE1, 0x00, 0x00, 0xCF, 0xF2, 0x3F, 0xFC, 0x00, 0x00, 0x19, 0xB0,
  0x0A, 0xA2, 0x00, 0x00, 0x00, 0x00, 0x00, 0x00, 0x00, 0x00, 0x00, 0x0E, 0xF7, 0x00, 0x00, 0x00,
  0x00, 0x0E, 0xF7, 0x00, 0x00, 0x00, 0x00, 0x0E, 0xF7, 0x00, 0x00, 0x09, 0x99, 0x9F, 0xFC, 0x99,
  0x95, 0x0F, 0xFF, 0xFF, 0xFF, 0xFF, 0xF9, 0x0F, 0xFF, 0xFF, 0xFF, 0xFF, 0xF9, 0x00, 0x00, 0x0E,
  0xF7, 0x00, 0x00, 0x00, 0x00, 0x0E, 0xF7, 0x00, 0x00, 0x00, 0x00, 0x0E, 0xF7, 0x00, 0x00, 0x00,
  0x00, 0x0E, 0xF7, 0x00, 0x00, 0x05, 0xFF, 0xC0, 0x8F, 0xF7, 0x0B, 0xFF, 0x20, 0xFF, 0xB0, 0x3F,
  0xF4, 0x00, 0x39, 0x99, 0x99, 0x45, 0xFF, 0xFF, 0xF6, 0x5F, 0xFF, 0xFF, 0x60, 0x5E, 0xF8, 0xBF,
  0xFF, 0x5E, 0xF8, 0x00, 0x00, 0x03, 0xFF, 0xC0, 0x00, 0x00, 0x9F, 0xF6, 0x00, 0x00, 0x0F, 0xFF,
  0x00, 0x00, 0x05, 0xFF, 0x90, 0x00, 0x00, 0xCF, 0xF3, 0x00, 0x00, 0x2F, 0xFD, 0x00, 0x00, 0x08,
  0xFF, 0x60, 0x00, 0x00, 0xEF, 0xF1, 0x00, 0x00, 0x5F, 0xFA, 0x00, 0x00, 0x0B, 0xFF, 0x40, 0x00,
  0x01, 0xFF, 0xD0, 0x00, 0x00, 0x7F, 0xF7, 0x00, 0x00, 0x0D, 0xFF, 0x10, 0x00, 0x04, 0xFF, 0xB0,
  0x00, 0x00, 0xAF, 0xF5, 0x00, 0x00, 0x00, 0x00, 0x04, 0xBE, 0xFD, 0x81, 0x00, 0x00, 0x8F, 0xFF,
  0xFF, 0xFE, 0x10, 0x03, 0xFF, 0xFC, 0xAF, 0xFF, 0xB0, 0x0A, 0xFF, 0xB0, 0x03, 0xFF, 0xF2, 0x0E,
  0xFF, 0x50, 0x00, 0xDF, 0xF7, 0x1F, 0xFF, 0x30, 0x00, 0xAF, 0xF9, 0x2F, 0xFF, 0x10, 0x00, 0x9F,
  0xFB, 0x3F, 0xFF, 0x10, 0x00, 0x8F, 0xFC, 0x2F, 0xFF, 0x10, 0x00, 0x8F, 0xFB, 0x1F, 0xFF, 0x30,
  0x00, 0xAF, 0xFA, 0x0E, 0xFF, 0x50, 0x00, 0xDF, 0xF7, 0x09, 0xFF, 0xB0, 0x03, 0xFF, 0xF3, 0x02,
  0xFF, 0xFC, 0xAF, 0xFF, 0xC0, 0x00, 0x7F, 0xFF, 0xFF, 0xFE, 0x20, 0x00, 0x04, 0xBE, 0xFD, 0x91,
  0x00, 0x00, 0x00, 0x5F, 0xFF, 0x10, 0x00, 0x9F, 0xFF, 0xF1, 0x01, 0xCF, 0xFF, 0xFF, 0x14, 0xEF,
  0xFC, 0xFF, 0xF1, 0x3F, 0xF8, 0x3F, 0xFF, 0x10, 0x55, 0x03, 0xFF, 0xF1, 0x00, 0x00, 0x3F, 0xFF,
  0x10, 0x00, 0x03, 0xFF, 0xF1, 0x00, 0x00, 0x3F, 0xFF, 0x10, 0x00, 0x03, 0xFF, 0xF1, 0x00, 0x00,
  0x3F, 0xFF, 0x10, 0x00, 0x03, 0xFF, 0xF1, 0x00, 0x00, 0x3F, 0xFF, 0x10, 0x00, 0x03, 0xFF, 0xF1,
  0x00, 0x00, 0x3F, 0xFF, 0x10, 0x00, 0x17, 0xCF, 0xFE, 0xA3, 0x00, 0x05, 0xFF, 0xFF, 0xFF, 0xFF,
  0x50, 0x0C, 0xFF, 0xFB, 0xAE, 0xFF, 0xF1, 0x01, 0xD9, 0x00, 0x02, 0xFF, 0xF5, 0x00, 0x00, 0x00,
  0x00, 0xEF, 0xF5, 0x00, 0x00, 0x00, 0x02, 0xFF, 0xF3, 0x00, 0x00, 0x00, 0x0B, 0xFF, 0xC0, 0x00,
  0x00, 0x00, 0x9F, 0xFF, 0x20, 0x00, 0x00, 0x08, 0xFF, 0xF4, 0x00, 0x00, 0x00, 0x8F, 0xFF, 0x40,
  0x00, 0x00, 0x09, 0xFF, 0xE3, 0x00, 0x00, 0x00, 0x9F, 0xFE, 0x20, 0x00, 0x00, 0x0A, 0xFF, 0xFB,
  0x99, 0x99, 0x98, 0x2F, 0xFF, 0xFF, 0xFF, 0xFF, 0xFD, 0x2F, 0xFF, 0xFF, 0xFF, 0xFF, 0xFD, 0x00,
  0x5B, 0xEF, 0xFE, 0xA4, 0x00, 0x0D, 0xFF, 0xFF, 0xFF, 0xFF, 0x90, 0x05, 0xFF, 0xB9, 0xAE, 0xFF,
  0xF1, 0x00, 0x40, 0x00, 0x02, 0xFF, 0xF2, 0x00, 0x00, 0x00, 0x04, 0xFF, 0xD0, 0x00, 0x07, 0x9A,
  0xCF, 0xFD, 0x20, 0x00, 0x0C, 0xFF, 0xFF, 0x91, 0x00, 0x00, 0x0C, 0xFF, 0xFF, 0xFF, 0x60, 0x00,
  0x00, 0x00, 0x3A, 0xFF, 0xF3, 0x00, 0x00, 0x00, 0x00, 0xDF, 0xF9, 0x00, 0x00, 0x00, 0x00, 0xDF,
  0xFA, 0x15, 0x00, 0x00, 0x04, 0xFF, 0xF7, 0x2F, 0xFC, 0xA9, 0xCF, 0xFF, 0xF1, 0x2F, 0xFF, 0xFF,
  0xFF, 0xFF, 0x40, 0x05, 0xAD, 0xEF, 0xEC, 0x81, 0x00, 0x00, 0x00, 0x00, 0x2F, 0xFF, 0x50, 0x00,
  0x00, 0x00, 0x0C, 0xFF, 0xF5, 0x00, 0x00, 0x00, 0x08, 0xFF, 0xFF, 0x50, 0x00, 0x00, 0x03, 0xFF,
  0xEF, 0xF5, 0x00, 0x00, 0x00, 0xDF, 0x8D, 0xFF, 0x50, 0x00, 0x00, 0xAF, 0xD0, 0xEF, 0xF5, 0x00,
  0x00, 0x5F, 0xF3, 0x0E, 0xFF, 0x50, 0x00, 0x1F, 0xF8, 0x00, 0xEF, 0xF5, 0x00, 0x0C, 0xFD, 0x00,
  0x0E, 0xFF, 0x50, 0x07, 0xFF, 0xC9, 0x99, 0xFF, 0xFB, 0x91, 0xAF, 0xFF, 0xFF, 0xFF, 0xFF, 0xFF,
  0x3A, 0xFF, 0xFF, 0xFF, 0xFF, 0xFF, 0xF3, 0x00, 0x00, 0x00, 0x0E, 0xFF, 0x50, 0x00, 0x00, 0x00,
  0x00, 0xEF, 0xF5, 0x00, 0x00, 0x00, 0x00, 0x0E, 0xFF, 0x50, 0x00, 0x0F, 0xFF, 0xFF, 0xFF, 0xF8,
  0x02, 0xFF, 0xFF, 0xFF, 0xFF, 0x80, 0x3F, 0xFF, 0x99, 0x99, 0x94, 0x04, 0xFF, 0xC0, 0x00, 0x00,
  0x00, 0x6F, 0xFA, 0x00, 0x00, 0x00, 0x07, 0xFF, 0xEE, 0xFE, 0xA3, 0x00, 0x8F, 0xFF, 0xFF, 0xFF,
  0xF6, 0x04, 0xDC, 0xAA, 0xCF, 0xFF, 0xF1, 0x00, 0x00, 0x00, 0x5F, 0xFF, 0x60, 0x00, 0x00, 0x00,
  0xDF, 0xF8, 0x00, 0x00, 0x00, 0x0D, 0xFF, 0x85, 0x10, 0x00, 0x05, 0xFF, 0xF4, 0xEF, 0xCA, 0xAC,
  0xFF, 0xFD, 0x0E, 0xFF, 0xFF, 0xFF, 0xFD, 0x20, 0x5A, 0xDE, 0xFE, 0xC7, 0x00, 0x00, 0x00, 0x00,
  0x28, 0xCE, 0xFF, 0xB0, 0x00, 0x08, 0xFF, 0xFF, 0xFF, 0xC0, 0x00, 0x8F, 0xFF, 0xEB, 0x9A, 0x80,
  0x03, 0xFF, 0xF6, 0x00, 0x00, 0x00, 0x09, 0xFF, 0x70, 0x00, 0x00, 0x00, 0x0E, 0xFF, 0x19, 0xEF,
  0xD8, 0x00, 0x1F, 0xFE, 0xCF, 0xFF, 0xFF, 0xC0, 0x2F, 0xFF, 0xFC, 0xAD, 0xFF, 0xF6, 0x3F, 0xFF,
  0x90, 0x00, 0xBF, 0xFB, 0x2F, 0xFF, 0x10, 0x00, 0x6F, 0xFD, 0x0F, 0xFF, 0x30, 0x00, 0x7F, 0xFC,
  0x0B, 0xFF, 0xB0, 0x00, 0xCF, 0xF9, 0x04, 0xFF, 0xFD, 0xAD, 0xFF, 0xF3, 0x00, 0x6F, 0xFF, 0xFF,
  0xFF, 0x70, 0x00, 0x03, 0xAE, 0xFE, 0xB4, 0x00, 0x6F, 0xFF, 0xFF, 0xFF, 0xFF, 0xFD, 0x6F, 0xFF,
  0xFF, 0xFF, 0xFF, 0xFD, 0x39, 0x99, 0x99, 0x99, 0xEF, 0xF9, 0x00, 0x00, 0x00, 0x01, 0xFF, 0xF2,
  0x00, 0x00, 0x00, 0x09, 0xFF, 0xB0, 0x00, 0x00, 0x00, 0x1F, 0xFF, 0x30, 0x00, 0x00, 0x00, 0x8F,
  0xFC, 0x00, 0x00, 0x00, 0x00, 0xEF, 0xF5, 0x00, 0x00, 0x00, 0x07, 0xFF, 0xD0, 0x00, 0x00, 0x00,
  0x0E, 0xFF, 0x60, 0x00, 0x00, 0x00, 0x6F, 0xFE, 0x00, 0x00, 0x00, 0x00, 0xEF, 0xF8, 0x00, 0x00,
  0x00, 0x06, 0xFF, 0xF1, 0x00, 0x00, 0x00, 0x0D, 0xFF, 0x90, 0x00, 0x00, 0x00, 0x5F, 0xFF, 0x20,
  0x00, 0x00, 0x00, 0x07, 0xCE, 0xFE, 0xA3, 0x00, 0x01, 0xDF, 0xFF, 0xFF, 0xFF, 0x70, 0x08, 0xFF,
  0xFB, 0xAE, 0xFF, 0xF1, 0x0B, 0xFF, 0x80, 0x00, 0xEF, 0xF4, 0x09, 0xFF, 0x80, 0x00, 0xEF, 0xF2,
  0x02, 0xFF, 0xF7, 0x2B, 0xFF, 0xA0, 0x00, 0x4F, 0xFF, 0xFF, 0xF9, 0x00, 0x00, 0x1A, 0xFF, 0xFF,
  0xD3, 0x00, 0x02, 0xEF, 0xFC, 0x9F, 0xFF, 0x70, 0x0C, 0xFF, 0x70, 0x03, 0xEF, 0xF5, 0x2F, 0xFE,
  0x00, 0x00, 0x5F, 0xFB, 0x3F, 0xFF, 0x20, 0x00, 0x9F, 0xFB, 0x0E, 0xFF, 0xFA, 0xAC, 0xFF, 0xF7,
  0x04, 0xFF, 0xFF, 0xFF, 0xFF, 0xB0, 0x00, 0x29, 0xDF, 0xFE, 0xB5, 0x00, 0x00, 0x08, 0xDF, 0xFC,
  0x70, 0x00, 0x01, 0xDF, 0xFF, 0xFF, 0xFD, 0x20, 0x0B, 0xFF, 0xFB, 0xAF, 0xFF, 0xC0, 0x1F, 0xFF,
  0x50, 0x02, 0xFF, 0xF4, 0x4F, 0xFF, 0x00, 0x00, 0x9F, 0xF9, 0x4F, 0xFF, 0x00, 0x00, 0x9F, 0xFB,
  0x1F, 0xFF, 0x91, 0x07, 0xFF, 0xFC, 0x0B, 0xFF, 0xFF, 0xFF, 0xFF, 0xFB, 0x01, 0xDF, 0xFF, 0xFD,
  0x7F, 0xF9, 0x00, 0x05, 0x88, 0x60, 0x9F, 0xF7, 0x00, 0x00, 0x00, 0x01, 0xEF, 0xF2, 0x00, 0x00,
  0x00, 0x2C, 0xFF, 0xB0, 0x02, 0xA9, 0xAC, 0xFF, 0xFF, 0x20, 0x03, 0xFF, 0xFF, 0xFF, 0xE3, 0x00,
  0x02, 0xFF, 0xFE, 0xB6, 0x00, 0x00, 0x5E, 0xF8, 0xBF, 0xFF, 0x5E, 0xF8, 0x00, 0x00, 0x00, 0x00,
  0x00, 0x00, 0x00, 0x00, 0x00, 0x00, 0x00, 0x00, 0x5E, 0xF8, 0xBF, 0xFF, 0x5E, 0xF8, 0x03, 0xDE,
  0x60, 0xAF, 0xFF, 0x0A, 0xFF, 0xF0, 0x3D, 0xE6, 0x00, 0x00, 0x00, 0x00, 0x00, 0x00, 0x00, 0x00,
  0x00, 0x00, 0x00, 0x00, 0x00, 0x00, 0x00, 0x05, 0xFF, 0xC0, 0x8F, 0xF7, 0x0B, 0xFF, 0x20, 0xFF,
  0xB0, 0x3F, 0xF4, 0x00, 0x00, 0x00, 0x00, 0x00, 0x00, 0x35, 0x00, 0x00, 0x00, 0x00, 0x3B, 0xF9,
  0x00, 0x00, 0x00, 0x3B, 0xFF, 0xF9, 0x00, 0x00, 0x3B, 0xFF, 0xFC, 0x50, 0x00, 0x3B, 0xFF, 0xFB,
  0x40, 0x00, 0x0B, 0xFF, 0xFA, 0x30, 0x00, 0x00, 0x0F, 0xFF, 0xC4, 0x00, 0x00, 0x00, 0x05, 0xCF,
  0xFF, 0xD6, 0x10, 0x00, 0x00, 0x03, 0xAF, 0xFF, 0xF9, 0x30, 0x00, 0x00, 0x02, 0x9F, 0xFF, 0xF8,
  0x00, 0x00, 0x00, 0x00, 0x7E, 0xF9, 0x00, 0x00, 0x00, 0x00, 0x00, 0x56, 0x09, 0x99, 0x99, 0x99,
  0x99, 0x95, 0x0F, 0xFF, 0xFF, 0xFF, 0xFF, 0xF9, 0x0F, 0xFF, 0xFF, 0xFF, 0xFF, 0xF9, 0x00, 0x00,
  0x00, 0x00, 0x00, 0x00, 0x09, 0x99, 0x99, 0x99, 0x99, 0x95, 0x0F, 0xFF, 0xFF, 0xFF, 0xFF, 0xF9,
  0x0F, 0xFF, 0xFF, 0xFF, 0xFF, 0xF9, 0x07, 0x00, 0x00, 0x00, 0x00, 0x00, 0x0F, 0xE7, 0x00, 0x00,
  0x00, 0x00, 0x0F, 0xFF, 0xE7, 0x00, 0x00, 0x00, 0x01, 0x8F, 0xFF, 0xE7, 0x00, 0x00, 0x00, 0x01,
  0x7E, 0xFF, 0xE7, 0x00, 0x00, 0x00, 0x00, 0x6D, 0xFF, 0xE5, 0x00, 0x00, 0x00, 0x17, 0xFF, 0xF9,
  0x00, 0x00, 0x39, 0xFF, 0xFF, 0x92, 0x00, 0x6C, 0xFF, 0xFE, 0x71, 0x00, 0x0E, 0xFF, 0xFD, 0x50,
  0x00, 0x00, 0x0F, 0xFB, 0x40, 0x00, 0x00, 0x00, 0x09, 0x20, 0x00, 0x00, 0x00, 0x00, 0x04, 0xAD,
  0xFF, 0xD9, 0x20, 0xBF, 0xFF, 0xFF, 0xFF, 0xF2, 0x5F, 0xFC, 0xAA, 0xFF, 0xFB, 0x07, 0x20, 0x00,
  0x4F, 0xFE, 0x00, 0x00, 0x00, 0x4F, 0xFD, 0x00, 0x00, 0x02, 0xDF, 0xF7, 0x00, 0x00, 0x5F, 0xFF,
  0xA0, 0x00, 0x05, 0xFF, 0xF6, 0x00, 0x00, 0x0D, 0xFF, 0x30, 0x00, 0x00, 0x0F, 0xFD, 0x00, 0x00,
  0x00, 0x03, 0x32, 0x00, 0x00, 0x00, 0x00, 0x00, 0x00, 0x00, 0x00, 0x1C, 0xFC, 0x10, 0x00, 0x00,
  0x5F, 0xFF, 0x50, 0x00, 0x00, 0x1C, 0xFC, 0x10, 0x00, 0x00, 0x00, 0x04, 0x9D, 0xEF, 0xEC, 0x83,
  0x00, 0x00, 0x00, 0x03, 0xCF, 0xFF, 0xFF, 0xFF, 0xFF, 0xA1, 0x00, 0x00, 0x5F, 0xFE, 0x83, 0x10,
  0x03, 0x9F, 0xFD, 0x10, 0x03, 0xFF, 0xB1, 0x4B, 0xEF, 0xEC, 0x95, 0xFF, 0xB0, 0x0D, 0xFC, 0x08,
  0xFF, 0xFE, 0xFF, 0xF2, 0x5F, 0xF3, 0x5F, 0xF2, 0x4F, 0xFA, 0x10, 0x5F, 0xF1, 0x0E, 0xF7, 0xAF,
  0xC0, 0xAF, 0xE0, 0x00, 0x6F, 0xF0, 0x0C, 0xF9, 0xCF, 0x90, 0xDF, 0xA0, 0x00, 0x7F, 0xF0, 0x0C,
  0xF9, 0xEF, 0x70, 0xCF, 0xB0, 0x00, 0xAF, 0xF0, 0x0E, 0xF6, 0xDF, 0x80, 0x9F, 0xF3, 0x03, 0xFF,
  0xF1, 0x5F, 0xF2, 0xBF, 0xC0, 0x1E, 0xFF, 0xFF, 0xFD, 0xFF, 0xFF, 0x80, 0x6F, 0xF3, 0x02, 0xAE,
  0xFC, 0x41, 0xBF, 0xE7, 0x00, 0x0D, 0xFD, 0x20, 0x00, 0x00, 0x00, 0x00, 0x00, 0x00, 0x02, 0xEF,
  0xF8, 0x30, 0x00, 0x14, 0x8A, 0x00, 0x00, 0x00, 0x2C, 0xFF, 0xFF, 0xFF, 0xFF, 0xFD, 0x00, 0x00,
  0x00, 0x00, 0x49, 0xCE, 0xFE, 0xDB, 0x72, 0x00, 0x00, 0x00, 0x00, 0x0A, 0xFF, 0xFC, 0x00, 0x00,
  0x00, 0x00, 0x00, 0x0F, 0xFF, 0xFF, 0x20, 0x00, 0x00, 0x00, 0x00, 0x6F, 0xFC, 0xFF, 0x80, 0x00,
  0x00, 0x00, 0x00, 0xCF, 0xF3, 0xFF, 0xE0, 0x00, 0x00, 0x00, 0x01, 0xFF, 0xD0, 0xAF, 0xF4, 0x00,
  0x00, 0x00, 0x07, 0xFF, 0x80, 0x5F, 0xFA, 0x00, 0x00, 0x00, 0x0D, 0xFF, 0x20, 0x0E, 0xFF, 0x00,
  0x00, 0x00, 0x3F, 0xFD, 0x00, 0x09, 0xFF, 0x60, 0x00, 0x00, 0x9F, 0xFE, 0xCC, 0xCD, 0xFF, 0xC0,
  0x00, 0x00, 0xEF, 0xFF, 0xFF, 0xFF, 0xFF, 0xF2, 0x00, 0x05, 0xFF, 0xFF, 0xFF, 0xFF, 0xFF, 0xF8,
  0x00, 0x0B, 0xFF, 0x90, 0x00, 0x00, 0x6F, 0xFE, 0x00, 0x1F, 0xFF, 0x40, 0x00, 0x00, 0x1F, 0xFF,
  0x40, 0x7F, 0xFF, 0x00, 0x00, 0x00, 0x0D, 0xFF, 0xA0, 0xDF, 0xFB, 0x00, 0x00, 0x00, 0x08, 0xFF,
  0xF0, 0x0F, 0xFF, 0xFF, 0xFE, 0xC9, 0x30, 0x00, 0xFF, 0xFF, 0xFF, 0xFF, 0xFF, 0x70, 0x0F, 0xFF,
  0xB9, 0x9B, 0xFF, 0xFF, 0x10, 0xFF, 0xF4, 0x00, 0x05, 0xFF, 0xF2, 0x0F, 0xFF, 0x40, 0x00, 0x6F,
  0xFF, 0x10, 0xFF, 0xFB, 0x99, 0xBF, 0xFF, 0x80, 0x0F, 0xFF, 0xFF, 0xFF, 0xFF, 0x60, 0x00, 0xFF,
  0xFF, 0xFF, 0xFF, 0xFF, 0x80, 0x0F, 0xFF, 0x40, 0x02, 0xAF, 0xFF, 0x40, 0xFF, 0xF4, 0x00, 0x00,
  0xFF, 0xF8, 0x0F, 0xFF, 0x40, 0x00, 0x0E, 0xFF, 0x90, 0xFF, 0xF4, 0x00, 0x04, 0xFF, 0xF7, 0x0F,
  0xFF, 0xB9, 0x9B, 0xFF, 0xFF, 0x20, 0xFF, 0xFF, 0xFF, 0xFF, 0xFF, 0x50, 0x0F, 0xFF, 0xFF, 0xFF,
  0xD9, 0x20, 0x00, 0x00, 0x00, 0x6B, 0xDF, 0xFC, 0x83, 0x00, 0x02, 0xDF, 0xFF, 0xFF, 0xFF, 0xF1,
  0x02, 0xFF, 0xFF, 0xC9, 0xBE, 0xFA, 0x00, 0xCF, 0xFE, 0x30, 0x00, 0x05, 0x20, 0x2F, 0xFF, 0x60,
  0x00, 0x00, 0x00, 0x07, 0xFF, 0xF0, 0x00, 0x00, 0x00, 0x00, 0x9F, 0xFC, 0x00, 0x00, 0x00, 0x00,
  0x0B, 0xFF, 0xB0, 0x00, 0x00, 0x00, 0x00, 0xAF, 0xFC, 0x00, 0x00, 0x00, 0x00, 0x08, 0xFF, 0xE0,
  0x00, 0x00, 0x00, 0x00, 0x4F, 0xFF, 0x40, 0x00, 0x00, 0x00, 0x00, 0xEF, 0xFE, 0x20, 0x00, 0x01,
  0x20, 0x05, 0xFF, 0xFF, 0xB9, 0xAC, 0xFA, 0x00, 0x06, 0xFF, 0xFF, 0xFF, 0xFF, 0xA0, 0x00, 0x02,
  0x8C, 0xEF, 0xEC, 0x83, 0x00, 0x0F, 0xFF, 0xFF, 0xFD, 0xB6, 0x00, 0x00, 0x0F, 0xFF, 0xFF, 0xFF,
  0xFF, 0xE4, 0x00, 0x0F, 0xFF, 0xB9, 0xAC, 0xFF, 0xFF, 0x50, 0x0F, 0xFF, 0x40, 0x00, 0x2D, 0xFF,
  0xF1, 0x0F, 0xFF, 0x40, 0x00, 0x01, 0xFF, 0xF7, 0x0F, 0xFF, 0x40, 0x00, 0x00, 0xBF, 0xFC, 0x0F,
  0xFF, 0x40, 0x00, 0x00, 0x8F, 0xFE, 0x0F, 0xFF, 0x40, 0x00, 0x00, 0x7F, 0xFF, 0x0F, 0xFF, 0x40,
  0x00, 0x00, 0x8F, 0xFE, 0x0F, 0xFF, 0x40, 0x00, 0x00, 0xBF, 0xFC, 0x0F, 0xFF, 0x40, 0x00, 0x03,
  0xFF, 0xF7, 0x0F, 0xFF, 0x40, 0x00, 0x3E, 0xFF, 0xE1, 0x0F, 0xFF, 0xB9, 0xAD, 0xFF, 0xFF, 0x40,
  0x0F, 0xFF, 0xFF, 0xFF, 0xFF, 0xD4, 0x00, 0x0F, 0xFF, 0xFF, 0xED, 0xA5, 0x00, 0x00, 0x0F, 0xFF,
  0xFF, 0xFF, 0xFF, 0x00, 0xFF, 0xFF, 0xFF, 0xFF, 0xF0, 0x0F, 0xFF, 0xB9, 0x99, 0x99, 0x00, 0xFF,
  0xF4, 0x00, 0x00, 0x00, 0x0F, 0xFF, 0x40, 0x00, 0x00, 0x00, 0xFF, 0xFB, 0x99, 0x99, 0x50, 0x0F,
  0xFF, 0xFF, 0xFF, 0xFA, 0x00, 0xFF, 0xFF, 0xFF, 0xFF, 0xA0, 0x0F, 0xFF, 0x40, 0x00, 0x00, 0x00,
  0xFF, 0xF4, 0x00, 0x00, 0x00, 0x0F, 0xFF, 0x40, 0x00, 0x00, 0x00, 0xFF, 0xF4, 0x00, 0x00, 0x00,
  0x0F, 0xFF, 0xB9, 0x99, 0x99, 0x00, 0xFF, 0xFF, 0xFF, 0xFF, 0xF0, 0x0F, 0xFF, 0xFF, 0xFF, 0xFF,
  0x00, 0x0F, 0xFF, 0xFF, 0xFF, 0xFF, 0x0F, 0xFF, 0xFF, 0xFF, 0xFF, 0x0F, 0xFF, 0xB9, 0x99, 0x99,
  0x0F, 0xFF, 0x40, 0x00, 0x00, 0x0F, 0xFF, 0x40, 0x00, 0x00, 0x0F, 0xFF, 0x40, 0x00, 0x00, 0x0F,
  0xFF, 0xB9, 0x99, 0x95, 0x0F, 0xFF, 0xFF, 0xFF, 0xF9, 0x0F, 0xFF, 0xFF, 0xFF, 0xF9, 0x0F, 0xFF,
  0x40, 0x00, 0x00, 0x0F, 0xFF, 0x40, 0x00, 0x00, 0x0F, 0xFF, 0x40, 0x00, 0x00, 0x0F, 0xFF, 0x40,
  0x00, 0x00, 0x0F, 0xFF, 0x40, 0x00, 0x00, 0x0F, 0xFF, 0x40, 0x00, 0x00, 0x00, 0x00, 0x39, 0xCE,
  0xFE, 0xC9, 0x40, 0x00, 0x1B, 0xFF, 0xFF, 0xFF, 0xFF, 0xD0, 0x01, 0xEF, 0xFF, 0xFB, 0x9B, 0xDF,
  0x60, 0x0B, 0xFF, 0xF8, 0x00, 0x00, 0x02, 0x00, 0x2F, 0xFF, 0x90, 0x00, 0x00, 0x00, 0x00, 0x7F,
  0xFF, 0x10, 0x00, 0x00, 0x00, 0x00, 0x9F, 0xFC, 0x00, 0x1F, 0xFF, 0xFF, 0xF2, 0xBF, 0xFB, 0x00,
  0x1F, 0xFF, 0xFF, 0xF2, 0xAF, 0xFC, 0x00, 0x09, 0x9A, 0xFF, 0xF2, 0x8F, 0xFF, 0x00, 0x00, 0x01,
  0xFF, 0xF2, 0x4F, 0xFF, 0x50, 0x00, 0x01, 0xFF, 0xF2, 0x0D, 0xFF, 0xE3, 0x00, 0x01, 0xFF, 0xF2,
  0x04, 0xFF, 0xFF, 0xCA, 0xAC, 0xFF, 0xF2, 0x00, 0x5F, 0xFF, 0xFF, 0xFF, 0xFF, 0xF2, 0x00, 0x01,
  0x8C, 0xEF, 0xFE, 0xC9, 0x50, 0x0F, 0xFF, 0x40, 0x00, 0x00, 0x7F, 0xFD, 0x0F, 0xFF, 0x40, 0x00,
  0x00, 0x7F, 0xFD, 0x0F, 0xFF, 0x40, 0x00, 0x00, 0x7F, 0xFD, 0x0F, 0xFF, 0x40, 0x00, 0x00, 0x7F,
  0xFD, 0x0F, 0xFF, 0x40, 0x00, 0x00, 0x7F, 0xFD, 0x0F, 0xFF, 0xB9, 0x99, 0x99, 0xCF, 0xFD, 0x0F,
  0xFF, 0xFF, 0xFF, 0xFF, 0xFF, 0xFD, 0x0F, 0xFF, 0xFF, 0xFF, 0xFF, 0xFF, 0xFD, 0x0F, 0xFF, 0x40,
  0x00, 0x00, 0x7F, 0xFD, 0x0F, 0xFF, 0x40, 0x00, 0x00, 0x7F, 0xFD, 0x0F, 0xFF, 0x40, 0x00, 0x00,
  0x7F, 0xFD, 0x0F, 0xFF, 0x40, 0x00, 0x00, 0x7F, 0xFD, 0x0F, 0xFF, 0x40, 0x00, 0x00, 0x7F, 0xFD,
  0x0F, 0xFF, 0x40, 0x00, 0x00, 0x7F, 0xFD, 0x0F, 0xFF, 0x40, 0x00, 0x00, 0x7F, 0xFD, 0x4F, 0xFF,
  0xFF, 0xFD, 0x4F, 0xFF, 0xFF, 0xFD, 0x03, 0xBF, 0xFF, 0x70, 0x00, 0x6F, 0xFF, 0x00, 0x00, 0x6F,
  0xFF, 0x00, 0x00, 0x6F, 0xFF, 0x00, 0x00, 0x6F, 0xFF, 0x00, 0x00, 0x6F, 0xFF, 0x00, 0x00, 0x6F,
  0xFF, 0x00, 0x00, 0x6F, 0xFF, 0x00, 0x00, 0x6F, 0xFF, 0x00, 0x00, 0x6F, 0xFF, 0x00, 0x02, 0xBF,
  0xFF, 0x60, 0x4F, 0xFF, 0xFF, 0xFC, 0x4F, 0xFF, 0xFF, 0xFD, 0x00, 0x0F, 0xFF, 0x40, 0x00, 0xFF,
  0xF4, 0x00, 0x0F, 0xFF, 0x40, 0x00, 0xFF, 0xF4, 0x00, 0x0F, 0xFF, 0x40, 0x00, 0xFF, 0xF4, 0x00,
  0x0F, 0xFF, 0x40, 0x00, 0xFF, 0xF4, 0x00, 0x0F, 0xFF, 0x40, 0x00, 0xFF, 0xF4, 0x00, 0x0F, 0xFF,
  0x40, 0x00, 0xFF, 0xF4, 0x00, 0x0F, 0xFF, 0x40, 0x00, 0xFF, 0xF4, 0x00, 0x0F, 0xFF, 0x40, 0x01,
  0xFF, 0xF3, 0x00, 0x6F, 0xFF, 0x19, 0xBF, 0xFF, 0xB0, 0xFF, 0xFF, 0xE2, 0x0F, 0xFD, 0x91, 0x00,
  0x0F, 0xFF, 0x40, 0x00, 0x08, 0xFF, 0xF3, 0x0F, 0xFF, 0x40, 0x00, 0x5F, 0xFF, 0x50, 0x0F, 0xFF,
  0x40, 0x03, 0xFF, 0xF8, 0x00, 0x0F, 0xFF, 0x40, 0x1E, 0xFF, 0xA0, 0x00, 0x0F, 0xFF, 0x40, 0xDF,
  0xFD, 0x00, 0x00, 0x0F, 0xFF, 0x4A, 0xFF, 0xE2, 0x00, 0x00, 0x0F, 0xFF, 0xBF, 0xFF, 0x50, 0x00,
  0x00, 0x0F, 0xFF, 0xFF, 0xFF, 0xA0, 0x00, 0x00, 0x0F, 0xFF, 0xFE, 0xFF, 0xF4, 0x00, 0x00, 0x0F,
  0xFF, 0x90, 0xCF, 0xFE, 0x10, 0x00, 0x0F, 0xFF, 0x40, 0x2F, 0xFF, 0xA0, 0x00, 0x0F, 0xFF, 0x40,
  0x07, 0xFF, 0xF4, 0x00, 0x0F, 0xFF, 0x40, 0x00, 0xCF, 0xFE, 0x00, 0x0F, 0xFF, 0x40, 0x00, 0x2F,
  0xFF, 0x90, 0x0F, 0xFF, 0x40, 0x00, 0x08, 0xFF, 0xF4, 0x0F, 0xFF, 0x40, 0x00, 0x00, 0x00, 0xFF,
  0xF4, 0x00, 0x00, 0x00, 0x0F, 0xFF, 0x40, 0x00, 0x00, 0x00, 0xFF, 0xF4, 0x00, 0x00, 0x00, 0x0F,
  0xFF, 0x40, 0x00, 0x00, 0x00, 0xFF, 0xF4, 0x00, 0x00, 0x00, 0x0F, 0xFF, 0x40, 0x00, 0x00, 0x00,
  0xFF, 0xF4, 0x00, 0x00, 0x00, 0x0F, 0xFF, 0x40, 0x00, 0x00, 0x00, 0xFF, 0xF4, 0x00, 0x00, 0x00,
  0x0F, 0xFF, 0x40, 0x00, 0x00, 0x00, 0xFF, 0xF4, 0x00, 0x00, 0x00, 0x0F, 0xFF, 0xCB, 0xBB, 0xBB,
  0x70, 0xFF, 0xFF, 0xFF, 0xFF, 0xFB, 0x0F, 0xFF, 0xFF, 0xFF, 0xFF, 0xB0, 0x0F, 0xFF, 0xFA, 0x00,
  0x00, 0x00, 0x0E, 0xFF, 0xFC, 0x0F, 0xFF, 0xFF, 0x00, 0x00, 0x00, 0x4F, 0xFF, 0xFC, 0x0F, 0xFF,
  0xFF, 0x50, 0x00, 0x00, 0xAF, 0xFF, 0xFC, 0x0F, 0xFC, 0xEF, 0xA0, 0x00, 0x00, 0xFF, 0xDF, 0xFC,
  0x0F, 0xFD, 0x9F, 0xF0, 0x00, 0x05, 0xFF, 0x8F, 0xFC, 0x0F, 0xFE, 0x4F, 0xF4, 0x00, 0x0A, 0xFF,
  0x4F, 0xFC, 0x0F, 0xFE, 0x0F, 0xF9, 0x00, 0x0F, 0xFA, 0x5F, 0xFC, 0x0F, 0xFF, 0x0A, 0xFE, 0x00,
  0x5F, 0xF4, 0x5F, 0xFC, 0x0F, 0xFF, 0x05, 0xFF, 0x40, 0xBF, 0xE0, 0x5F, 0xFC, 0x0F, 0xFF, 0x01,
  0xFF, 0x90, 0xFF, 0x90, 0x5F, 0xFC, 0x0F, 0xFF, 0x00, 0xCF, 0xE6, 0xFF, 0x30, 0x5F, 0xFC, 0x0F,
  0xFF, 0x00, 0x7F, 0xFE, 0xFE, 0x00, 0x5F, 0xFC, 0x0F, 0xFF, 0x00, 0x2F, 0xFF, 0xF8, 0x00, 0x5F,
  0xFC, 0x0F, 0xFF, 0x00, 0x0D, 0xFF, 0xF3, 0x00, 0x5F, 0xFC, 0x0F, 0xFF, 0x00, 0x08, 0xFF, 0xD0,
  0x00, 0x5F, 0xFC, 0x0F, 0xFF, 0xF7, 0x00, 0x00, 0x01, 0xFF, 0xE0, 0xFF, 0xFF, 0xF2, 0x00, 0x00,
  0x1F, 0xFE, 0x0F, 0xFF, 0xFF, 0xB0, 0x00, 0x01, 0xFF, 0xE0, 0xFF, 0xFF, 0xFF, 0x40, 0x00, 0x1F,
  0xFE, 0x0F, 0xFC, 0xAF, 0xFD, 0x00, 0x01, 0xFF, 0xE0, 0xFF, 0xD1, 0xFF, 0xF8, 0x00, 0x1F, 0xFE,
  0x0F, 0xFE, 0x07, 0xFF, 0xF2, 0x01, 0xFF, 0xE0, 0xFF, 0xE0, 0x0D, 0xFF, 0xB0, 0x1F, 0xFE, 0x0F,
  0xFF, 0x00, 0x4F, 0xFF, 0x50, 0xFF, 0xE0, 0xFF, 0xF0, 0x00, 0xAF, 0xFE, 0x0F, 0xFE, 0x0F, 0xFF,
  0x00, 0x01, 0xFF, 0xF8, 0xFF, 0xE0, 0xFF, 0xF0, 0x00, 0x06, 0xFF, 0xFF, 0xFE, 0x0F, 0xFF, 0x00,
  0x00, 0x0D, 0xFF, 0xFF, 0xE0, 0xFF, 0xF0, 0x00, 0x00, 0x3F, 0xFF, 0xFE, 0x0F, 0xFF, 0x00, 0x00,
  0x00, 0x9F, 0xFF, 0xE0, 0x00, 0x01, 0x6B, 0xDF, 0xED, 0x93, 0x00, 0x00, 0x00, 0x4E, 0xFF, 0xFF,
  0xFF, 0xFF, 0xA0, 0x00, 0x03, 0xFF, 0xFF, 0xC9, 0xAE, 0xFF, 0xFB, 0x00, 0x0D, 0xFF, 0xE3, 0x00,
  0x00, 0x9F, 0xFF, 0x50, 0x3F, 0xFF, 0x70, 0x00, 0x00, 0x0E, 0xFF, 0xB0, 0x8F, 0xFF, 0x00, 0x00,
  0x00, 0x08, 0xFF, 0xF0, 0xAF, 0xFE, 0x00, 0x00, 0x00, 0x06, 0xFF, 0xF2, 0xBF, 0xFC, 0x00, 0x00,
  0x00, 0x04, 0xFF, 0xF3, 0xAF, 0xFE, 0x00, 0x00, 0x00, 0x06, 0xFF, 0xF2, 0x8F, 0xFF, 0x00, 0x00,
  0x00, 0x08, 0xFF, 0xF0, 0x3F, 0xFF, 0x70, 0x00, 0x00, 0x0E, 0xFF, 0xB0, 0x0D, 0xFF, 0xE3, 0x00,
  0x00, 0x9F, 0xFF, 0x50, 0x03, 0xFF, 0xFF, 0xC9, 0xAE, 0xFF, 0xFB, 0x00, 0x00, 0x4E, 0xFF, 0xFF,
  0xFF, 0xFF, 0xA0, 0x00, 0x00, 0x01, 0x6B, 0xEF, 0xED, 0x93, 0x00, 0x00, 0x0F, 0xFF, 0xFF, 0xFE,
  0xB5, 0x00, 0x0F, 0xFF, 0xFF, 0xFF, 0xFF, 0x90, 0x0F, 0xFF, 0xB9, 0xAE, 0xFF, 0xF5, 0x0F, 0xFF,
  0x40, 0x01, 0xEF, 0xFA, 0x0F, 0xFF, 0x40, 0x00, 0x9F, 0xFC, 0x0F, 0xFF, 0x40, 0x00, 0xBF, 0xFB,
  0x0F, 0xFF, 0x40, 0x28, 0xFF, 0xF7, 0x0F, 0xFF, 0xFF, 0xFF, 0xFF, 0xD1, 0x0F, 0xFF, 0xFF, 0xFF,
  0xFC, 0x20, 0x0F, 0xFF, 0xB9, 0x87, 0x20, 0x00, 0x0F, 0xFF, 0x40, 0x00, 0x00, 0x00, 0x0F, 0xFF,
  0x40, 0x00, 0x00, 0x00, 0x0F, 0xFF, 0x40, 0x00, 0x00, 0x00, 0x0F, 0xFF, 0x40, 0x00, 0x00, 0x00,
  0x0F, 0xFF, 0x40, 0x00, 0x00, 0x00, 0x00, 0x01, 0x6B, 0xDF, 0xED, 0x93, 0x00, 0x00, 0x00, 0x4E,
  0xFF, 0xFF, 0xFF, 0xFF, 0xA0, 0x00, 0x03, 0xFF, 0xFF, 0xC9, 0xAE, 0xFF, 0xFB, 0x00, 0x0D, 0xFF,
  0xE3, 0x00, 0x00, 0x9F, 0xFF, 0x50, 0x3F, 0xFF, 0x70, 0x00, 0x00, 0x0E, 0xFF, 0xB0, 0x8F, 0xFF,
  0x00, 0x00, 0x00, 0x08, 0xFF, 0xF0, 0xAF, 0xFE, 0x00, 0x00, 0x00, 0x06, 0xFF, 0xF2, 0xBF, 0xFC,
  0x00, 0x00, 0x00, 0x04, 0xFF, 0xF3, 0xAF, 0xFE, 0x00, 0x00, 0x00, 0x06, 0xFF, 0xF2, 0x8F, 0xFF,
  0x00, 0x00, 0x00, 0x08, 0xFF, 0xF0, 0x3F, 0xFF, 0x70, 0x00, 0x00, 0x0E, 0xFF, 0xB0, 0x0D, 0xFF,
  0xE3, 0x00, 0x00, 0x9F, 0xFF, 0x50, 0x03, 0xFF, 0xFF, 0xC9, 0xAE, 0xFF, 0xFC, 0x00, 0x00, 0x4E,
  0xFF, 0xFF, 0xFF, 0xFF, 0xB0, 0x00, 0x00, 0x01, 0x6B, 0xEF, 0xFF, 0xFA, 0x00, 0x00, 0x00, 0x00,
  0x00, 0x00, 0x9F, 0xFF, 0x60, 0x00, 0x00, 0x00, 0x00, 0x00, 0x0B, 0xFF, 0xF5, 0x00, 0x00, 0x00,
  0x00, 0x00, 0x01, 0xDF, 0xFF, 0x40, 0x00, 0x00, 0x00, 0x00, 0x00, 0x27, 0x77, 0x60, 0x0F, 0xFF,
  0xFF, 0xFD, 0xA5, 0x00, 0x00, 0x0F, 0xFF, 0xFF, 0xFF, 0xFF, 0xB0, 0x00, 0x0F, 0xFF, 0xB9, 0xBE,
  0xFF, 0xF6, 0x00, 0x0F, 0xFF, 0x40, 0x00, 0xDF, 0xFB, 0x00, 0x0F, 0xFF, 0x40, 0x00, 0x9F, 0xFC,
  0x00, 0x0F, 0xFF, 0x40, 0x01, 0xDF, 0xFA, 0x00, 0x0F, 0xFF, 0xB9, 0xBF, 0xFF, 0xF2, 0x00, 0x0F,
  0xFF, 0xFF, 0xFF, 0xFD, 0x30, 0x00, 0x0F, 0xFF, 0xFF, 0xFF, 0xF2, 0x00, 0x00, 0x0F, 0xFF, 0x40,
  0x9F, 0xFC, 0x00, 0x00, 0x0F, 0xFF, 0x40, 0x1E, 0xFF, 0x70, 0x00, 0x0F, 0xFF, 0x40, 0x05, 0xFF,
  0xF2, 0x00, 0x0F, 0xFF, 0x40, 0x00, 0xBF, 0xFC, 0x00, 0x0F, 0xFF, 0x40, 0x00, 0x2F, 0xFF, 0x70,
  0x0F, 0xFF, 0x40, 0x00, 0x07, 0xFF, 0xF3, 0x00, 0x6C, 0xEF, 0xFC, 0x83, 0x00, 0xCF, 0xFF, 0xFF,
  0xFF, 0xE0, 0x7F, 0xFF, 0xCA, 0xBE, 0xF8, 0x0B, 0xFF, 0x90, 0x00, 0x04, 0x10, 0xCF, 0xF9, 0x00,
  0x00, 0x00, 0x08, 0xFF, 0xF8, 0x10, 0x00, 0x00, 0x1D, 0xFF, 0xFF, 0x81, 0x00, 0x00, 0x1B, 0xFF,
  0xFF, 0xF7, 0x00, 0x00, 0x04, 0xBF, 0xFF, 0xF7, 0x00, 0x00, 0x00, 0x3D, 0xFF, 0xF0, 0x00, 0x00,
  0x00, 0x1F, 0xFF, 0x39, 0x40, 0x00, 0x03, 0xFF, 0xF2, 0xFF, 0xEB, 0x9A, 0xFF, 0xFD, 0x0F, 0xFF,
  0xFF, 0xFF, 0xFE, 0x20, 0x49, 0xDE, 0xFF, 0xC7, 0x10, 0x00, 0x9F, 0xFF, 0xFF, 0xFF, 0xFF, 0xFF,
  0x49, 0xFF, 0xFF, 0xFF, 0xFF, 0xFF, 0xF4, 0x59, 0x99, 0xBF, 0xFF, 0x99, 0x99, 0x20, 0x00, 0x04,
  0xFF, 0xF0, 0x00, 0x00, 0x00, 0x00, 0x4F, 0xFF, 0x00, 0x00, 0x00, 0x00, 0x04, 0xFF, 0xF0, 0x00,
  0x00, 0x00, 0x00, 0x4F, 0xFF, 0x00, 0x00, 0x00, 0x00, 0x04, 0xFF, 0xF0, 0x00, 0x00, 0x00, 0x00,
  0x4F, 0xFF, 0x00, 0x00, 0x00, 0x00, 0x04, 0xFF, 0xF0, 0x00, 0x00, 0x00, 0x00, 0x4F, 0xFF, 0x00,
  0x00, 0x00, 0x00, 0x04, 0xFF, 0xF0, 0x00, 0x00, 0x00, 0x00, 0x4F, 0xFF, 0x00, 0x00, 0x00, 0x00,
  0x04, 0xFF, 0xF0, 0x00, 0x00, 0x00, 0x00, 0x4F, 0xFF, 0x00, 0x00, 0x00, 0x2F, 0xFF, 0x30, 0x00,
  0x00, 0x9F, 0xFC, 0x2F, 0xFF, 0x30, 0x00, 0x00, 0x9F, 0xFC, 0x2F, 0xFF, 0x30, 0x00, 0x00, 0x9F,
  0xFC, 0x2F, 0xFF, 0x30, 0x00, 0x00, 0x9F, 0xFC, 0x2F, 0xFF, 0x30, 0x00, 0x00, 0x9F, 0xFC, 0x2F,
  0xFF, 0x30, 0x00, 0x00, 0x9F, 0xFC, 0x2F, 0xFF, 0x30, 0x00, 0x00, 0x9F, 0xFC, 0x2F, 0xFF, 0x30,
  0x00, 0x00, 0x9F, 0xFC, 0x2F, 0xFF, 0x30, 0x00, 0x00, 0x9F, 0xFC, 0x1F, 0xFF, 0x30, 0x00, 0x00,
  0xAF, 0xFC, 0x0F, 0xFF, 0x60, 0x00, 0x00, 0xDF, 0xFA, 0x0C, 0xFF, 0xE3, 0x00, 0x07, 0xFF, 0xF6,
  0x04, 0xFF, 0xFF, 0xDC, 0xEF, 0xFF, 0xD0, 0x00, 0x7F, 0xFF, 0xFF, 0xFF, 0xFD, 0x20, 0x00, 0x02,
  0x9D, 0xFF, 0xEB, 0x60, 0x00, 0xDF, 0xF8, 0x00, 0x00, 0x00, 0x3F, 0xFF, 0x17, 0xFF, 0xD0, 0x00,
  0x00, 0x09, 0xFF, 0xC0, 0x1F, 0xFF, 0x20, 0x00, 0x00, 0xEF, 0xF6, 0x00, 0xCF, 0xF8, 0x00, 0x00,
  0x3F, 0xFF, 0x10, 0x06, 0xFF, 0xD0, 0x00, 0x08, 0xFF, 0xB0, 0x00, 0x1F, 0xFF, 0x20, 0x00, 0xEF,
  0xF5, 0x00, 0x00, 0xBF, 0xF8, 0x00, 0x3F, 0xFF, 0x00, 0x00, 0x05, 0xFF, 0xD0, 0x08, 0xFF, 0x90,
  0x00, 0x00, 0x0F, 0xFF, 0x20, 0xEF, 0xF4, 0x00, 0x00, 0x00, 0xAF, 0xF7, 0x3F, 0xFE, 0x00, 0x00,
  0x00, 0x04, 0xFF, 0xB7, 0xFF, 0x80, 0x00, 0x00, 0x00, 0x0E, 0xFF, 0xBF, 0xF3, 0x00, 0x00, 0x00,
  0x00, 0x8F, 0xFF, 0xFD, 0x00, 0x00, 0x00, 0x00, 0x03, 0xFF, 0xFF, 0x70, 0x00, 0x00, 0x00, 0x00,
  0x0D, 0xFF, 0xF2, 0x00, 0x00, 0x00, 0xDF, 0xF6, 0x00, 0x00, 0x1F, 0xFF, 0x50, 0x00, 0x01, 0xFF,
  0xF2, 0x9F, 0xFA, 0x00, 0x00, 0x5F, 0xFF, 0x90, 0x00, 0x05, 0xFF, 0xE0, 0x5F, 0xFE, 0x00, 0x00,
  0x9F, 0xFF, 0xE0, 0x00, 0x09, 0xFF, 0x90, 0x1F, 0xFF, 0x20, 0x00, 0xEF, 0xFF, 0xF2, 0x00, 0x0D,
  0xFF, 0x50, 0x0C, 0xFF, 0x60, 0x02, 0xFF, 0xBF, 0xF6, 0x00, 0x1F, 0xFF, 0x10, 0x08, 0xFF, 0x90,
  0x06, 0xFF, 0x5F, 0xFB, 0x00, 0x5F, 0xFC, 0x00, 0x04, 0xFF, 0xD0, 0x0B, 0xFF, 0x1C, 0xFF, 0x00,
  0x9F, 0xF8, 0x00, 0x00, 0xFF, 0xF1, 0x0F, 0xFD, 0x08, 0xFF, 0x40, 0xDF, 0xF4, 0x00, 0x00, 0xBF,
  0xF5, 0x3F, 0xF8, 0x04, 0xFF, 0x81, 0xFF, 0xF0, 0x00, 0x00, 0x7F, 0xF9, 0x7F, 0xF4, 0x00, 0xFF,
  0xC4, 0xFF, 0xB0, 0x00, 0x00, 0x3F, 0xFC, 0xBF, 0xF0, 0x00, 0xBF, 0xF8, 0xFF, 0x70, 0x00, 0x00,
  0x0E, 0xFF, 0xDF, 0xB0, 0x00, 0x7F, 0xFC, 0xFF, 0x30, 0x00, 0x00, 0x0A, 0xFF, 0xFF, 0x70, 0x00,
  0x3F, 0xFF, 0xFE, 0x00, 0x00, 0x00, 0x06, 0xFF, 0xFF, 0x20, 0x00, 0x0E, 0xFF, 0xFA, 0x00, 0x00,
  0x00, 0x02, 0xFF, 0xFE, 0x00, 0x00, 0x0A, 0xFF, 0xF6, 0x00, 0x00, 0x5F, 0xFF, 0x40, 0x00, 0x00,
  0x9F, 0xFE, 0x10, 0xAF, 0xFE, 0x00, 0x00, 0x3F, 0xFF, 0x40, 0x01, 0xEF, 0xF8, 0x00, 0x0C, 0xFF,
  0xA0, 0x00, 0x05, 0xFF, 0xF3, 0x06, 0xFF, 0xE1, 0x00, 0x00, 0x0A, 0xFF, 0xC1, 0xEF, 0xF5, 0x00,
  0x00, 0x00, 0x1E, 0xFF, 0xDF, 0xFA, 0x00, 0x00, 0x00, 0x00, 0x5F, 0xFF, 0xFE, 0x10, 0x00, 0x00,
  0x00, 0x00, 0xEF, 0xFF, 0x80, 0x00, 0x00, 0x00, 0x00, 0x9F, 0xFF, 0xFF, 0x20, 0x00, 0x00, 0x00,
  0x4F, 0xFF, 0xCF, 0xFC, 0x00, 0x00, 0x00, 0x0E, 0xFF, 0x71, 0xFF, 0xF8, 0x00, 0x00, 0x0A, 0xFF,
  0xC0, 0x06, 0xFF, 0xF3, 0x00, 0x04, 0xFF, 0xF3, 0x00, 0x0B, 0xFF, 0xD0, 0x01, 0xEF, 0xF8, 0x00,
  0x00, 0x2F, 0xFF, 0x90, 0xAF, 0xFD, 0x00, 0x00, 0x00, 0x7F, 0xFF, 0x50, 0xBF, 0xFD, 0x00, 0x00,
  0x02, 0xFF, 0xF7, 0x2F, 0xFF, 0x50, 0x00, 0x09, 0xFF, 0xD0, 0x09, 0xFF, 0xD0, 0x00, 0x2F, 0xFF,
  0x50, 0x01, 0xFF, 0xF5, 0x00, 0xAF, 0xFB, 0x00, 0x00, 0x7F, 0xFD, 0x02, 0xFF, 0xF3, 0x00, 0x00,
  0x0E, 0xFF, 0x5A, 0xFF, 0x90, 0x00, 0x00, 0x05, 0xFF, 0xEF, 0xFF, 0x10, 0x00, 0x00, 0x00, 0xCF,
  0xFF, 0xF7, 0x00, 0x00, 0x00, 0x00, 0x3F, 0xFF, 0xD0, 0x00, 0x00, 0x00, 0x00, 0x0C, 0xFF, 0x80,
  0x00, 0x00, 0x00, 0x00, 0x0C, 0xFF, 0x80, 0x00, 0x00, 0x00, 0x00, 0x0C, 0xFF, 0x80, 0x00, 0x00,
  0x00, 0x00, 0x0C, 0xFF, 0x80, 0x00, 0x00, 0x00, 0x00, 0x0C, 0xFF, 0x80, 0x00, 0x00, 0x00, 0x00,
  0x0C, 0xFF, 0x80, 0x00, 0x00, 0x4F, 0xFF, 0xFF, 0xFF, 0xFF, 0xFF, 0x04, 0xFF, 0xFF, 0xFF, 0xFF,
  0xFF, 0xF0, 0x29, 0x99, 0x99, 0x9A, 0xFF, 0xFA, 0x00, 0x00, 0x00, 0x00, 0x9F, 0xFE, 0x10, 0x00,
  0x00, 0x00, 0x5F, 0xFF, 0x30, 0x00, 0x00, 0x00, 0x1E, 0xFF, 0x80, 0x00, 0x00, 0x00, 0x0C, 0xFF,
  0xC0, 0x00, 0x00, 0x00, 0x08, 0xFF, 0xE1, 0x00, 0x00, 0x00, 0x03, 0xFF, 0xF5, 0x00, 0x00, 0x00,
  0x01, 0xEF, 0xF9, 0x00, 0x00, 0x00, 0x00, 0xAF, 0xFD, 0x00, 0x00, 0x00, 0x00, 0x6F, 0xFF, 0x20,
  0x00, 0x00, 0x00, 0x2F, 0xFF, 0xD9, 0x99, 0x99, 0x99, 0x17, 0xFF, 0xFF, 0xFF, 0xFF, 0xFF, 0xF3,
  0x7F, 0xFF, 0xFF, 0xFF, 0xFF, 0xFF, 0x30, 0x7F, 0xFF, 0xFB, 0x7F, 0xFF, 0xFB, 0x7F, 0xFB, 0x96,
  0x7F, 0xF5, 0x00, 0x7F, 0xF5, 0x00, 0x7F, 0xF5, 0x00, 0x7F, 0xF5, 0x00, 0x7F, 0xF5, 0x00, 0x7F,
  0xF5, 0x00, 0x7F, 0xF5, 0x00, 0x7F, 0xF5, 0x00, 0x7F, 0xF5, 0x00, 0x7F, 0xF5, 0x00, 0x7F, 0xF5,
  0x00, 0x7F, 0xF5, 0x00, 0x7F, 0xF5, 0x00, 0x7F, 0xF5, 0x00, 0x7F, 0xFF, 0xFB, 0x7F, 0xFF, 0xFB,
  0x49, 0x99, 0x96, 0xAF, 0xF4, 0x00, 0x00, 0x04, 0xFF, 0xB0, 0x00, 0x00, 0x0E, 0xFF, 0x10, 0x00,
  0x00, 0x8F, 0xF7, 0x00, 0x00, 0x02, 0xFF, 0xD0, 0x00, 0x00, 0x0B, 0xFF, 0x40, 0x00, 0x00, 0x5F,
  0xFA, 0x00, 0x00, 0x00, 0xEF, 0xF1, 0x00, 0x00, 0x08, 0xFF, 0x60, 0x00, 0x00, 0x2F, 0xFC, 0x00,
  0x00, 0x00, 0xCF, 0xF3, 0x00, 0x00, 0x06, 0xFF, 0x90, 0x00, 0x00, 0x0F, 0xFF, 0x00, 0x00, 0x00,
  0x9F, 0xF5, 0x00, 0x00, 0x03, 0xFF, 0xC0, 0x7F, 0xFF, 0xFB, 0x7F, 0xFF, 0xFB, 0x49, 0x9F, 0xFB,
  0x00, 0x0F, 0xFB, 0x00, 0x0F, 0xFB, 0x00, 0x0F, 0xFB, 0x00, 0x0F, 0xFB, 0x00, 0x0F, 0xFB, 0x00,
  0x0F, 0xFB, 0x00, 0x0F, 0xFB, 0x00, 0x0F, 0xFB, 0x00, 0x0F, 0xFB, 0x00, 0x0F, 0xFB, 0x00, 0x0F,
  0xFB, 0x00, 0x0F, 0xFB, 0x00, 0x0F, 0xFB, 0x00, 0x0F, 0xFB, 0x7F, 0xFF, 0xFB, 0x7F, 0xFF, 0xFB,
  0x49, 0x99, 0x96, 0x00, 0x00, 0x1F, 0xF1, 0x00, 0x00, 0x00, 0x00, 0x07, 0xFF, 0x80, 0x00, 0x00,
  0x00, 0x00, 0xEF, 0xFF, 0x10, 0x00, 0x00, 0x00, 0x6F, 0xED, 0xF9, 0x00, 0x00, 0x00, 0x0E, 0xF7,
  0x4F, 0xF2, 0x00, 0x00, 0x06, 0xFF, 0x10, 0xCF, 0xA0, 0x00, 0x00, 0xDF, 0x90, 0x04, 0xFF, 0x30,
  0x00, 0x5F, 0xF2, 0x00, 0x0C, 0xFB, 0x00, 0x0C, 0xFB, 0x00, 0x00, 0x4F, 0xF4, 0x04, 0xFF, 0x40,
  0x00, 0x00, 0xCF, 0xC0, 0x0F, 0xFF, 0xFF, 0xFF, 0xFF, 0x10, 0x22, 0x22, 0x22, 0x22, 0x20, 0x07,
  0x88, 0x50, 0x00, 0x05, 0xFF, 0xF4, 0x00, 0x00, 0x3E, 0xFE, 0x20, 0x00, 0x01, 0xBF, 0xD0, 0x00,
  0x06, 0xBE, 0xFF, 0xC7, 0x00, 0x00, 0xCF, 0xFF, 0xFF, 0xFF, 0xC0, 0x00, 0x5F, 0xEB, 0xAD, 0xFF,
  0xF5, 0x00, 0x04, 0x00, 0x00, 0xDF, 0xF9, 0x00, 0x00, 0x00, 0x00, 0xAF, 0xFA, 0x00, 0x4A, 0xDF,
  0xFF, 0xFF, 0xFA, 0x06, 0xFF, 0xFF, 0xED, 0xFF, 0xFA, 0x0E, 0xFF, 0xA1, 0x00, 0xAF, 0xFA, 0x0F,
  0xFF, 0x50, 0x01, 0xEF, 0xFA, 0x0F, 0xFF, 0xEA, 0xAF, 0xFF, 0xFA, 0x08, 0xFF, 0xFF, 0xFF, 0x6F,
  0xFA, 0x00, 0x6D, 0xFE, 0xB3, 0x0D, 0xFA, 0x4F, 0xFF, 0x00, 0x00, 0x00, 0x00, 0x4F, 0xFF, 0x00,
  0x00, 0x00, 0x00, 0x4F, 0xFF, 0x00, 0x00, 0x00, 0x00, 0x4F, 0xFF, 0x00, 0x00, 0x00, 0x00, 0x4F,
  0xFF, 0x08, 0xEF, 0xD7, 0x00, 0x4F, 0xFE, 0xCF, 0xFF, 0xFF, 0x90, 0x4F, 0xFF, 0xFC, 0xAE, 0xFF,
  0xF4, 0x4F, 0xFF, 0x80, 0x01, 0xFF, 0xFA, 0x4F, 0xFF, 0x20, 0x00, 0x9F, 0xFD, 0x4F, 0xFF, 0x00,
  0x00, 0x7F, 0xFE, 0x4F, 0xFF, 0x00, 0x00, 0x7F, 0xFE, 0x4F, 0xFF, 0x20, 0x00, 0x9F, 0xFD, 0x4F,
  0xFF, 0x90, 0x01, 0xFF, 0xF9, 0x4F, 0xFF, 0xFC, 0xAE, 0xFF, 0xF3, 0x4F, 0xFF, 0xFF, 0xFF, 0xFF,
  0x90, 0x4F, 0xF7, 0x5C, 0xFF, 0xD6, 0x00, 0x00, 0x29, 0xDF, 0xFD, 0x92, 0x05, 0xFF, 0xFF, 0xFF,
  0xF5, 0x2F, 0xFF, 0xEA, 0xBE, 0xE0, 0x9F, 0xFE, 0x10, 0x00, 0x20, 0xDF, 0xF8, 0x00, 0x00, 0x00,
  0xFF, 0xF6, 0x00, 0x00, 0x00, 0xFF, 0xF6, 0x00, 0x00, 0x00, 0xEF, 0xF8, 0x00, 0x00, 0x00, 0xBF,
  0xFE, 0x10, 0x00, 0x32, 0x4F, 0xFF, 0xEA, 0xAD, 0xF4, 0x09, 0xFF, 0xFF, 0xFF, 0xF4, 0x00, 0x4B,
  0xEF, 0xFD, 0x70, 0x00, 0x00, 0x00, 0x01, 0xFF, 0xF3, 0x00, 0x00, 0x00, 0x01, 0xFF, 0xF3, 0x00,
  0x00, 0x00, 0x01, 0xFF, 0xF3, 0x00, 0x00, 0x00, 0x00, 0xFF, 0xF3, 0x00, 0x7D, 0xFE, 0x91, 0xFF,
  0xF3, 0x0A, 0xFF, 0xFF, 0xFD, 0xEF, 0xF3, 0x5F, 0xFF, 0xEA, 0xCF, 0xFF, 0xF3, 0xBF, 0xFE, 0x10,
  0x07, 0xFF, 0xF3, 0xEF, 0xF8, 0x00, 0x00, 0xFF, 0xF3, 0xFF, 0xF5, 0x00, 0x00, 0xEF, 0xF3, 0xFF,
  0xF5, 0x00, 0x00, 0xDF, 0xF3, 0xEF, 0xF8, 0x00, 0x00, 0xFF, 0xF3, 0xBF, 0xFE, 0x10, 0x06, 0xFF,
  0xF3, 0x5F, 0xFF, 0xEA, 0xBF, 0xFF, 0xF3, 0x0B, 0xFF, 0xFF, 0xFB, 0xDF, 0xF3, 0x00, 0x7D, 0xFE,
  0x80, 0x7F, 0xF3, 0x00, 0x29, 0xDF, 0xEB, 0x50, 0x00, 0x05, 0xFF, 0xFF, 0xFF, 0xFA, 0x00, 0x2F,
  0xFF, 0xDA, 0xBF, 0xFF, 0x60, 0x9F, 0xFB, 0x00, 0x05, 0xFF, 0xC0, 0xDF, 0xFC, 0x99, 0x99, 0xFF,
  0xF0, 0xFF, 0xFF, 0xFF, 0xFF, 0xFF, 0xF0, 0xFF, 0xFF, 0xFF, 0xFF, 0xFF, 0xF1, 0xDF, 0xF6, 0x00,
  0x00, 0x00, 0x00, 0x9F, 0xFD, 0x10, 0x00, 0x01, 0x10, 0x2F, 0xFF, 0xFB, 0x9B, 0xDF, 0x60, 0x04,
  0xFF, 0xFF, 0xFF, 0xFF, 0x60, 0x00, 0x18, 0xDF, 0xFE, 0xC6, 0x00, 0x00, 0x05, 0xCE, 0xFE, 0xC3,
  0x00, 0x4F, 0xFF, 0xFF, 0xF2, 0x00, 0xAF, 0xFF, 0xAA, 0xA0, 0x00, 0xBF, 0xF8, 0x00, 0x00, 0x19,
  0xFF, 0xFF, 0xFF, 0x50, 0x9F, 0xFF, 0xFF, 0xFF, 0x50, 0x59, 0xEF, 0xFC, 0x99, 0x30, 0x00, 0xCF,
  0xF8, 0x00, 0x00, 0x00, 0xCF, 0xF8, 0x00, 0x00, 0x00, 0xCF, 0xF8, 0x00, 0x00, 0x00, 0xCF, 0xF8,
  0x00, 0x00, 0x00, 0xCF, 0xF8, 0x00, 0x00, 0x00, 0xCF, 0xF8, 0x00, 0x00, 0x00, 0xCF, 0xF8, 0x00,
  0x00, 0x00, 0xCF, 0xF8, 0x00, 0x00, 0x00, 0xCF, 0xF8, 0x00, 0x00, 0x00, 0x7D, 0xFE, 0x91, 0xAF,
  0xF3, 0x0A, 0xFF, 0xFF, 0xFD, 0xDF, 0xF3, 0x4F, 0xFF, 0xEA, 0xCF, 0xFF, 0xF3, 0xAF, 0xFE, 0x10,
  0x06, 0xFF, 0xF3, 0xEF, 0xF8, 0x00, 0x00, 0xFF, 0xF3, 0xFF, 0xF6, 0x00, 0x00, 0xDF, 0xF3, 0xFF,
  0xF5, 0x00, 0x00, 0xDF, 0xF3, 0xEF, 0xF8, 0x00, 0x00, 0xFF, 0xF3, 0xBF, 0xFE, 0x10, 0x05, 0xFF,
  0xF3, 0x5F, 0xFF, 0xEA, 0xBF, 0xFF, 0xF3, 0x0B, 0xFF, 0xFF, 0xFB, 0xFF, 0xF3, 0x00, 0x8D, 0xFE,
  0x81, 0xFF, 0xF3, 0x00, 0x00, 0x00, 0x02, 0xFF, 0xF2, 0x13, 0x00, 0x00, 0x09, 0xFF, 0xF0, 0x4F,
  0xEC, 0xAA, 0xCF, 0xFF, 0x90, 0x4F, 0xFF, 0xFF, 0xFF, 0xFC, 0x00, 0x17, 0xCE, 0xFF, 0xEB, 0x60,
  0x00, 0x4F, 0xFF, 0x00, 0x00, 0x00, 0x00, 0x4F, 0xFF, 0x00, 0x00, 0x00, 0x00, 0x4F, 0xFF, 0x00,
  0x00, 0x00, 0x00, 0x4F, 0xFF, 0x00, 0x00, 0x00, 0x00, 0x4F, 0xFF, 0x08, 0xEF, 0xEA, 0x10, 0x4F,
  0xFE, 0xCF, 0xFF, 0xFF, 0xE1, 0x4F, 0xFF, 0xFD, 0xAD, 0xFF, 0xF8, 0x4F, 0xFF, 0xB0, 0x00, 0xDF,
  0xFB, 0x4F, 0xFF, 0x30, 0x00, 0x8F, 0xFC, 0x4F, 0xFF, 0x10, 0x00, 0x7F, 0xFC, 0x4F, 0xFF, 0x00,
  0x00, 0x7F, 0xFC, 0x4F, 0xFF, 0x00, 0x00, 0x7F, 0xFC, 0x4F, 0xFF, 0x00, 0x00, 0x7F, 0xFC, 0x4F,
  0xFF, 0x00, 0x00, 0x7F, 0xFC, 0x4F, 0xFF, 0x00, 0x00, 0x7F, 0xFC, 0x4F, 0xFF, 0x00, 0x00, 0x7F,
  0xFC, 0x2D, 0xFB, 0x05, 0xFF, 0xF1, 0x07, 0x94, 0x00, 0x00, 0x00, 0x4F, 0xFF, 0x04, 0xFF, 0xF0,
  0x4F, 0xFF, 0x04, 0xFF, 0xF0, 0x4F, 0xFF, 0x04, 0xFF, 0xF0, 0x4F, 0xFF, 0x04, 0xFF, 0xF0, 0x4F,
  0xFF, 0x04, 0xFF, 0xF0, 0x4F, 0xFF, 0x04, 0xFF, 0xF0, 0x00, 0x2D, 0xFB, 0x00, 0x05, 0xFF, 0xF1,
  0x00, 0x07, 0x94, 0x00, 0x00, 0x00, 0x00, 0x00, 0x4F, 0xFF, 0x00, 0x04, 0xFF, 0xF0, 0x00, 0x4F,
  0xFF, 0x00, 0x04, 0xFF, 0xF0, 0x00, 0x4F, 0xFF, 0x00, 0x04, 0xFF, 0xF0, 0x00, 0x4F, 0xFF, 0x00,
  0x04, 0xFF, 0xF0, 0x00, 0x4F, 0xFF, 0x00, 0x04, 0xFF, 0xF0, 0x00, 0x4F, 0xFF, 0x00, 0x04, 0xFF,
  0xF0, 0x00, 0x4F, 0xFF, 0x00, 0x07, 0xFF, 0xF0, 0xAA, 0xFF, 0xFC, 0x0F, 0xFF, 0xFF, 0x40, 0xEF,
  0xEB, 0x40, 0x00, 0x4F, 0xFF, 0x00, 0x00, 0x00, 0x00, 0x04, 0xFF, 0xF0, 0x00, 0x00, 0x00, 0x00,
  0x4F, 0xFF, 0x00, 0x00, 0x00, 0x00, 0x04, 0xFF, 0xF0, 0x00, 0x00, 0x00, 0x00, 0x4F, 0xFF, 0x00,
  0x00, 0xCF, 0xFD, 0x14, 0xFF, 0xF0, 0x00, 0xBF, 0xFE, 0x10, 0x4F, 0xFF, 0x00, 0xAF, 0xFE, 0x20,
  0x04, 0xFF, 0xF0, 0x8F, 0xFF, 0x30, 0x00, 0x4F, 0xFE, 0x6F, 0xFF, 0x40, 0x00, 0x04, 0xFF, 0xEF,
  0xFF, 0xC0, 0x00, 0x00, 0x4F, 0xFF, 0xFF, 0xFF, 0x80, 0x00, 0x04, 0xFF, 0xFD, 0x7F, 0xFF, 0x40,
  0x00, 0x4F, 0xFF, 0x00, 0xAF, 0xFE, 0x10, 0x04, 0xFF, 0xF0, 0x00, 0xDF, 0xFC, 0x00, 0x4F, 0xFF,
  0x00, 0x03, 0xFF, 0xF8, 0x04, 0xFF, 0xF0, 0x00, 0x07, 0xFF, 0xF4, 0x4F, 0xFF, 0x4F, 0xFF, 0x4F,
  0xFF, 0x4F, 0xFF, 0x4F, 0xFF, 0x4F, 0xFF, 0x4F, 0xFF, 0x4F, 0xFF, 0x4F, 0xFF, 0x4F, 0xFF, 0x4F,
  0xFF, 0x4F, 0xFF, 0x4F, 0xFF, 0x4F, 0xFF, 0x4F, 0xFF, 0x4F, 0xFF, 0x4F, 0xF5, 0x08, 0xEF, 0xD8,
  0x00, 0x4C, 0xFF, 0xB4, 0x04, 0xFF, 0x8C, 0xFF, 0xFF, 0xFA, 0x5F, 0xFF, 0xFF, 0xF4, 0x4F, 0xFF,
  0xFC, 0xAE, 0xFF, 0xFF, 0xEA, 0xCF, 0xFF, 0xB4, 0xFF, 0xFA, 0x00, 0x2F, 0xFF, 0xF2, 0x00, 0xAF,
  0xFE, 0x4F, 0xFF, 0x30, 0x00, 0xDF, 0xFA, 0x00, 0x06, 0xFF, 0xF4, 0xFF, 0xF1, 0x00, 0x0C, 0xFF,
  0x80, 0x00, 0x5F, 0xFF, 0x4F, 0xFF, 0x00, 0x00, 0xCF, 0xF7, 0x00, 0x05, 0xFF, 0xF4, 0xFF, 0xF0,
  0x00, 0x0C, 0xFF, 0x70, 0x00, 0x5F, 0xFF, 0x4F, 0xFF, 0x00, 0x00, 0xCF, 0xF7, 0x00, 0x05, 0xFF,
  0xF4, 0xFF, 0xF0, 0x00, 0x0C, 0xFF, 0x70, 0x00, 0x5F, 0xFF, 0x4F, 0xFF, 0x00, 0x00, 0xCF, 0xF7,
  0x00, 0x05, 0xFF, 0xF4, 0xFF, 0xF0, 0x00, 0x0C, 0xFF, 0x70, 0x00, 0x5F, 0xFF, 0x4F, 0xF5, 0x19,
  0xEF, 0xEA, 0x10, 0x4F, 0xFA, 0xDF, 0xFF, 0xFF, 0xE1, 0x4F, 0xFF, 0xFD, 0xAD, 0xFF, 0xF8, 0x4F,
  0xFF, 0xB0, 0x00, 0xDF, 0xFB, 0x4F, 0xFF, 0x30, 0x00, 0x8F, 0xFC, 0x4F, 0xFF, 0x10, 0x00, 0x7F,
  0xFC, 0x4F, 0xFF, 0x00, 0x00, 0x7F, 0xFC, 0x4F, 0xFF, 0x00, 0x00, 0x7F, 0xFC, 0x4F, 0xFF, 0x00,
  0x00, 0x7F, 0xFC, 0x4F, 0xFF, 0x00, 0x00, 0x7F, 0xFC, 0x4F, 0xFF, 0x00, 0x00, 0x7F, 0xFC, 0x4F,
  0xFF, 0x00, 0x00, 0x7F, 0xFC, 0x00, 0x29, 0xDF, 0xEC, 0x60, 0x00, 0x05, 0xFF, 0xFF, 0xFF, 0xFC,
  0x10, 0x2F, 0xFF, 0xEA, 0xBF, 0xFF, 0xA0, 0x9F, 0xFE, 0x10, 0x05, 0xFF, 0xF2, 0xEF, 0xF8, 0x00,
  0x00, 0xEF, 0xF7, 0xFF, 0xF5, 0x00, 0x00, 0xCF, 0xF9, 0xFF, 0xF6, 0x00, 0x00, 0xCF, 0xF9, 0xDF,
  0xF8, 0x00, 0x00, 0xEF, 0xF7, 0x8F, 0xFE, 0x10, 0x05, 0xFF, 0xF3, 0x2F, 0xFF, 0xEA, 0xBF, 0xFF,
  0xB0, 0x04, 0xFF, 0xFF, 0xFF, 0xFD, 0x10, 0x00, 0x29, 0xDF, 0xFC, 0x70, 0x00, 0x4F, 0xF8, 0x08,
  0xEF, 0xD7, 0x00, 0x4F, 0xFC, 0xBF, 0xFF, 0xFF, 0x90, 0x4F, 0xFF, 0xFC, 0xAE, 0xFF, 0xF4, 0x4F,
  0xFF, 0x80, 0x01, 0xEF, 0xFA, 0x4F, 0xFF, 0x20, 0x00, 0x9F, 0xFD, 0x4F, 0xFF, 0x00, 0x00, 0x7F,
  0xFE, 0x4F, 0xFF, 0x00, 0x00, 0x7F, 0xFE, 0x4F, 0xFF, 0x20, 0x00, 0x9F, 0xFD, 0x4F, 0xFF, 0x90,
  0x01, 0xEF, 0xF9, 0x4F, 0xFF, 0xFC, 0xAE, 0xFF, 0xF3, 0x4F, 0xFE, 0xEF, 0xFF, 0xFF, 0x90, 0x4F,
  0xFE, 0x1A, 0xEF, 0xD6, 0x00, 0x4F, 0xFF, 0x00, 0x00, 0x00, 0x00, 0x4F, 0xFF, 0x00, 0x00, 0x00,
  0x00, 0x4F, 0xFF, 0x00, 0x00, 0x00, 0x00, 0x4F, 0xFF, 0x00, 0x00, 0x00, 0x00, 0x4F, 0xFF, 0x00,
  0x00, 0x00, 0x00, 0x00, 0x7D, 0xFE, 0x91, 0xAF, 0xF3, 0x0A, 0xFF, 0xFF, 0xFD, 0xDF, 0xF3, 0x5F,
  0xFF, 0xEA, 0xCF, 0xFF, 0xF3, 0xBF, 0xFE, 0x10, 0x07, 0xFF, 0xF3, 0xEF, 0xF8, 0x00, 0x00, 0xFF,
  0xF3, 0xFF, 0xF6, 0x00, 0x00, 0xEF, 0xF3, 0xFF, 0xF5, 0x00, 0x00, 0xDF, 0xF3, 0xEF, 0xF8, 0x00,
  0x00, 0xFF, 0xF3, 0xBF, 0xFE, 0x10, 0x06, 0xFF, 0xF3, 0x5F, 0xFF, 0xEA, 0xBF, 0xFF, 0xF3, 0x0B,
  0xFF, 0xFF, 0xFB, 0xFF, 0xF3, 0x00, 0x7D, 0xFE, 0x80, 0xFF, 0xF3, 0x00, 0x00, 0x00, 0x01, 0xFF,
  0xF3, 0x00, 0x00, 0x00, 0x01, 0xFF, 0xF3, 0x00, 0x00, 0x00, 0x01, 0xFF, 0xF3, 0x00, 0x00, 0x00,
  0x01, 0xFF, 0xF3, 0x00, 0x00, 0x00, 0x01, 0xFF, 0xF3, 0x4F, 0xF5, 0x08, 0xDF, 0x74, 0xFF, 0xAC,
  0xFF, 0xF6, 0x4F, 0xFF, 0xFF, 0xB9, 0x34, 0xFF, 0xFC, 0x10, 0x00, 0x4F, 0xFF, 0x30, 0x00, 0x04,
  0xFF, 0xF0, 0x00, 0x00, 0x4F, 0xFF, 0x00, 0x00, 0x04, 0xFF, 0xF0, 0x00, 0x00, 0x4F, 0xFF, 0x00,
  0x00, 0x04, 0xFF, 0xF0, 0x00, 0x00, 0x4F, 0xFF, 0x00, 0x00, 0x04, 0xFF, 0xF0, 0x00, 0x00, 0x04,
  0xAE, 0xFE, 0xC8, 0x20, 0x7F, 0xFF, 0xFF, 0xFF, 0xC0, 0xEF, 0xFD, 0x9B, 0xEF, 0x50, 0xFF, 0xF5,
  0x00, 0x03, 0x00, 0xBF, 0xFF, 0x92, 0x00, 0x00, 0x1C, 0xFF, 0xFF, 0xB3, 0x00, 0x00, 0x5C, 0xFF,
  0xFF, 0x60, 0x00, 0x00, 0x3C, 0xFF, 0xE0, 0x50, 0x00, 0x03, 0xFF, 0xF1, 0xFF, 0xCA, 0xAE, 0xFF,
  0xE0, 0xFF, 0xFF, 0xFF, 0xFF, 0x60, 0x6B, 0xEF, 0xFE, 0xA4, 0x00, 0x00, 0x06, 0x82, 0x00, 0x00,
  0x01, 0xFF, 0x50, 0x00, 0x00, 0x7F, 0xF5, 0x00, 0x00, 0x7F, 0xFF, 0xFF, 0xFB, 0x7F, 0xFF, 0xFF,
  0xFF, 0xB4, 0x9F, 0xFF, 0xB9, 0x96, 0x00, 0xFF, 0xF5, 0x00, 0x00, 0x0F, 0xFF, 0x50, 0x00, 0x00,
  0xFF, 0xF5, 0x00, 0x00, 0x0F, 0xFF, 0x50, 0x00, 0x00, 0xFF, 0xF5, 0x00, 0x00, 0x0E, 0xFF, 0x60,
  0x00, 0x00, 0xCF, 0xFF, 0x9A, 0xA0, 0x06, 0xFF, 0xFF, 0xFD, 0x00, 0x06, 0xDF, 0xFD, 0x70, 0x5F,
  0xFE, 0x00, 0x00, 0x8F, 0xFB, 0x5F, 0xFE, 0x00, 0x00, 0x8F, 0xFB, 0x5F, 0xFE, 0x00, 0x00, 0x8F,
  0xFB, 0x5F, 0xFE, 0x00, 0x00, 0x8F, 0xFB, 0x5F, 0xFE, 0x00, 0x00, 0x8F, 0xFB, 0x5F, 0xFE, 0x00,
  0x00, 0x8F, 0xFB, 0x5F, 0xFE, 0x00, 0x00, 0x9F, 0xFB, 0x5F, 0xFF, 0x00, 0x00, 0xBF, 0xFB, 0x4F,
  0xFF, 0x30, 0x01, 0xFF, 0xFB, 0x1F, 0xFF, 0xD6, 0x7D, 0xFF, 0xFB, 0x09, 0xFF, 0xFF, 0xFF, 0xBF,
  0xFB, 0x00, 0x6D, 0xFF, 0xC6, 0x0E, 0xFB, 0xCF, 0xF9, 0x00, 0x00, 0x1F, 0xFF, 0x56, 0xFF, 0xE0,
  0x00, 0x06, 0xFF, 0xE0, 0x1F, 0xFF, 0x40, 0x00, 0xCF, 0xF8, 0x00, 0xAF, 0xF9, 0x00, 0x1F, 0xFF,
  0x20, 0x04, 0xFF, 0xE0, 0x06, 0xFF, 0xC0, 0x00, 0x0E, 0xFF, 0x40, 0xCF, 0xF6, 0x00, 0x00, 0x8F,
  0xF9, 0x1F, 0xFF, 0x10, 0x00, 0x02, 0xFF, 0xE6, 0xFF, 0xA0, 0x00, 0x00, 0x0C, 0xFF, 0xBF, 0xF4,
  0x00, 0x00, 0x00, 0x6F, 0xFF, 0xFE, 0x00, 0x00, 0x00, 0x00, 0xFF, 0xFF, 0x80, 0x00, 0x00, 0x00,
  0x09, 0xFF, 0xF2, 0x00, 0x00, 0xAF, 0xF9, 0x00, 0x07, 0xFF, 0xF5, 0x00, 0x0B, 0xFF, 0x75, 0xFF,
  0xD0, 0x00, 0xCF, 0xFF, 0x90, 0x00, 0xFF, 0xF2, 0x1F, 0xFF, 0x10, 0x0F, 0xFE, 0xFD, 0x00, 0x4F,
  0xFE, 0x00, 0xCF, 0xF6, 0x04, 0xFF, 0x7F, 0xF1, 0x08, 0xFF, 0x90, 0x08, 0xFF, 0xA0, 0x8F, 0xE1,
  0xFF, 0x50, 0xDF, 0xF5, 0x00, 0x3F, 0xFE, 0x0C, 0xFA, 0x0D, 0xF9, 0x1F, 0xFF, 0x00, 0x00, 0xEF,
  0xF2, 0xFF, 0x60, 0xAF, 0xC4, 0xFF, 0xB0, 0x00, 0x0A, 0xFF, 0x6F, 0xF3, 0x06, 0xFF, 0x7F, 0xF7,
  0x00, 0x00, 0x5F, 0xFB, 0xFF, 0x00, 0x2F, 0xFB, 0xFF, 0x20, 0x00, 0x01, 0xFF, 0xFF, 0xB0, 0x00,
  0xFF, 0xFF, 0xD0, 0x00, 0x00, 0x0C, 0xFF, 0xF8, 0x00, 0x0B, 0xFF, 0xF9, 0x00, 0x00, 0x00, 0x8F,
  0xFF, 0x40, 0x00, 0x8F, 0xFF, 0x40, 0x00, 0x5F, 0xFF, 0x50, 0x00, 0x9F, 0xFF, 0x20, 0xBF, 0xFE,
  0x00, 0x3F, 0xFF, 0x60, 0x01, 0xEF, 0xF8, 0x0C, 0xFF, 0xC0, 0x00, 0x06, 0xFF, 0xF9, 0xFF, 0xF2,
  0x00, 0x00, 0x0B, 0xFF, 0xFF, 0xF6, 0x00, 0x00, 0x00, 0x1F, 0xFF, 0xFC, 0x00, 0x00, 0x00, 0x03,
  0xFF, 0xFF, 0xE0, 0x00, 0x00, 0x00, 0xDF, 0xFF, 0xFF, 0x90, 0x00, 0x00, 0x9F, 0xFE, 0x5F, 0xFF,
  0x40, 0x00, 0x3F, 0xFF, 0x50, 0xAF, 0xFE, 0x00, 0x0D, 0xFF, 0xC0, 0x01, 0xFF, 0xF9, 0x08, 0xFF,
  0xF2, 0x00, 0x06, 0xFF, 0xF4, 0xCF, 0xFC, 0x00, 0x00, 0x2F, 0xFF, 0x56, 0xFF, 0xF1, 0x00, 0x08,
  0xFF, 0xE0, 0x0F, 0xFF, 0x70, 0x00, 0xDF, 0xF8, 0x00, 0x9F, 0xFC, 0x00, 0x2F, 0xFF, 0x20, 0x02,
  0xFF, 0xF2, 0x08, 0xFF, 0xC0, 0x00, 0x0C, 0xFF, 0x70, 0xDF, 0xF6, 0x00, 0x00, 0x5F, 0xFC, 0x2F,
  0xFF, 0x10, 0x00, 0x00, 0xEF, 0xF8, 0xFF, 0xA0, 0x00, 0x00, 0x08, 0xFF, 0xEF, 0xF4, 0x00, 0x00,
  0x00, 0x2F, 0xFF, 0xFE, 0x00, 0x00, 0x00, 0x00, 0xBF, 0xFF, 0x80, 0x00, 0x00, 0x00, 0x05, 0xFF,
  0xF2, 0x00, 0x00, 0x00, 0x00, 0x8F, 0xFC, 0x00, 0x00, 0x00, 0x00, 0x2F, 0xFF, 0x50, 0x00, 0x00,
  0x29, 0xAF, 0xFF, 0xD0, 0x00, 0x00, 0x04, 0xFF, 0xFF, 0xE2, 0x00, 0x00, 0x00, 0x3F, 0xFD, 0x81,
  0x00, 0x00, 0x00, 0x00, 0x1F, 0xFF, 0xFF, 0xFF, 0xFE, 0x01, 0xFF, 0xFF, 0xFF, 0xFF, 0xE0, 0x09,
  0x99, 0x99, 0xFF, 0xFA, 0x00, 0x00, 0x00, 0x8F, 0xFD, 0x00, 0x00, 0x00, 0x4F, 0xFF, 0x30, 0x00,
  0x00, 0x1E, 0xFF, 0x60, 0x00, 0x00, 0x0C, 0xFF, 0xA0, 0x00, 0x00, 0x08, 0xFF, 0xD0, 0x00, 0x00,
  0x04, 0xFF, 0xF2, 0x00, 0x00, 0x01, 0xEF, 0xFD, 0x99, 0x99, 0x90, 0x6F, 0xFF, 0xFF, 0xFF, 0xFF,
  0x16, 0xFF, 0xFF, 0xFF, 0xFF, 0xF1, 0x00, 0x00, 0x8C, 0xEC, 0x00, 0x09, 0xFF, 0xFC, 0x00, 0x0D,
  0xFF, 0xD7, 0x00, 0x0E, 0xFF, 0x10, 0x00, 0x0E, 0xFE, 0x00, 0x00, 0x0E, 0xFE, 0x00, 0x00, 0x0F,
  0xFE, 0x00, 0x00, 0x4F, 0xFE, 0x00, 0x6B, 0xFF, 0xF8, 0x00, 0xAF, 0xFD, 0x50, 0x00, 0xAF, 0xFF,
  0xE4, 0x00, 0x02, 0x9F, 0xFD, 0x00, 0x00, 0x0F, 0xFE, 0x00, 0x00, 0x0E, 0xFE, 0x00, 0x00, 0x0E,
  0xFE, 0x00, 0x00, 0x0E, 0xFF, 0x00, 0x00, 0x0E, 0xFF, 0xD7, 0x00, 0x09, 0xFF, 0xFC, 0x00, 0x00,
  0x8D, 0xFC, 0x1F, 0xF3, 0x1F, 0xF3, 0x1F, 0xF3, 0x1F, 0xF3, 0x1F, 0xF3, 0x1F, 0xF3, 0x1F, 0xF3,
  0x1F, 0xF3, 0x1F, 0xF3, 0x1F, 0xF3, 0x1F, 0xF3, 0x1F, 0xF3, 0x1F, 0xF3, 0x1F, 0xF3, 0x1F, 0xF3,
  0x1F, 0xF3, 0x1F, 0xF3, 0x1F, 0xF3, 0x1F, 0xF3, 0x1F, 0xF3, 0x1F, 0xF3, 0x1F, 0xEB, 0x50, 0x00,
  0x02, 0xFF, 0xFF, 0x30, 0x00, 0x1A, 0xFF, 0xF8, 0x00, 0x00, 0x06, 0xFF, 0x90, 0x00, 0x00, 0x4F,
  0xF9, 0x00, 0x00, 0x04, 0xFF, 0x90, 0x00, 0x00, 0x4F, 0xF9, 0x00, 0x00, 0x03, 0xFF, 0xD0, 0x00,
  0x00, 0x0D, 0xFF, 0xEA, 0x30, 0x00, 0x07, 0xFF, 0xF5, 0x00, 0x08, 0xFF, 0xFF, 0x50, 0x02, 0xFF,
  0xF6, 0x10, 0x00, 0x4F, 0xFA, 0x00, 0x00, 0x04, 0xFF, 0x90, 0x00, 0x00, 0x4F, 0xF9, 0x00, 0x00,
  0x05, 0xFF, 0x90, 0x00, 0x1A, 0xFF, 0xF8, 0x00, 0x02, 0xFF, 0xFF, 0x40, 0x00, 0x1F, 0xEB, 0x50,
  0x00, 0x00, 0x01, 0x68, 0x86, 0x10, 0x00, 0x04, 0x0E, 0xFF, 0xFF, 0xFD, 0xAA, 0xE9, 0x0F, 0xFF,
  0xFF, 0xFF, 0xFF, 0xF9, 0x0B, 0x30, 0x15, 0xAE, 0xFE, 0xA2, 0x3D, 0xE6, 0xAF, 0xFF, 0xAF, 0xFF,
  0x3D, 0xF6, 0x00, 0x00, 0x00, 0x00, 0x3F, 0xF7, 0x4F, 0xF8, 0x5F, 0xF8, 0x6F, 0xF9, 0x7F, 0xFA,
  0x8F, 0xFB, 0x9F, 0xFC, 0x9F, 0xFD, 0xAF, 0xFE, 0xBF, 0xFF, 0x00, 0x00, 0x0F, 0xF0, 0x00, 0x00,
  0x00, 0x03, 0xFF, 0x53, 0x00, 0x00, 0x5E, 0xFF, 0xFF, 0xFE, 0x00, 0x6F, 0xFF, 0xFF, 0xFF, 0xA0,
  0x0F, 0xFF, 0xD3, 0x02, 0x73, 0x04, 0xFF, 0xF3, 0x00, 0x00, 0x00, 0x6F, 0xFF, 0x00, 0x00, 0x00,
  0x06, 0xFF, 0xE0, 0x00, 0x00, 0x00, 0x5F, 0xFF, 0x00, 0x00, 0x00, 0x02, 0xFF, 0xF8, 0x00, 0x00,
  0x20, 0x0C, 0xFF, 0xFC, 0x9A, 0xEC, 0x00, 0x2E, 0xFF, 0xFF, 0xFF, 0xC0, 0x00, 0x18, 0xCF, 0xFE,
  0xC5, 0x00, 0x00, 0x00, 0xFF, 0x00, 0x00, 0x00, 0x00, 0x0F, 0xF0, 0x00, 0x00, 0x00, 0x00, 0x4B,
  0xEF, 0xEC, 0x82, 0x00, 0x00, 0x7F, 0xFF, 0xFF, 0xFF, 0x60, 0x00, 0x0F, 0xFF, 0xEA, 0xAD, 0xE0,
  0x00, 0x02, 0xFF, 0xF2, 0x00, 0x00, 0x00, 0x00, 0x3F, 0xFF, 0x00, 0x00, 0x00, 0x00, 0x9A, 0xFF,
  0xF9, 0x99, 0x90, 0x00, 0x1F, 0xFF, 0xFF, 0xFF, 0xFF, 0x10, 0x01, 0xFF, 0xFF, 0xFF, 0xFF, 0xF1,
  0x00, 0x00, 0x3F, 0xFF, 0x00, 0x00, 0x00, 0x00, 0x03, 0xFF, 0xF0, 0x00, 0x00, 0x00, 0x00, 0x4F,
  0xFE, 0x00, 0x00, 0x00, 0x00, 0x0B, 0xFF, 0x60, 0x00, 0x00, 0x00, 0x0C, 0xFF, 0xE9, 0x99, 0x99,
  0x99, 0x12, 0xFF, 0xFF, 0xFF, 0xFF, 0xFF, 0xF2, 0x2F, 0xFF, 0xFF, 0xFF, 0xFF, 0xFF, 0x20, 0x06,
  0x20, 0x00, 0x00, 0x72, 0x06, 0xFE, 0x8D, 0xFB, 0x8F, 0xD1, 0x5F, 0xFF, 0xFF, 0xFF, 0xFC, 0x00,
  0x9F, 0xFC, 0xAE, 0xFF, 0x20, 0x0C, 0xF9, 0x00, 0x1E, 0xF5, 0x00, 0xEF, 0x40, 0x00, 0xBF, 0x70,
  0x0C, 0xF9, 0x00, 0x1E, 0xF5, 0x00, 0x9F, 0xFC, 0xAE, 0xFF, 0x20, 0x4F, 0xFF, 0xFF, 0xFF, 0xFC,
  0x05, 0xFE, 0x8E, 0xFB, 0x9F, 0xD1, 0x06, 0x20, 0x00, 0x00, 0x71, 0x00, 0xAF, 0xFA, 0x00, 0x00,
  0x1F, 0xFF, 0x31, 0xFF, 0xF1, 0x00, 0x08, 0xFF, 0x90, 0x08, 0xFF, 0x80, 0x00, 0xFF, 0xF1, 0x00,
  0x0E, 0xFE, 0x00, 0x6F, 0xF7, 0x00, 0x00, 0x6F, 0xF6, 0x0D, 0xFD, 0x00, 0x00, 0x00, 0xCF, 0xD5,
  0xFF, 0x40, 0x00, 0x00, 0x03, 0xFF, 0xEF, 0xB0, 0x00, 0x00, 0x0D, 0xEF, 0xFF, 0xFE, 0xE6, 0x00,
  0x00, 0xFF, 0xFF, 0xFF, 0xFF, 0x70, 0x00, 0x00, 0x04, 0xFF, 0xD0, 0x00, 0x00, 0x00, 0x00, 0x4F,
  0xFD, 0x00, 0x00, 0x00, 0x0F, 0xFF, 0xFF, 0xFF, 0xF7, 0x00, 0x00, 0xDE, 0xEF, 0xFF, 0xEE, 0x60,
  0x00, 0x00, 0x04, 0xFF, 0xD0, 0x00, 0x00, 0x00, 0x00, 0x4F, 0xFD, 0x00, 0x00, 0x00, 0x1F, 0xF3,
  0x1F, 0xF3, 0x1F, 0xF3, 0x1F, 0xF3, 0x1F, 0xF3, 0x1F, 0xF3, 0x1F, 0xF3, 0x1F, 0xF3, 0x1F, 0xF3,
  0x00, 0x00, 0x00, 0x00, 0x00, 0x00, 0x1F, 0xF3, 0x1F, 0xF3, 0x1F, 0xF3, 0x1F, 0xF3, 0x1F, 0xF3,
  0x1F, 0xF3, 0x1F, 0xF3, 0x1F, 0xF3, 0x1F, 0xF3, 0x02, 0x9D, 0xFE, 0xC7, 0x13, 0xFF, 0xFF, 0xFF,
  0xF4, 0xAF, 0xF2, 0x01, 0x6A, 0x09, 0xFF, 0x40, 0x00, 0x00, 0x3F, 0xFF, 0xB5, 0x00, 0x00, 0x9F,
  0xFF, 0xFD, 0x30, 0x5F, 0xF6, 0x8F, 0xFF, 0x2A, 0xFC, 0x00, 0x2F, 0xF8, 0x9F, 0xF4, 0x00, 0xEF,
  0x82, 0xEF, 0xFB, 0x9F, 0xF3, 0x01, 0xAF, 0xFF, 0xF8, 0x00, 0x00, 0x17, 0xEF, 0xF4, 0x00, 0x00,
  0x02, 0xFF, 0x9A, 0x72, 0x00, 0x6F, 0xF7, 0xDF, 0xFF, 0xFF, 0xFD, 0x14, 0xAD, 0xFE, 0xC7, 0x10,
  0x48, 0x40, 0x18, 0x70, 0xFF, 0xF0, 0x9F, 0xF4, 0xAF, 0x90, 0x5F, 0xD1, 0x00, 0x00, 0x28, 0xCE,
  0xFD, 0x94, 0x00, 0x00, 0x00, 0x00, 0x8F, 0xC6, 0x43, 0x5A, 0xFB, 0x10, 0x00, 0x00, 0xAF, 0x40,
  0x00, 0x00, 0x02, 0xDE, 0x10, 0x00, 0x8F, 0x30, 0x06, 0xBC, 0xB6, 0x01, 0xEC, 0x00, 0x1F, 0x70,
  0x0B, 0xFF, 0xFF, 0xF1, 0x04, 0xF6, 0x07, 0xF1, 0x06, 0xFD, 0x30, 0x25, 0x00, 0x0C, 0xC0, 0xCC,
  0x00, 0xCF, 0x30, 0x00, 0x00, 0x00, 0x8F, 0x0D, 0xA0, 0x0E, 0xF0, 0x00, 0x00, 0x00, 0x05, 0xF2,
  0xE9, 0x00, 0xFE, 0x00, 0x00, 0x00, 0x00, 0x5F, 0x2C, 0xB0, 0x0D, 0xF1, 0x00, 0x00, 0x00, 0x07,
  0xF1, 0x9F, 0x00, 0x8F, 0xB0, 0x00, 0x20, 0x00, 0xBD, 0x03, 0xF5, 0x01, 0xEF, 0xFE, 0xFE, 0x00,
  0x2F, 0x80, 0x0B, 0xE1, 0x01, 0x9E, 0xFD, 0x70, 0x0C, 0xE1, 0x00, 0x1E, 0xD2, 0x00, 0x00, 0x00,
  0x1B, 0xF4, 0x00, 0x00, 0x1C, 0xF8, 0x31, 0x02, 0x7E, 0xE4, 0x00, 0x00, 0x00, 0x05, 0xCF, 0xFF,
  0xFD, 0x70, 0x00, 0x00, 0x00, 0x00, 0x00, 0x01, 0x20, 0x00, 0x00, 0x00, 0x00, 0x05, 0xBE, 0xFD,
  0x50, 0x0C, 0xEB, 0xBF, 0xF2, 0x01, 0x00, 0x0B, 0xF6, 0x06, 0xCE, 0xFF, 0xF7, 0x4F, 0xFB, 0x9D,
  0xF7, 0x7F, 0xD0, 0x3E, 0xF7, 0x2F, 0xFF, 0xFB, 0xF7, 0x02, 0x89, 0x40, 0x94, 0x00, 0x00, 0x9B,
  0x20, 0x03, 0xD6, 0x00, 0x00, 0x6F, 0xFE, 0x01, 0xEF, 0xF5, 0x00, 0x3F, 0xFF, 0x30, 0xCF, 0xFA,
  0x00, 0x1E, 0xFF, 0x60, 0x9F, 0xFC, 0x00, 0x0C, 0xFF, 0x90, 0x6F, 0xFE, 0x10, 0x00, 0xCF, 0xFA,
  0x05, 0xFF, 0xE2, 0x00, 0x01, 0xEF, 0xF7, 0x09, 0xFF, 0xD0, 0x00, 0x03, 0xFF, 0xF4, 0x0B, 0xFF,
  0xA0, 0x00, 0x05, 0xFF, 0xE0, 0x1D, 0xFF, 0x50, 0x00, 0x08, 0xA2, 0x00, 0x2C, 0x50, 0x09, 0x99,
  0x99, 0x99, 0x99, 0x95, 0x0F, 0xFF, 0xFF, 0xFF, 0xFF, 0xF9, 0x0F, 0xFF, 0xFF, 0xFF, 0xFF, 0xF9,
  0x00, 0x00, 0x00, 0x00, 0x0B, 0xF9, 0x00, 0x00, 0x00, 0x00, 0x0B, 0xF9, 0x00, 0x00, 0x00, 0x00,
  0x0B, 0xF9, 0x00, 0x00, 0x00, 0x00, 0x0B, 0xF9, 0x39, 0x99, 0x99, 0x45, 0xFF, 0xFF, 0xF6, 0x5F,
  0xFF, 0xFF, 0x60, 0x00, 0x00, 0x28, 0xCE, 0xFD, 0x94, 0x00, 0x00, 0x00, 0x00, 0x8F, 0xC6, 0x43,
  0x5A, 0xFB, 0x10, 0x00, 0x00, 0xAF, 0x40, 0x00, 0x00, 0x02, 0xDE, 0x10, 0x00, 0x8F, 0x30, 0xDD,
  0xDC, 0x92, 0x01, 0xEC, 0x00, 0x1F, 0x70, 0x0F, 0xFF, 0xFF, 0xE1, 0x04, 0xF6, 0x07, 0xF1, 0x00,
  0xFD, 0x01, 0xBF, 0x50, 0x0C, 0xC0, 0xCC, 0x00, 0x0F, 0xD0, 0x06, 0xF6, 0x00, 0x8F, 0x0D, 0xA0,
  0x00, 0xFD, 0x01, 0xCF, 0x10, 0x05, 0xF2, 0xE9, 0x00, 0x0F, 0xFF, 0xFE, 0x30, 0x00, 0x5F, 0x2C,
  0xB0, 0x00, 0xFD, 0x2A, 0xF2, 0x00, 0x07, 0xF1, 0x9F, 0x00, 0x0F, 0xD0, 0x2F, 0xC0, 0x00, 0xBD,
  0x03, 0xF5, 0x00, 0xFD, 0x00, 0x9F, 0x50, 0x2F, 0x80, 0x0B, 0xE1, 0x0F, 0xD0, 0x01, 0xFE, 0x1C,
  0xE1, 0x00, 0x1E, 0xD2, 0x11, 0x00, 0x00, 0x2B, 0xF4, 0x00, 0x00, 0x1C, 0xF8, 0x31, 0x02, 0x7E,
  0xE4, 0x00, 0x00, 0x00, 0x05, 0xCF, 0xFF, 0xFD, 0x70, 0x00, 0x00, 0x00, 0x00, 0x00, 0x01, 0x20,
  0x00, 0x00, 0x00, 0x00, 0x09, 0x99, 0x99, 0x99, 0x99, 0x99, 0x01, 0xFF, 0xFF, 0xFF, 0xFF, 0xFF,
  0xF1, 0x1F, 0xFF, 0xFF, 0xFF, 0xFF, 0xFF, 0x10, 0x00, 0x06, 0x87, 0x20, 0x00, 0x2D, 0xFF, 0xFF,
  0x60, 0x0B, 0xFF, 0xFF, 0xFF, 0x20, 0xFF, 0x70, 0x2E, 0xF7, 0x1F, 0xF2, 0x00, 0xBF, 0x70, 0xEF,
  0xEA, 0xCF, 0xF4, 0x06, 0xFF, 0xFF, 0xFC, 0x00, 0x05, 0xCF, 0xE9, 0x00, 0x00, 0x00, 0x0E, 0xF7,
  0x00, 0x00, 0x00, 0x00, 0x0E, 0xF7, 0x00, 0x00, 0x00, 0x00, 0x0E, 0xF7, 0x00, 0x00, 0x09, 0x99,
  0x9F, 0xFC, 0x99, 0x95, 0x0F, 0xFF, 0xFF, 0xFF, 0xFF, 0xF9, 0x0F, 0xFF, 0xFF, 0xFF, 0xFF, 0xF9,
  0x00, 0x00, 0x0E, 0xF7, 0x00, 0x00, 0x00, 0x00, 0x0E, 0xF7, 0x00, 0x00, 0x00, 0x00, 0x0E, 0xF7,
  0x00, 0x00, 0x00, 0x00, 0x0E, 0xF7, 0x00, 0x00, 0x09, 0x99, 0x99, 0x99, 0x99, 0x95, 0x0F, 0xFF,
  0xFF, 0xFF, 0xFF, 0xF9, 0x0F, 0xFF, 0xFF, 0xFF, 0xFF, 0xF9, 0x03, 0xBF, 0xFB, 0x20, 0x3F, 0xFF,
  0xFF, 0xE0, 0x0B, 0xB4, 0xAF, 0xF3, 0x00, 0x00, 0x6F, 0xF2, 0x00, 0x00, 0xDF, 0xC0, 0x00, 0x0C,
  0xFE, 0x20, 0x00, 0xBF, 0xE3, 0x00, 0x0B, 0xFF, 0x63, 0x31, 0x6F, 0xFF, 0xFF, 0xF8, 0x6F, 0xFF,
  0xFF, 0xF8, 0x03, 0xBF, 0xEA, 0x20, 0x1F, 0xFF, 0xFF, 0xD0, 0x08, 0x84, 0x8F, 0xF1, 0x00, 0x00,
  0x6F, 0xE0, 0x00, 0xEF, 0xFC, 0x30, 0x00, 0xEF, 0xFE, 0x70, 0x00, 0x33, 0x6F, 0xF4, 0x49, 0x53,
  0x6F, 0xF6, 0x5F, 0xFF, 0xFF, 0xF2, 0x18, 0xDF, 0xFB, 0x30, 0x00, 0x06, 0x88, 0x70, 0x00, 0x5F,
  0xFF, 0x40, 0x02, 0xFF, 0xD2, 0x00, 0x0D, 0xFA, 0x10, 0x00, 0x4F, 0xFF, 0x00, 0x00, 0x7F, 0xFC,
  0x4F, 0xFF, 0x00, 0x00, 0x7F, 0xFC, 0x4F, 0xFF, 0x00, 0x00, 0x7F, 0xFC, 0x4F, 0xFF, 0x00, 0x00,
  0x7F, 0xFC, 0x4F, 0xFF, 0x00, 0x00, 0x7F, 0xFC, 0x4F, 0xFF, 0x00, 0x00, 0x7F, 0xFC, 0x4F, 0xFF,
  0x00, 0x00, 0x8F, 0xFC, 0x4F, 0xFF, 0x10, 0x00, 0xBF, 0xFC, 0x4F, 0xFF, 0x60, 0x03, 0xFF, 0xFC,
  0x4F, 0xFF, 0xFA, 0xBF, 0xFF, 0xFC, 0x4F, 0xFF, 0xFF, 0xFF, 0xAF, 0xFC, 0x4F, 0xFE, 0x8E, 0xF9,
  0x0D, 0xFC, 0x4F, 0xFF, 0x00, 0x00, 0x00, 0x00, 0x4F, 0xFF, 0x00, 0x00, 0x00, 0x00, 0x4F, 0xFF,
  0x00, 0x00, 0x00, 0x00, 0x4F, 0xFF, 0x00, 0x00, 0x00, 0x00, 0x4F, 0xFF, 0x00, 0x00, 0x00, 0x00,
  0x00, 0x6C, 0xFF, 0xFF, 0xFF, 0xF8, 0x0A, 0xFF, 0xFF, 0xFF, 0xFF, 0xF8, 0x3F, 0xFF, 0xFF, 0xFF,
  0x9A, 0xF8, 0x9F, 0xFF, 0xFF, 0xFF, 0x03, 0xF8, 0xBF, 0xFF, 0xFF, 0xFF, 0x03, 0xF8, 0xCF, 0xFF,
  0xFF, 0xFF, 0x03, 0xF8, 0xBF, 0xFF, 0xFF, 0xFF, 0x03, 0xF8, 0xAF, 0xFF, 0xFF, 0xFF, 0x03, 0xF8,
  0x5F, 0xFF, 0xFF, 0xFF, 0x03, 0xF8, 0x0D, 0xFF, 0xFF, 0xFF, 0x03, 0xF8, 0x01, 0xAF, 0xFF, 0xFF,
  0x03, 0xF8, 0x00, 0x00, 0x21, 0xBF, 0x03, 0xF8, 0x00, 0x00, 0x00, 0xBF, 0x03, 0xF8, 0x00, 0x00,
  0x00, 0xBF, 0x03, 0xF8, 0x00, 0x00, 0x00, 0xBF, 0x03, 0xF8, 0x00, 0x00, 0x00, 0xBF, 0x03, 0xF8,
  0x00, 0x00, 0x00, 0xBF, 0x03, 0xF8, 0x00, 0x00, 0x00, 0xBF, 0x03, 0xF8, 0x00, 0x00, 0x00, 0xBF,
  0x03, 0xF8, 0x00, 0x00, 0x00, 0x69, 0x01, 0x95, 0x5E, 0xF8, 0xBF, 0xFF, 0x5E, 0xF8, 0x04, 0xFE,
  0x10, 0x07, 0xEF, 0xE2, 0x00, 0x3F, 0xF6, 0x5D, 0xEF, 0xF4, 0x5F, 0xFE, 0x70, 0x00, 0x7F, 0xF4,
  0x1B, 0xFF, 0xF4, 0xBF, 0xCF, 0xF4, 0x27, 0x4F, 0xF4, 0x00, 0x4F, 0xF4, 0x00, 0x4F, 0xF4, 0x00,
  0x4F, 0xF4, 0x00, 0x4F, 0xF4, 0x00, 0x4F, 0xF4, 0x00, 0x9D, 0xFC, 0x40, 0x0B, 0xFD, 0xAF, 0xF4,
  0x2F, 0xF0, 0x08, 0xFB, 0x5F, 0xD0, 0x05, 0xFE, 0x5F, 0xD0, 0x05, 0xFC, 0x1F, 0xF4, 0x1B, 0xF9,
  0x06, 0xFF, 0xFF, 0xD1, 0x00, 0x27, 0x86, 0x00, 0x02, 0xAA, 0x00, 0x06, 0xD2, 0x00, 0x00, 0xDF,
  0xF7, 0x06, 0xFF, 0xD1, 0x00, 0x02, 0xFF, 0xF5, 0x0A, 0xFF, 0xB0, 0x00, 0x04, 0xFF, 0xF2, 0x0D,
  0xFF, 0x80, 0x00, 0x08, 0xFF, 0xD1, 0x2E, 0xFF, 0x50, 0x00, 0x8F, 0xFD, 0x02, 0xFF, 0xF5, 0x00,
  0x5F, 0xFF, 0x20, 0xDF, 0xF8, 0x00, 0x3F, 0xFF, 0x40, 0xBF, 0xFB, 0x00, 0x0D, 0xFF, 0x70, 0x6F,
  0xFD, 0x00, 0x00, 0x19, 0x90, 0x00, 0x5C, 0x20, 0x00, 0x00, 0x2C, 0xFC, 0x00, 0x00, 0x02, 0xFF,
  0x60, 0x00, 0x00, 0x5F, 0xFF, 0xC0, 0x00, 0x00, 0xBF, 0xD0, 0x00, 0x00, 0x3F, 0xED, 0xFC, 0x00,
  0x00, 0x5F, 0xF4, 0x00, 0x00, 0x00, 0x72, 0xCF, 0xC0, 0x00, 0x0D, 0xFA, 0x00, 0x00, 0x00, 0x00,
  0x0C, 0xFC, 0x00, 0x07, 0xFF, 0x20, 0x00, 0x00, 0x00, 0x00, 0xCF, 0xC0, 0x01, 0xFF, 0x80, 0x00,
  0x00, 0x00, 0x00, 0x0C, 0xFC, 0x00, 0xAF, 0xE0, 0x02, 0xFF, 0xB0, 0x00, 0x00, 0xCF, 0xC0, 0x3F,
  0xF5, 0x00, 0xCF, 0xFB, 0x00, 0x00, 0x0C, 0xFC, 0x0C, 0xFC, 0x00, 0x7F, 0xEF, 0xB0, 0x00, 0x00,
  0x00, 0x05, 0xFF, 0x30, 0x3F, 0x9C, 0xFB, 0x00, 0x00, 0x00, 0x00, 0xEF, 0x90, 0x0D, 0xE1, 0xDF,
  0xB0, 0x00, 0x00, 0x00, 0x8F, 0xF1, 0x08, 0xF5, 0x0D, 0xFB, 0x00, 0x00, 0x00, 0x2F, 0xF7, 0x00,
  0xFF, 0xFF, 0xFF, 0xFF, 0x10, 0x00, 0x0B, 0xFD, 0x00, 0x0B, 0xCC, 0xCF, 0xFE, 0xC0, 0x00, 0x04,
  0xFF, 0x40, 0x00, 0x00, 0x00, 0xDF, 0xB0, 0x00, 0x00, 0x2C, 0xFC, 0x00, 0x00, 0x02, 0xFF, 0x60,
  0x00, 0x00, 0x4E, 0xFF, 0xC0, 0x00, 0x00, 0xBF, 0xD0, 0x00, 0x00, 0x4F, 0xFD, 0xFC, 0x00, 0x00,
  0x5F, 0xF4, 0x00, 0x00, 0x00, 0x83, 0xCF, 0xC0, 0x00, 0x0D, 0xFA, 0x00, 0x00, 0x00, 0x00, 0x0C,
  0xFC, 0x00, 0x07, 0xFF, 0x20, 0x00, 0x00, 0x00, 0x00, 0xCF, 0xC0, 0x01, 0xFF, 0x80, 0x00, 0x00,
  0x00, 0x00, 0x0C, 0xFC, 0x00, 0xAF, 0xE0, 0x5D, 0xFF, 0xC3, 0x00, 0x00, 0xCF, 0xC0, 0x3F, 0xF5,
  0x5F, 0xFF, 0xFF, 0xF0, 0x00, 0x0C, 0xFC, 0x0C, 0xFC, 0x00, 0x75, 0x09, 0xFF, 0x10, 0x00, 0x00,
  0x05, 0xFF, 0x30, 0x00, 0x00, 0xBF, 0xC0, 0x00, 0x00, 0x00, 0xEF, 0x90, 0x00, 0x00, 0xAF, 0xD1,
  0x00, 0x00, 0x00, 0x8F, 0xF1, 0x00, 0x01, 0xCF, 0xB1, 0x00, 0x00, 0x00, 0x2F, 0xF7, 0x00, 0x03,
  0xEF, 0xF9, 0x99, 0x40, 0x00, 0x0B, 0xFD, 0x00, 0x00, 0x8F, 0xFF, 0xFF, 0xF7, 0x00, 0x04, 0xFF,
  0x40, 0x00, 0x08, 0xFF, 0xFF, 0xFF, 0x70, 0x00, 0x6A, 0xB9, 0x20, 0x00, 0x00, 0x3C, 0xC3, 0x00,
  0x00, 0xCF, 0xFF, 0xFE, 0x20, 0x00, 0x0C, 0xFC, 0x00, 0x00, 0x03, 0x92, 0x1E, 0xF6, 0x00, 0x05,
  0xFF, 0x30, 0x00, 0x00, 0x00, 0x01, 0xFF, 0x40, 0x00, 0xDF, 0xA0, 0x00, 0x00, 0x00, 0x7D, 0xFE,
  0x70, 0x00, 0x7F, 0xF2, 0x00, 0x00, 0x00, 0x09, 0xFF, 0xFA, 0x10, 0x1E, 0xF9, 0x00, 0x00, 0x00,
  0x00, 0x00, 0x2D, 0xF9, 0x08, 0xFF, 0x10, 0x00, 0x00, 0x00, 0x50, 0x00, 0xBF, 0xB2, 0xFF, 0x70,
  0x0C, 0xFF, 0x00, 0x0F, 0xFD, 0xDF, 0xF6, 0xAF, 0xE0, 0x07, 0xFF, 0xF0, 0x00, 0x7D, 0xFF, 0xD7,
  0x3F, 0xF5, 0x02, 0xFC, 0xFF, 0x00, 0x00, 0x00, 0x00, 0x0C, 0xFC, 0x00, 0xCD, 0x8F, 0xF0, 0x00,
  0x00, 0x00, 0x05, 0xFF, 0x40, 0x8F, 0x48, 0xFF, 0x00, 0x00, 0x00, 0x00, 0xDF, 0xB0, 0x3F, 0xA0,
  0x8F, 0xF0, 0x00, 0x00, 0x00, 0x6F, 0xF2, 0x09, 0xFF, 0xFF, 0xFF, 0xF6, 0x00, 0x00, 0x0E, 0xF9,
  0x00, 0x7C, 0xCC, 0xEF, 0xFC, 0x40, 0x00, 0x08, 0xFF, 0x10, 0x00, 0x00, 0x08, 0xFF, 0x00, 0x00,
  0x00, 0x4E, 0xE5, 0x00, 0x00, 0x00, 0x0B, 0xFF, 0xD0, 0x00, 0x00, 0x00, 0xBF, 0xFD, 0x00, 0x00,
  0x00, 0x04, 0xEE, 0x50, 0x00, 0x00, 0x00, 0x00, 0x00, 0x00, 0x00, 0x00, 0x00, 0x22, 0x10, 0x00,
  0x00, 0x00, 0x4F, 0xF9, 0x00, 0x00, 0x00, 0x08, 0xFF, 0x70, 0x00, 0x00, 0x08, 0xFF, 0xF2, 0x00,
  0x00, 0x0B, 0xFF, 0xF4, 0x00, 0x00, 0x0B, 0xFF, 0xD2, 0x00, 0x00, 0x03, 0xFF, 0xF1, 0x00, 0x00,
  0x00, 0x6F, 0xFB, 0x00, 0x00, 0x00, 0x04, 0xFF, 0xF4, 0x01, 0x4B, 0x90, 0x0E, 0xFF, 0xFF, 0xFF,
  0xFF, 0x10, 0x2D, 0xFF, 0xFF, 0xFF, 0xA2, 0x00, 0x05, 0x89, 0x85, 0x10, 0x00, 0x00, 0x02, 0x88,
  0x83, 0x00, 0x00, 0x00, 0x00, 0x00, 0x00, 0x9F, 0xFE, 0x10, 0x00, 0x00, 0x00, 0x00, 0x00, 0x06,
  0xFF, 0xC0, 0x00, 0x00, 0x00, 0x00, 0x00, 0x00, 0x3D, 0xF9, 0x00, 0x00, 0x00, 0x00, 0x00, 0x00,
  0x00, 0x00, 0x00, 0x00, 0x00, 0x00, 0x00, 0x00, 0x00, 0x00, 0x00, 0x00, 0x00, 0x00, 0x00, 0x0A,
  0xFF, 0xFC, 0x00, 0x00, 0x00, 0x00, 0x00, 0x0F, 0xFF, 0xFF, 0x20, 0x00, 0x00, 0x00, 0x00, 0x6F,
  0xFC, 0xFF, 0x80, 0x00, 0x00, 0x00, 0x00, 0xCF, 0xF3, 0xFF, 0xE0, 0x00, 0x00, 0x00, 0x01, 0xFF,
  0xD0, 0xAF, 0xF4, 0x00, 0x00, 0x00, 0x07, 0xFF, 0x80, 0x5F, 0xFA, 0x00, 0x00, 0x00, 0x0D, 0xFF,
  0x20, 0x0E, 0xFF, 0x00, 0x00, 0x00, 0x3F, 0xFD, 0x00, 0x09, 0xFF, 0x60, 0x00, 0x00, 0x9F, 0xFE,
  0xCC, 0xCD, 0xFF, 0xC0, 0x00, 0x00, 0xEF, 0xFF, 0xFF, 0xFF, 0xFF, 0xF2, 0x00, 0x05, 0xFF, 0xFF,
  0xFF, 0xFF, 0xFF, 0xF8, 0x00, 0x0B, 0xFF, 0x90, 0x00, 0x00, 0x6F, 0xFE, 0x00, 0x1F, 0xFF, 0x40,
  0x00, 0x00, 0x1F, 0xFF, 0x40, 0x7F, 0xFF, 0x00, 0x00, 0x00, 0x0D, 0xFF, 0xA0, 0xDF, 0xFB, 0x00,
  0x00, 0x00, 0x08, 0xFF, 0xF0, 0x00, 0x00, 0x00, 0x00, 0x58, 0x87, 0x10, 0x00, 0x00, 0x00, 0x00,
  0x03, 0xFF, 0xF6, 0x00, 0x00, 0x00, 0x00, 0x00, 0x1E, 0xFE, 0x40, 0x00, 0x00, 0x00, 0x00, 0x00,
  0xCF, 0xC1, 0x00, 0x00, 0x00, 0x00, 0x00, 0x00, 0x00, 0x00, 0x00, 0x00, 0x00, 0x00, 0x00, 0x00,
  0x00, 0x00, 0x00, 0x00, 0x00, 0x00, 0x00, 0x0A, 0xFF, 0xFC, 0x00, 0x00, 0x00, 0x00, 0x00, 0x0F,
  0xFF, 0xFF, 0x20, 0x00, 0x00, 0x00, 0x00, 0x6F, 0xFC, 0xFF, 0x80, 0x00, 0x00, 0x00, 0x00, 0xCF,
  0xF3, 0xFF, 0xE0, 0x00, 0x00, 0x00, 0x01, 0xFF, 0xD0, 0xAF, 0xF4, 0x00, 0x00, 0x00, 0x07, 0xFF,
  0x80, 0x5F, 0xFA, 0x00, 0x00, 0x00, 0x0D, 0xFF, 0x20, 0x0E, 0xFF, 0x00, 0x00, 0x00, 0x3F, 0xFD,
  0x00, 0x09, 0xFF, 0x60, 0x00, 0x00, 0x9F, 0xFE, 0xCC, 0xCD, 0xFF, 0xC0, 0x00, 0x00, 0xEF, 0xFF,
  0xFF, 0xFF, 0xFF, 0xF2, 0x00, 0x05, 0xFF, 0xFF, 0xFF, 0xFF, 0xFF, 0xF8, 0x00, 0x0B, 0xFF, 0x90,
  0x00, 0x00, 0x6F, 0xFE, 0x00, 0x1F, 0xFF, 0x40, 0x00, 0x00, 0x1F, 0xFF, 0x40, 0x7F, 0xFF, 0x00,
  0x00, 0x00, 0x0D, 0xFF, 0xA0, 0xDF, 0xFB, 0x00, 0x00, 0x00, 0x08, 0xFF, 0xF0, 0x00, 0x00, 0x04,
  0x88, 0x85, 0x00, 0x00, 0x00, 0x00, 0x00, 0x2F, 0xFF, 0xFF, 0x40, 0x00, 0x00, 0x00, 0x01, 0xDF,
  0xE5, 0xDF, 0xE2, 0x00, 0x00, 0x00, 0x0C, 0xFB, 0x10, 0x1A, 0xFE, 0x10, 0x00, 0x00, 0x00, 0x00,
  0x00, 0x00, 0x00, 0x00, 0x00, 0x00, 0x00, 0x00, 0x00, 0x00, 0x00, 0x00, 0x00, 0x00, 0x00, 0x0A,
  0xFF, 0xFC, 0x00, 0x00, 0x00, 0x00, 0x00, 0x0F, 0xFF, 0xFF, 0x20, 0x00, 0x00, 0x00, 0x00, 0x6F,
  0xFC, 0xFF, 0x80, 0x00, 0x00, 0x00, 0x00, 0xCF, 0xF3, 0xFF, 0xE0, 0x00, 0x00, 0x00, 0x01, 0xFF,
  0xD0, 0xAF, 0xF4, 0x00, 0x00, 0x00, 0x07, 0xFF, 0x80, 0x5F, 0xFA, 0x00, 0x00, 0x00, 0x0D, 0xFF,
  0x20, 0x0E, 0xFF, 0x00, 0x00, 0x00, 0x3F, 0xFD, 0x00, 0x09, 0xFF, 0x60, 0x00, 0x00, 0x9F, 0xFE,
  0xCC, 0xCD, 0xFF, 0xC0, 0x00, 0x00, 0xEF, 0xFF, 0xFF, 0xFF, 0xFF, 0xF2, 0x00, 0x05, 0xFF, 0xFF,
  0xFF, 0xFF, 0xFF, 0xF8, 0x00, 0x0B, 0xFF, 0x90, 0x00, 0x00, 0x6F, 0xFE, 0x00, 0x1F, 0xFF, 0x40,
  0x00, 0x00, 0x1F, 0xFF, 0x40, 0x7F, 0xFF, 0x00, 0x00, 0x00, 0x0D, 0xFF, 0xA0, 0xDF, 0xFB, 0x00,
  0x00, 0x00, 0x08, 0xFF, 0xF0, 0x00, 0x00, 0x17, 0x83, 0x00, 0x69, 0x00, 0x00, 0x00, 0x01, 0xEF,
  0xFF, 0xCA, 0xFD, 0x00, 0x00, 0x00, 0x08, 0xFF, 0xFF, 0xFF, 0xF7, 0x00, 0x00, 0x00, 0x0C, 0xF2,
  0x28, 0xDE, 0x80, 0x00, 0x00, 0x00, 0x00, 0x00, 0x00, 0x00, 0x00, 0x00, 0x00, 0x00, 0x00, 0x00,
  0x00, 0x00, 0x00, 0x00, 0x00, 0x00, 0x00, 0x0A, 0xFF, 0xFC, 0x00, 0x00, 0x00, 0x00, 0x00, 0x0F,
  0xFF, 0xFF, 0x20, 0x00, 0x00, 0x00, 0x00, 0x6F, 0xFC, 0xFF, 0x80, 0x00, 0x00, 0x00, 0x00, 0xCF,
  0xF3, 0xFF, 0xE0, 0x00, 0x00, 0x00, 0x01, 0xFF, 0xD0, 0xAF, 0xF4, 0x00, 0x00, 0x00, 0x07, 0xFF,
  0x80, 0x5F, 0xFA, 0x00, 0x00, 0x00, 0x0D, 0xFF, 0x20, 0x0E, 0xFF, 0x00, 0x00, 0x00, 0x3F, 0xFD,
  0x00, 0x09, 0xFF, 0x60, 0x00, 0x00, 0x9F, 0xFE, 0xCC, 0xCD, 0xFF, 0xC0, 0x00, 0x00, 0xEF, 0xFF,
  0xFF, 0xFF, 0xFF, 0xF2, 0x00, 0x05, 0xFF, 0xFF, 0xFF, 0xFF, 0xFF, 0xF8, 0x00, 0x0B, 0xFF, 0x90,
  0x00, 0x00, 0x6F, 0xFE, 0x00, 0x1F, 0xFF, 0x40, 0x00, 0x00, 0x1F, 0xFF, 0x40, 0x7F, 0xFF, 0x00,
  0x00, 0x00, 0x0D, 0xFF, 0xA0, 0xDF, 0xFB, 0x00, 0x00, 0x00, 0x08, 0xFF, 0xF0, 0x00, 0x00, 0x58,
  0x30, 0x28, 0x60, 0x00, 0x00, 0x00, 0x01, 0xFF, 0xD0, 0xBF, 0xF3, 0x00, 0x00, 0x00, 0x00, 0xBF,
  0x80, 0x6F, 0xC0, 0x00, 0x00, 0x00, 0x00, 0x00, 0x00, 0x00, 0x00, 0x00, 0x00, 0x00, 0x00, 0x00,
  0x00, 0x00, 0x00, 0x00, 0x00, 0x00, 0x00, 0x0A, 0xFF, 0xFC, 0x00, 0x00, 0x00, 0x00, 0x00, 0x0F,
  0xFF, 0xFF, 0x20, 0x00, 0x00, 0x00, 0x00, 0x6F, 0xFC, 0xFF, 0x80, 0x00, 0x00, 0x00, 0x00, 0xCF,
  0xF3, 0xFF, 0xE0, 0x00, 0x00, 0x00, 0x01, 0xFF, 0xD0, 0xAF, 0xF4, 0x00, 0x00, 0x00, 0x07, 0xFF,
  0x80, 0x5F, 0xFA, 0x00, 0x00, 0x00, 0x0D, 0xFF, 0x20, 0x0E, 0xFF, 0x00, 0x00, 0x00, 0x3F, 0xFD,
  0x00, 0x09, 0xFF, 0x60, 0x00, 0x00, 0x9F, 0xFE, 0xCC, 0xCD, 0xFF, 0xC0, 0x00, 0x00, 0xEF, 0xFF,
  0xFF, 0xFF, 0xFF, 0xF2, 0x00, 0x05, 0xFF, 0xFF, 0xFF, 0xFF, 0xFF, 0xF8, 0x00, 0x0B, 0xFF, 0x90,
  0x00, 0x00, 0x6F, 0xFE, 0x00, 0x1F, 0xFF, 0x40, 0x00, 0x00, 0x1F, 0xFF, 0x40, 0x7F, 0xFF, 0x00,
  0x00, 0x00, 0x0D, 0xFF, 0xA0, 0xDF, 0xFB, 0x00, 0x00, 0x00, 0x08, 0xFF, 0xF0, 0x00, 0x00, 0x02,
  0xCF, 0xC4, 0x00, 0x00, 0x00, 0x00, 0x00, 0x0D, 0xD3, 0xCF, 0x10, 0x00, 0x00, 0x00, 0x00, 0x0F,
  0x90, 0x6F, 0x30, 0x00, 0x00, 0x00, 0x00, 0x0E, 0xC0, 0xAF, 0x10, 0x00, 0x00, 0x00, 0x00, 0x0E,
  0xFF, 0xFF, 0x00, 0x00, 0x00, 0x00, 0x00, 0x0F, 0xFF, 0xFF, 0x20, 0x00, 0x00, 0x00, 0x00, 0x6F,
  0xFC, 0xFF, 0x80, 0x00, 0x00, 0x00, 0x00, 0xCF, 0xF3, 0xFF, 0xE0, 0x00, 0x00, 0x00, 0x01, 0xFF,
  0xD0, 0xAF, 0xF4, 0x00, 0x00, 0x00, 0x07, 0xFF, 0x80, 0x5F, 0xFA, 0x00, 0x00, 0x00, 0x0D, 0xFF,
  0x20, 0x0E, 0xFF, 0x00, 0x00, 0x00, 0x3F, 0xFD, 0x00, 0x09, 0xFF, 0x60, 0x00, 0x00, 0x9F, 0xFE,
  0xCC, 0xCD, 0xFF, 0xC0, 0x00, 0x00, 0xEF, 0xFF, 0xFF, 0xFF, 0xFF, 0xF2, 0x00, 0x05, 0xFF, 0xFF,
  0xFF, 0xFF, 0xFF, 0xF8, 0x00, 0x0B, 0xFF, 0x90, 0x00, 0x00, 0x6F, 0xFE, 0x00, 0x1F, 0xFF, 0x40,
  0x00, 0x00, 0x1F, 0xFF, 0x40, 0x7F, 0xFF, 0x00, 0x00, 0x00, 0x0D, 0xFF, 0xA0, 0xDF, 0xFB, 0x00,
  0x00, 0x00, 0x08, 0xFF, 0xF0, 0x00, 0x00, 0x00, 0x3F, 0xFF, 0xFF, 0xFF, 0xFF, 0xFF, 0xFA, 0x00,
  0x00, 0x00, 0xAF, 0xFF, 0xFF, 0xFF, 0xFF, 0xFF, 0xFA, 0x00, 0x00, 0x02, 0xFF, 0xE9, 0xEF, 0xFD,
  0x99, 0x99, 0x96, 0x00, 0x00, 0x09, 0xFF, 0x70, 0xBF, 0xF9, 0x00, 0x00, 0x00, 0x00, 0x00, 0x1F,
  0xFF, 0x10, 0xBF, 0xF9, 0x00, 0x00, 0x00, 0x00, 0x00, 0x8F, 0xF8, 0x00, 0xBF, 0xFD, 0x99, 0x99,
  0x92, 0x00, 0x00, 0xFF, 0xF1, 0x00, 0xBF, 0xFF, 0xFF, 0xFF, 0xF4, 0x00, 0x07, 0xFF, 0x90, 0x00,
  0xBF, 0xFF, 0xFF, 0xFF, 0xF4, 0x00, 0x0E, 0xFF, 0xB9, 0x99, 0xEF, 0xF9, 0x00, 0x00, 0x00, 0x00,
  0x6F, 0xFF, 0xFF, 0xFF, 0xFF, 0xF9, 0x00, 0x00, 0x00, 0x00, 0xDF, 0xFF, 0xFF, 0xFF, 0xFF, 0xF9,
  0x00, 0x00, 0x00, 0x05, 0xFF, 0xC0, 0x00, 0x00, 0xBF, 0xF9, 0x00, 0x00, 0x00, 0x0D, 0xFF, 0x60,
  0x00, 0x00, 0xBF, 0xFD, 0x99, 0x99, 0x96, 0x4F, 0xFF, 0x00, 0x00, 0x00, 0xBF, 0xFF, 0xFF, 0xFF,
  0xFA, 0xCF, 0xF9, 0x00, 0x00, 0x00, 0xBF, 0xFF, 0xFF, 0xFF, 0xFA, 0x00, 0x00, 0x6B, 0xDF, 0xFC,
  0x83, 0x00, 0x02, 0xDF, 0xFF, 0xFF, 0xFF, 0xF1, 0x02, 0xFF, 0xFF, 0xC9, 0xBE, 0xFA, 0x00, 0xCF,
  0xFE, 0x30, 0x00, 0x05, 0x20, 0x2F, 0xFF, 0x60, 0x00, 0x00, 0x00, 0x07, 0xFF, 0xF0, 0x00, 0x00,
  0x00, 0x00, 0x9F, 0xFC, 0x00, 0x00, 0x00, 0x00, 0x0B, 0xFF, 0xB0, 0x00, 0x00, 0x00, 0x00, 0xAF,
  0xFC, 0x00, 0x00, 0x00, 0x00, 0x08, 0xFF, 0xE0, 0x00, 0x00, 0x00, 0x00, 0x4F, 0xFF, 0x40, 0x00,
  0x00, 0x00, 0x00, 0xEF, 0xFE, 0x20, 0x00, 0x01, 0x20, 0x05, 0xFF, 0xFF, 0xB9, 0xAC, 0xFA, 0x00,
  0x06, 0xFF, 0xFF, 0xFF, 0xFF, 0xA0, 0x00, 0x02, 0x8C, 0xEF, 0xEC, 0x83, 0x00, 0x00, 0x00, 0x2F,
  0xF2, 0x00, 0x00, 0x00, 0x00, 0x05, 0xEF, 0xF4, 0x00, 0x00, 0x00, 0x00, 0x00, 0xFF, 0xA0, 0x00,
  0x00, 0x00, 0x2D, 0xDF, 0xF7, 0x00, 0x00, 0x00, 0x02, 0xEF, 0xE9, 0x00, 0x00, 0x02, 0x88, 0x83,
  0x00, 0x00, 0x00, 0x08, 0xFF, 0xE1, 0x00, 0x00, 0x00, 0x06, 0xFF, 0xC0, 0x00, 0x00, 0x00, 0x03,
  0xDF, 0x90, 0x00, 0x00, 0x00, 0x00, 0x00, 0x00, 0x00, 0x00, 0x00, 0x00, 0x00, 0x00, 0x0F, 0xFF,
  0xFF, 0xFF, 0xFF, 0x00, 0xFF, 0xFF, 0xFF, 0xFF, 0xF0, 0x0F, 0xFF, 0xB9, 0x99, 0x99, 0x00, 0xFF,
  0xF4, 0x00, 0x00, 0x00, 0x0F, 0xFF, 0x40, 0x00, 0x00, 0x00, 0xFF, 0xFB, 0x99, 0x99, 0x50, 0x0F,
  0xFF, 0xFF, 0xFF, 0xFA, 0x00, 0xFF, 0xFF, 0xFF, 0xFF, 0xA0, 0x0F, 0xFF, 0x40, 0x00, 0x00, 0x00,
  0xFF, 0xF4, 0x00, 0x00, 0x00, 0x0F, 0xFF, 0x40, 0x00, 0x00, 0x00, 0xFF, 0xF4, 0x00, 0x00, 0x00,
  0x0F, 0xFF, 0xB9, 0x99, 0x99, 0x00, 0xFF, 0xFF, 0xFF, 0xFF, 0xF0, 0x0F, 0xFF, 0xFF, 0xFF, 0xFF,
  0x00, 0x00, 0x00, 0x00, 0x48, 0x87, 0x10, 0x00, 0x00, 0x2F, 0xFF, 0x60, 0x00, 0x00, 0x1D, 0xFE,
  0x40, 0x00, 0x00, 0x0B, 0xFC, 0x20, 0x00, 0x00, 0x00, 0x00, 0x00, 0x00, 0x00, 0x00, 0x00, 0x00,
  0x00, 0x00, 0x0F, 0xFF, 0xFF, 0xFF, 0xFF, 0x00, 0xFF, 0xFF, 0xFF, 0xFF, 0xF0, 0x0F, 0xFF, 0xB9,
  0x99, 0x99, 0x00, 0xFF, 0xF4, 0x00, 0x00, 0x00, 0x0F, 0xFF, 0x40, 0x00, 0x00, 0x00, 0xFF, 0xFB,
  0x99, 0x99, 0x50, 0x0F, 0xFF, 0xFF, 0xFF, 0xFA, 0x00, 0xFF, 0xFF, 0xFF, 0xFF, 0xA0, 0x0F, 0xFF,
  0x40, 0x00, 0x00, 0x00, 0xFF, 0xF4, 0x00, 0x00, 0x00, 0x0F, 0xFF, 0x40, 0x00, 0x00, 0x00, 0xFF,
  0xF4, 0x00, 0x00, 0x00, 0x0F, 0xFF, 0xB9, 0x99, 0x99, 0x00, 0xFF, 0xFF, 0xFF, 0xFF, 0xF0, 0x0F,
  0xFF, 0xFF, 0xFF, 0xFF, 0x00, 0x00, 0x03, 0x88, 0x85, 0x00, 0x00, 0x01, 0xEF, 0xFF, 0xF4, 0x00,
  0x01, 0xDF, 0xE5, 0xDF, 0xF3, 0x00, 0xCF, 0xB1, 0x00, 0x9F, 0xE1, 0x00, 0x00, 0x00, 0x00, 0x00,
  0x00, 0x00, 0x00, 0x00, 0x00, 0x00, 0x0F, 0xFF, 0xFF, 0xFF, 0xFF, 0x00, 0xFF, 0xFF, 0xFF, 0xFF,
  0xF0, 0x0F, 0xFF, 0xB9, 0x99, 0x99, 0x00, 0xFF, 0xF4, 0x00, 0x00, 0x00, 0x0F, 0xFF, 0x40, 0x00,
  0x00, 0x00, 0xFF, 0xFB, 0x99, 0x99, 0x50, 0x0F, 0xFF, 0xFF, 0xFF, 0xFA, 0x00, 0xFF, 0xFF, 0xFF,
  0xFF, 0xA0, 0x0F, 0xFF, 0x40, 0x00, 0x00, 0x00, 0xFF, 0xF4, 0x00, 0x00, 0x00, 0x0F, 0xFF, 0x40,
  0x00, 0x00, 0x00, 0xFF, 0xF4, 0x00, 0x00, 0x00, 0x0F, 0xFF, 0xB9, 0x99, 0x99, 0x00, 0xFF, 0xFF,
  0xFF, 0xFF, 0xF0, 0x0F, 0xFF, 0xFF, 0xFF, 0xFF, 0x00, 0x00, 0x58, 0x30, 0x28, 0x60, 0x00, 0x0F,
  0xFD, 0x0B, 0xFF, 0x30, 0x00, 0xBF, 0x80, 0x6F, 0xD1, 0x00, 0x00, 0x00, 0x00, 0x00, 0x00, 0x00,
  0x00, 0x00, 0x00, 0x00, 0x00, 0xFF, 0xFF, 0xFF, 0xFF, 0xF0, 0x0F, 0xFF, 0xFF, 0xFF, 0xFF, 0x00,
  0xFF, 0xFB, 0x99, 0x99, 0x90, 0x0F, 0xFF, 0x40, 0x00, 0x00, 0x00, 0xFF, 0xF4, 0x00, 0x00, 0x00,
  0x0F, 0xFF, 0xB9, 0x99, 0x95, 0x00, 0xFF, 0xFF, 0xFF, 0xFF, 0xA0, 0x0F, 0xFF, 0xFF, 0xFF, 0xFA,
  0x00, 0xFF, 0xF4, 0x00, 0x00, 0x00, 0x0F, 0xFF, 0x40, 0x00, 0x00, 0x00, 0xFF, 0xF4, 0x00, 0x00,
  0x00, 0x0F, 0xFF, 0x40, 0x00, 0x00, 0x00, 0xFF, 0xFB, 0x99, 0x99, 0x90, 0x0F, 0xFF, 0xFF, 0xFF,
  0xFF, 0x00, 0xFF, 0xFF, 0xFF, 0xFF, 0xF0, 0x58, 0x87, 0x10, 0x00, 0x1C, 0xFF, 0xB0, 0x00, 0x00,
  0xAF, 0xF7, 0x00, 0x00, 0x06, 0xFF, 0x40, 0x00, 0x00, 0x00, 0x00, 0x00, 0x00, 0x00, 0x00, 0x4F,
  0xFF, 0xFF, 0xFD, 0x4F, 0xFF, 0xFF, 0xFD, 0x03, 0xBF, 0xFF, 0x70, 0x00, 0x6F, 0xFF, 0x00, 0x00,
  0x6F, 0xFF, 0x00, 0x00, 0x6F, 0xFF, 0x00, 0x00, 0x6F, 0xFF, 0x00, 0x00, 0x6F, 0xFF, 0x00, 0x00,
  0x6F, 0xFF, 0x00, 0x00, 0x6F, 0xFF, 0x00, 0x00, 0x6F, 0xFF, 0x00, 0x00, 0x6F, 0xFF, 0x00, 0x02,
  0xBF, 0xFF, 0x60, 0x4F, 0xFF, 0xFF, 0xFC, 0x4F, 0xFF, 0xFF, 0xFD, 0x00, 0x00, 0x07, 0x88, 0x60,
  0x00, 0x07, 0xFF, 0xE3, 0x00, 0x04, 0xFF, 0xC1, 0x00, 0x02, 0xFF, 0x90, 0x00, 0x00, 0x00, 0x00,
  0x00, 0x00, 0x00, 0x00, 0x00, 0x00, 0x4F, 0xFF, 0xFF, 0xFD, 0x04, 0xFF, 0xFF, 0xFF, 0xD0, 0x03,
  0xBF, 0xFF, 0x70, 0x00, 0x06, 0xFF, 0xF0, 0x00, 0x00, 0x6F, 0xFF, 0x00, 0x00, 0x06, 0xFF, 0xF0,
  0x00, 0x00, 0x6F, 0xFF, 0x00, 0x00, 0x06, 0xFF, 0xF0, 0x00, 0x00, 0x6F, 0xFF, 0x00, 0x00, 0x06,
  0xFF, 0xF0, 0x00, 0x00, 0x6F, 0xFF, 0x00, 0x00, 0x06, 0xFF, 0xF0, 0x00, 0x02, 0xBF, 0xFF, 0x60,
  0x04, 0xFF, 0xFF, 0xFF, 0xC0, 0x4F, 0xFF, 0xFF, 0xFD, 0x00, 0x00, 0x06, 0x88, 0x83, 0x00, 0x00,
  0x6F, 0xFF, 0xFD, 0x10, 0x04, 0xFF, 0xC6, 0xFF, 0xC0, 0x2F, 0xF8, 0x00, 0x3C, 0xFB, 0x00, 0x00,
  0x00, 0x00, 0x00, 0x00, 0x00, 0x00, 0x00, 0x00, 0x04, 0xFF, 0xFF, 0xFF, 0xD0, 0x04, 0xFF, 0xFF,
  0xFF, 0xD0, 0x00, 0x3B, 0xFF, 0xF7, 0x00, 0x00, 0x06, 0xFF, 0xF0, 0x00, 0x00, 0x06, 0xFF, 0xF0,
  0x00, 0x00, 0x06, 0xFF, 0xF0, 0x00, 0x00, 0x06, 0xFF, 0xF0, 0x00, 0x00, 0x06, 0xFF, 0xF0, 0x00,
  0x00, 0x06, 0xFF, 0xF0, 0x00, 0x00, 0x06, 0xFF, 0xF0, 0x00, 0x00, 0x06, 0xFF, 0xF0, 0x00, 0x00,
  0x06, 0xFF, 0xF0, 0x00, 0x00, 0x2B, 0xFF, 0xF6, 0x00, 0x04, 0xFF, 0xFF, 0xFF, 0xC0, 0x04, 0xFF,
  0xFF, 0xFF, 0xD0, 0x07, 0x81, 0x04, 0x83, 0x5F, 0xF8, 0x0F, 0xFE, 0x2E, 0xE4, 0x0B, 0xF9, 0x00,
  0x00, 0x00, 0x00, 0x00, 0x00, 0x00, 0x00, 0x4F, 0xFF, 0xFF, 0xFD, 0x4F, 0xFF, 0xFF, 0xFD, 0x03,
  0xBF, 0xFF, 0x70, 0x00, 0x6F, 0xFF, 0x00, 0x00, 0x6F, 0xFF, 0x00, 0x00, 0x6F, 0xFF, 0x00, 0x00,
  0x6F, 0xFF, 0x00, 0x00, 0x6F, 0xFF, 0x00, 0x00, 0x6F, 0xFF, 0x00, 0x00, 0x6F, 0xFF, 0x00, 0x00,
  0x6F, 0xFF, 0x00, 0x00, 0x6F, 0xFF, 0x00, 0x02, 0xBF, 0xFF, 0x60, 0x4F, 0xFF, 0xFF, 0xFC, 0x4F,
  0xFF, 0xFF, 0xFD, 0x00, 0xFF, 0xFF, 0xFF, 0xDB, 0x60, 0x00, 0x00, 0x0F, 0xFF, 0xFF, 0xFF, 0xFF,
  0xE4, 0x00, 0x00, 0xFF, 0xFB, 0x9A, 0xCF, 0xFF, 0xF5, 0x00, 0x0F, 0xFF, 0x40, 0x00, 0x2D, 0xFF,
  0xF1, 0x00, 0xFF, 0xF4, 0x00, 0x00, 0x2F, 0xFF, 0x70, 0x0F, 0xFF, 0x40, 0x00, 0x00, 0xBF, 0xFC,
  0x8F, 0xFF, 0xFF, 0xFD, 0x00, 0x08, 0xFF, 0xE8, 0xFF, 0xFF, 0xFF, 0xD0, 0x00, 0x7F, 0xFF, 0x49,
  0xFF, 0xFB, 0x98, 0x00, 0x08, 0xFF, 0xE0, 0x0F, 0xFF, 0x40, 0x00, 0x00, 0xBF, 0xFC, 0x00, 0xFF,
  0xF4, 0x00, 0x00, 0x3F, 0xFF, 0x70, 0x0F, 0xFF, 0x40, 0x00, 0x3E, 0xFF, 0xE1, 0x00, 0xFF, 0xFB,
  0x9A, 0xDF, 0xFF, 0xF4, 0x00, 0x0F, 0xFF, 0xFF, 0xFF, 0xFF, 0xD4, 0x00, 0x00, 0xFF, 0xFF, 0xFE,
  0xDA, 0x50, 0x00, 0x00, 0x00, 0x00, 0x05, 0x85, 0x00, 0x39, 0x30, 0x00, 0x00, 0x0A, 0xFF, 0xFE,
  0xAE, 0xF3, 0x00, 0x00, 0x02, 0xFF, 0xFF, 0xFF, 0xFC, 0x00, 0x00, 0x00, 0x6F, 0x70, 0x6C, 0xFB,
  0x20, 0x00, 0x00, 0x00, 0x00, 0x00, 0x00, 0x00, 0x00, 0x00, 0x00, 0x00, 0x00, 0x00, 0x00, 0x00,
  0x00, 0x0F, 0xFF, 0xF7, 0x00, 0x00, 0x01, 0xFF, 0xE0, 0xFF, 0xFF, 0xF2, 0x00, 0x00, 0x1F, 0xFE,
  0x0F, 0xFF, 0xFF, 0xB0, 0x00, 0x01, 0xFF, 0xE0, 0xFF, 0xFF, 0xFF, 0x40, 0x00, 0x1F, 0xFE, 0x0F,
  0xFC, 0xAF, 0xFD, 0x00, 0x01, 0xFF, 0xE0, 0xFF, 0xD1, 0xFF, 0xF8, 0x00, 0x1F, 0xFE, 0x0F, 0xFE,
  0x07, 0xFF, 0xF2, 0x01, 0xFF, 0xE0, 0xFF, 0xE0, 0x0D, 0xFF, 0xB0, 0x1F, 0xFE, 0x0F, 0xFF, 0x00,
  0x4F, 0xFF, 0x50, 0xFF, 0xE0, 0xFF, 0xF0, 0x00, 0xAF, 0xFE, 0x0F, 0xFE, 0x0F, 0xFF, 0x00, 0x01,
  0xFF, 0xF8, 0xFF, 0xE0, 0xFF, 0xF0, 0x00, 0x06, 0xFF, 0xFF, 0xFE, 0x0F, 0xFF, 0x00, 0x00, 0x0D,
  0xFF, 0xFF, 0xE0, 0xFF, 0xF0, 0x00, 0x00, 0x3F, 0xFF, 0xFE, 0x0F, 0xFF, 0x00, 0x00, 0x00, 0x9F,
  0xFF, 0xE0, 0x00, 0x01, 0x78, 0x84, 0x00, 0x00, 0x00, 0x00, 0x00, 0x00, 0x6F, 0xFF, 0x30, 0x00,
  0x00, 0x00, 0x00, 0x00, 0x04, 0xEF, 0xE1, 0x00, 0x00, 0x00, 0x00, 0x00, 0x00, 0x2C, 0xFC, 0x00,
  0x00, 0x00, 0x00, 0x00, 0x00, 0x00, 0x00, 0x00, 0x00, 0x00, 0x00, 0x00, 0x00, 0x00, 0x00, 0x00,
  0x00, 0x00, 0x00, 0x01, 0x6B, 0xDF, 0xED, 0x93, 0x00, 0x00, 0x00, 0x4E, 0xFF, 0xFF, 0xFF, 0xFF,
  0xA0, 0x00, 0x03, 0xFF, 0xFF, 0xC9, 0xAE, 0xFF, 0xFB, 0x00, 0x0D, 0xFF, 0xE3, 0x00, 0x00, 0x9F,
  0xFF, 0x50, 0x3F, 0xFF, 0x70, 0x00, 0x00, 0x0E, 0xFF, 0xB0, 0x8F, 0xFF, 0x00, 0x00, 0x00, 0x08,
  0xFF, 0xF0, 0xAF, 0xFE, 0x00, 0x00, 0x00, 0x06, 0xFF, 0xF2, 0xBF, 0xFC, 0x00, 0x00, 0x00, 0x04,
  0xFF, 0xF3, 0xAF, 0xFE, 0x00, 0x00, 0x00, 0x06, 0xFF, 0xF2, 0x8F, 0xFF, 0x00, 0x00, 0x00, 0x08,
  0xFF, 0xF0, 0x3F, 0xFF, 0x70, 0x00, 0x00, 0x0E, 0xFF, 0xB0, 0x0D, 0xFF, 0xE3, 0x00, 0x00, 0x9F,
  0xFF, 0x50, 0x03, 0xFF, 0xFF, 0xC9, 0xAE, 0xFF, 0xFB, 0x00, 0x00, 0x4E, 0xFF, 0xFF, 0xFF, 0xFF,
  0xA0, 0x00, 0x00, 0x01, 0x6B, 0xEF, 0xED, 0x93, 0x00, 0x00, 0x00, 0x00, 0x00, 0x00, 0x38, 0x88,
  0x20, 0x00, 0x00, 0x00, 0x00, 0x01, 0xEF, 0xF8, 0x00, 0x00, 0x00, 0x00, 0x00, 0x0C, 0xFF, 0x60,
  0x00, 0x00, 0x00, 0x00, 0x00, 0x9F, 0xD3, 0x00, 0x00, 0x00, 0x00, 0x00, 0x00, 0x00, 0x00, 0x00,
  0x00, 0x00, 0x00, 0x00, 0x00, 0x00, 0x00, 0x00, 0x00, 0x00, 0x00, 0x01, 0x6B, 0xDF, 0xED, 0x93,
  0x00, 0x00, 0x00, 0x4E, 0xFF, 0xFF, 0xFF, 0xFF, 0xA0, 0x00, 0x03, 0xFF, 0xFF, 0xC9, 0xAE, 0xFF,
  0xFB, 0x00, 0x0D, 0xFF, 0xE3, 0x00, 0x00, 0x9F, 0xFF, 0x50, 0x3F, 0xFF, 0x70, 0x00, 0x00, 0x0E,
  0xFF, 0xB0, 0x8F, 0xFF, 0x00, 0x00, 0x00, 0x08, 0xFF, 0xF0, 0xAF, 0xFE, 0x00, 0x00, 0x00, 0x06,
  0xFF, 0xF2, 0xBF, 0xFC, 0x00, 0x00, 0x00, 0x04, 0xFF, 0xF3, 0xAF, 0xFE, 0x00, 0x00, 0x00, 0x06,
  0xFF, 0xF2, 0x8F, 0xFF, 0x00, 0x00, 0x00, 0x08, 0xFF, 0xF0, 0x3F, 0xFF, 0x70, 0x00, 0x00, 0x0E,
  0xFF, 0xB0, 0x0D, 0xFF, 0xE3, 0x00, 0x00, 0x9F, 0xFF, 0x50, 0x03, 0xFF, 0xFF, 0xC9, 0xAE, 0xFF,
  0xFB, 0x00, 0x00, 0x4E, 0xFF, 0xFF, 0xFF, 0xFF, 0xA0, 0x00, 0x00, 0x01, 0x6B, 0xEF, 0xED, 0x93,
  0x00, 0x00, 0x00, 0x00, 0x02, 0x88, 0x86, 0x00, 0x00, 0x00, 0x00, 0x00, 0x0D, 0xFF, 0xFF, 0x60,
  0x00, 0x00, 0x00, 0x00, 0xBF, 0xF6, 0xCF, 0xF4, 0x00, 0x00, 0x00, 0x0A, 0xFD, 0x30, 0x08, 0xFF,
  0x30, 0x00, 0x00, 0x00, 0x00, 0x00, 0x00, 0x00, 0x00, 0x00, 0x00, 0x00, 0x00, 0x00, 0x00, 0x00,
  0x00, 0x00, 0x00, 0x01, 0x6B, 0xDF, 0xED, 0x93, 0x00, 0x00, 0x00, 0x4E, 0xFF, 0xFF, 0xFF, 0xFF,
  0xA0, 0x00, 0x03, 0xFF, 0xFF, 0xC9, 0xAE, 0xFF, 0xFB, 0x00, 0x0D, 0xFF, 0xE3, 0x00, 0x00, 0x9F,
  0xFF, 0x50, 0x3F, 0xFF, 0x70, 0x00, 0x00, 0x0E, 0xFF, 0xB0, 0x8F, 0xFF, 0x00, 0x00, 0x00, 0x08,
  0xFF, 0xF0, 0xAF, 0xFE, 0x00, 0x00, 0x00, 0x06, 0xFF, 0xF2, 0xBF, 0xFC, 0x00, 0x00, 0x00, 0x04,
  0xFF, 0xF3, 0xAF, 0xFE, 0x00, 0x00, 0x00, 0x06, 0xFF, 0xF2, 0x8F, 0xFF, 0x00, 0x00, 0x00, 0x08,
  0xFF, 0xF0, 0x3F, 0xFF, 0x70, 0x00, 0x00, 0x0E, 0xFF, 0xB0, 0x0D, 0xFF, 0xE3, 0x00, 0x00, 0x9F,
  0xFF, 0x50, 0x03, 0xFF, 0xFF, 0xC9, 0xAE, 0xFF, 0xFB, 0x00, 0x00, 0x4E, 0xFF, 0xFF, 0xFF, 0xFF,
  0xA0, 0x00, 0x00, 0x01, 0x6B, 0xEF, 0xED, 0x93, 0x00, 0x00, 0x00, 0x00, 0x06, 0x84, 0x00, 0x59,
  0x10, 0x00, 0x00, 0x00, 0xDF, 0xFF, 0xDA, 0xFF, 0x00, 0x00, 0x00, 0x06, 0xFF, 0xFF, 0xFF, 0xF9,
  0x00, 0x00, 0x00, 0x09, 0xF4, 0x17, 0xDF, 0xA0, 0x00, 0x00, 0x00, 0x00, 0x00, 0x00, 0x00, 0x00,
  0x00, 0x00, 0x00, 0x00, 0x00, 0x00, 0x00, 0x00, 0x00, 0x00, 0x00, 0x01, 0x6B, 0xDF, 0xED, 0x93,
  0x00, 0x00, 0x00, 0x4E, 0xFF, 0xFF, 0xFF, 0xFF, 0xA0, 0x00, 0x03, 0xFF, 0xFF, 0xC9, 0xAE, 0xFF,
  0xFB, 0x00, 0x0D, 0xFF, 0xE3, 0x00, 0x00, 0x9F, 0xFF, 0x50, 0x3F, 0xFF, 0x70, 0x00, 0x00, 0x0E,
  0xFF, 0xB0, 0x8F, 0xFF, 0x00, 0x00, 0x00, 0x08, 0xFF, 0xF0, 0xAF, 0xFE, 0x00, 0x00, 0x00, 0x06,
  0xFF, 0xF2, 0xBF, 0xFC, 0x00, 0x00, 0x00, 0x04, 0xFF, 0xF3, 0xAF, 0xFE, 0x00, 0x00, 0x00, 0x06,
  0xFF, 0xF2, 0x8F, 0xFF, 0x00, 0x00, 0x00, 0x08, 0xFF, 0xF0, 0x3F, 0xFF, 0x70, 0x00, 0x00, 0x0E,
  0xFF, 0xB0, 0x0D, 0xFF, 0xE3, 0x00, 0x00, 0x9F, 0xFF, 0x50, 0x03, 0xFF, 0xFF, 0xC9, 0xAE, 0xFF,
  0xFB, 0x00, 0x00, 0x4E, 0xFF, 0xFF, 0xFF, 0xFF, 0xA0, 0x00, 0x00, 0x01, 0x6B, 0xEF, 0xED, 0x93,
  0x00, 0x00, 0x00, 0x00, 0x38, 0x40, 0x18, 0x70, 0x00, 0x00, 0x00, 0x00, 0xEF, 0xF0, 0x8F, 0xF5,
  0x00, 0x00, 0x00, 0x00, 0x9F, 0xA0, 0x4E, 0xD2, 0x00, 0x00, 0x00, 0x00, 0x00, 0x00, 0x00, 0x00,
  0x00, 0x00, 0x00, 0x00, 0x00, 0x00, 0x00, 0x00, 0x00, 0x00, 0x00, 0x01, 0x6B, 0xDF, 0xED, 0x93,
  0x00, 0x00, 0x00, 0x4E, 0xFF, 0xFF, 0xFF, 0xFF, 0xA0, 0x00, 0x03, 0xFF, 0xFF, 0xC9, 0xAE, 0xFF,
  0xFB, 0x00, 0x0D, 0xFF, 0xE3, 0x00, 0x00, 0x9F, 0xFF, 0x50, 0x3F, 0xFF, 0x70, 0x00, 0x00, 0x0E,
  0xFF, 0xB0, 0x8F, 0xFF, 0x00, 0x00, 0x00, 0x08, 0xFF, 0xF0, 0xAF, 0xFE, 0x00, 0x00, 0x00, 0x06,
  0xFF, 0xF2, 0xBF, 0xFC, 0x00, 0x00, 0x00, 0x04, 0xFF, 0xF3, 0xAF, 0xFE, 0x00, 0x00, 0x00, 0x06,
  0xFF, 0xF2, 0x8F, 0xFF, 0x00, 0x00, 0x00, 0x08, 0xFF, 0xF0, 0x3F, 0xFF, 0x70, 0x00, 0x00, 0x0E,
  0xFF, 0xB0, 0x0D, 0xFF, 0xE3, 0x00, 0x00, 0x9F, 0xFF, 0x50, 0x03, 0xFF, 0xFF, 0xC9, 0xAE, 0xFF,
  0xFB, 0x00, 0x00, 0x4E, 0xFF, 0xFF, 0xFF, 0xFF, 0xA0, 0x00, 0x00, 0x01, 0x6B, 0xEF, 0xED, 0x93,
  0x00, 0x00, 0x03, 0x30, 0x00, 0x00, 0x60, 0x03, 0xEF, 0x30, 0x00, 0xAF, 0xA0, 0x3E, 0xFF, 0x30,
  0xAF, 0xF9, 0x00, 0x3E, 0xFF, 0xBF, 0xF9, 0x00, 0x00, 0x3E, 0xFF, 0xF9, 0x00, 0x00, 0x00, 0xBF,
  0xFF, 0x30, 0x00, 0x00, 0xAF, 0xFF, 0xFF, 0x30, 0x00, 0xAF, 0xFA, 0x3E, 0xFE, 0x30, 0x5F, 0xF9,
  0x00, 0x3E, 0xFD, 0x00, 0x99, 0x00, 0x00, 0x2D, 0x30, 0x00, 0x00, 0x00, 0x00, 0x00, 0x00, 0x00,
  0x00, 0x00, 0x00, 0x00, 0x00, 0x50, 0x00, 0x00, 0x01, 0x6B, 0xDF, 0xED, 0x98, 0xFC, 0x00, 0x00,
  0x4E, 0xFF, 0xFF, 0xFF, 0xFF, 0xF6, 0x00, 0x03, 0xFF, 0xFF, 0xC9, 0xAF, 0xFF, 0xFB, 0x00, 0x0D,
  0xFF, 0xE3, 0x00, 0x08, 0xFF, 0xFF, 0x50, 0x3F, 0xFF, 0x70, 0x00, 0x3F, 0xFE, 0xFF, 0xC0, 0x8F,
  0xFF, 0x00, 0x01, 0xEF, 0x88, 0xFF, 0xF0, 0xAF, 0xFE, 0x00, 0x0A, 0xFC, 0x05, 0xFF, 0xF2, 0xBF,
  0xFC, 0x00, 0x6F, 0xF2, 0x04, 0xFF, 0xF3, 0xAF, 0xFD, 0x02, 0xFF, 0x50, 0x06, 0xFF, 0xF2, 0x8F,
  0xFF, 0x1D, 0xFA, 0x00, 0x08, 0xFF, 0xF0, 0x4F, 0xFF, 0xDF, 0xD0, 0x00, 0x0E, 0xFF, 0xB0, 0x0D,
  0xFF, 0xFF, 0x30, 0x00, 0x9F, 0xFF, 0x50, 0x04, 0xFF, 0xFF, 0xC9, 0xAE, 0xFF, 0xFB, 0x00, 0x00,
  0xCF, 0xFF, 0xFF, 0xFF, 0xFF, 0xA0, 0x00, 0x05, 0xFE, 0x7B, 0xEF, 0xED, 0x93, 0x00, 0x00, 0x00,
  0x45, 0x00, 0x00, 0x00, 0x00, 0x00, 0x00, 0x00, 0x04, 0x88, 0x81, 0x00, 0x00, 0x00, 0x00, 0x01,
  0xCF, 0xFB, 0x00, 0x00, 0x00, 0x00, 0x00, 0x09, 0xFF, 0x80, 0x00, 0x00, 0x00, 0x00, 0x00, 0x6F,
  0xF5, 0x00, 0x00, 0x00, 0x00, 0x00, 0x00, 0x00, 0x00, 0x00, 0x00, 0x00, 0x00, 0x00, 0x00, 0x00,
  0x00, 0x2F, 0xFF, 0x30, 0x00, 0x00, 0x9F, 0xFC, 0x2F, 0xFF, 0x30, 0x00, 0x00, 0x9F, 0xFC, 0x2F,
  0xFF, 0x30, 0x00, 0x00, 0x9F, 0xFC, 0x2F, 0xFF, 0x30, 0x00, 0x00, 0x9F, 0xFC, 0x2F, 0xFF, 0x30,
  0x00, 0x00, 0x9F, 0xFC, 0x2F, 0xFF, 0x30, 0x00, 0x00, 0x9F, 0xFC, 0x2F, 0xFF, 0x30, 0x00, 0x00,
  0x9F, 0xFC, 0x2F, 0xFF, 0x30, 0x00, 0x00, 0x9F, 0xFC, 0x2F, 0xFF, 0x30, 0x00, 0x00, 0x9F, 0xFC,
  0x1F, 0xFF, 0x30, 0x00, 0x00, 0xAF, 0xFC, 0x0F, 0xFF, 0x60, 0x00, 0x00, 0xDF, 0xFA, 0x0C, 0xFF,
  0xE3, 0x00, 0x07, 0xFF, 0xF6, 0x04, 0xFF, 0xFF, 0xDC, 0xEF, 0xFF, 0xD0, 0x00, 0x7F, 0xFF, 0xFF,
  0xFF, 0xFD, 0x20, 0x00, 0x02, 0x9D, 0xFF, 0xEB, 0x60, 0x00, 0x00, 0x00, 0x00, 0x00, 0x78, 0x87,
  0x00, 0x00, 0x00, 0x00, 0x07, 0xFF, 0xE3, 0x00, 0x00, 0x00, 0x00, 0x4F, 0xFC, 0x10, 0x00, 0x00,
  0x00, 0x01, 0xEF, 0x90, 0x00, 0x00, 0x00, 0x00, 0x00, 0x00, 0x00, 0x00, 0x00, 0x00, 0x00, 0x00,
  0x00, 0x00, 0x00, 0x00, 0x2F, 0xFF, 0x30, 0x00, 0x00, 0x9F, 0xFC, 0x2F, 0xFF, 0x30, 0x00, 0x00,
  0x9F, 0xFC, 0x2F, 0xFF, 0x30, 0x00, 0x00, 0x9F, 0xFC, 0x2F, 0xFF, 0x30, 0x00, 0x00, 0x9F, 0xFC,
  0x2F, 0xFF, 0x30, 0x00, 0x00, 0x9F, 0xFC, 0x2F, 0xFF, 0x30, 0x00, 0x00, 0x9F, 0xFC, 0x2F, 0xFF,
  0x30, 0x00, 0x00, 0x9F, 0xFC, 0x2F, 0xFF, 0x30, 0x00, 0x00, 0x9F, 0xFC, 0x2F, 0xFF, 0x30, 0x00,
  0x00, 0x9F, 0xFC, 0x1F, 0xFF, 0x30, 0x00, 0x00, 0xAF, 0xFC, 0x0F, 0xFF, 0x60, 0x00, 0x00, 0xDF,
  0xFA, 0x0C, 0xFF, 0xE3, 0x00, 0x07, 0xFF, 0xF6, 0x04, 0xFF, 0xFF, 0xDC, 0xEF, 0xFF, 0xD0, 0x00,
  0x7F, 0xFF, 0xFF, 0xFF, 0xFD, 0x20, 0x00, 0x02, 0x9D, 0xFF, 0xEB, 0x60, 0x00, 0x00, 0x00, 0x06,
  0x88, 0x83, 0x00, 0x00, 0x00, 0x00, 0x5F, 0xFF, 0xFE, 0x10, 0x00, 0x00, 0x03, 0xFF, 0xC6, 0xFF,
  0xC0, 0x00, 0x00, 0x2F, 0xF8, 0x00, 0x2C, 0xFB, 0x00, 0x00, 0x00, 0x00, 0x00, 0x00, 0x00, 0x00,
  0x00, 0x00, 0x00, 0x00, 0x00, 0x00, 0x00, 0x2F, 0xFF, 0x30, 0x00, 0x00, 0x9F, 0xFC, 0x2F, 0xFF,
  0x30, 0x00, 0x00, 0x9F, 0xFC, 0x2F, 0xFF, 0x30, 0x00, 0x00, 0x9F, 0xFC, 0x2F, 0xFF, 0x30, 0x00,
  0x00, 0x9F, 0xFC, 0x2F, 0xFF, 0x30, 0x00, 0x00, 0x9F, 0xFC, 0x2F, 0xFF, 0x30, 0x00, 0x00, 0x9F,
  0xFC, 0x2F, 0xFF, 0x30, 0x00, 0x00, 0x9F, 0xFC, 0x2F, 0xFF, 0x30, 0x00, 0x00, 0x9F, 0xFC, 0x2F,
  0xFF, 0x30, 0x00, 0x00, 0x9F, 0xFC, 0x1F, 0xFF, 0x30, 0x00, 0x00, 0xAF, 0xFC, 0x0F, 0xFF, 0x60,
  0x00, 0x00, 0xDF, 0xFA, 0x0C, 0xFF, 0xE3, 0x00, 0x07, 0xFF, 0xF6, 0x04, 0xFF, 0xFF, 0xDC, 0xEF,
  0xFF, 0xD0, 0x00, 0x7F, 0xFF, 0xFF, 0xFF, 0xFD, 0x20, 0x00, 0x02, 0x9D, 0xFF, 0xEB, 0x60, 0x00,
  0x00, 0x00, 0x78, 0x10, 0x48, 0x30, 0x00, 0x00, 0x05, 0xFF, 0x90, 0xFF, 0xE0, 0x00, 0x00, 0x02,
  0xDE, 0x40, 0xAF, 0x90, 0x00, 0x00, 0x00, 0x00, 0x00, 0x00, 0x00, 0x00, 0x00, 0x00, 0x00, 0x00,
  0x00, 0x00, 0x00, 0x2F, 0xFF, 0x30, 0x00, 0x00, 0x9F, 0xFC, 0x2F, 0xFF, 0x30, 0x00, 0x00, 0x9F,
  0xFC, 0x2F, 0xFF, 0x30, 0x00, 0x00, 0x9F, 0xFC, 0x2F, 0xFF, 0x30, 0x00, 0x00, 0x9F, 0xFC, 0x2F,
  0xFF, 0x30, 0x00, 0x00, 0x9F, 0xFC, 0x2F, 0xFF, 0x30, 0x00, 0x00, 0x9F, 0xFC, 0x2F, 0xFF, 0x30,
  0x00, 0x00, 0x9F, 0xFC, 0x2F, 0xFF, 0x30, 0x00, 0x00, 0x9F, 0xFC, 0x2F, 0xFF, 0x30, 0x00, 0x00,
  0x9F, 0xFC, 0x1F, 0xFF, 0x30, 0x00, 0x00, 0xAF, 0xFC, 0x0F, 0xFF, 0x60, 0x00, 0x00, 0xDF, 0xFA,
  0x0C, 0xFF, 0xE3, 0x00, 0x07, 0xFF, 0xF6, 0x04, 0xFF, 0xFF, 0xDC, 0xEF, 0xFF, 0xD0, 0x00, 0x7F,
  0xFF, 0xFF, 0xFF, 0xFD, 0x20, 0x00, 0x02, 0x9D, 0xFF, 0xEB, 0x60, 0x00, 0x00, 0x00, 0x00, 0x02,
  0x88, 0x83, 0x00, 0x00, 0x00, 0x00, 0x0D, 0xFF, 0xA0, 0x00, 0x00, 0x00, 0x00, 0xAF, 0xF7, 0x00,
  0x00, 0x00, 0x00, 0x07, 0xFE, 0x40, 0x00, 0x00, 0x00, 0x00, 0x00, 0x00, 0x00, 0x00, 0x00, 0x00,
  0x00, 0x00, 0x00, 0x00, 0x00, 0x00, 0xBF, 0xFD, 0x00, 0x00, 0x02, 0xFF, 0xF7, 0x2F, 0xFF, 0x50,
  0x00, 0x09, 0xFF, 0xD0, 0x09, 0xFF, 0xD0, 0x00, 0x2F, 0xFF, 0x50, 0x01, 0xFF, 0xF5, 0x00, 0xAF,
  0xFB, 0x00, 0x00, 0x7F, 0xFD, 0x02, 0xFF, 0xF3, 0x00, 0x00, 0x0E, 0xFF, 0x5A, 0xFF, 0x90, 0x00,
  0x00, 0x05, 0xFF, 0xEF, 0xFF, 0x10, 0x00, 0x00, 0x00, 0xCF, 0xFF, 0xF7, 0x00, 0x00, 0x00, 0x00,
  0x3F, 0xFF, 0xD0, 0x00, 0x00, 0x00, 0x00, 0x0C, 0xFF, 0x80, 0x00, 0x00, 0x00, 0x00, 0x0C, 0xFF,
  0x80, 0x00, 0x00, 0x00, 0x00, 0x0C, 0xFF, 0x80, 0x00, 0x00, 0x00, 0x00, 0x0C, 0xFF, 0x80, 0x00,
  0x00, 0x00, 0x00, 0x0C, 0xFF, 0x80, 0x00, 0x00, 0x00, 0x00, 0x0C, 0xFF, 0x80, 0x00, 0x00, 0x0F,
  0xFF, 0x40, 0x00, 0x00, 0x00, 0x0F, 0xFF, 0x40, 0x00, 0x00, 0x00, 0x0F, 0xFF, 0xFF, 0xFE, 0xB5,
  0x00, 0x0F, 0xFF, 0xFF, 0xFF, 0xFF, 0x90, 0x0F, 0xFF, 0xB9, 0xBF, 0xFF, 0xF4, 0x0F, 0xFF, 0x40,
  0x01, 0xEF, 0xFA, 0x0F, 0xFF, 0x40, 0x00, 0x9F, 0xFC, 0x0F, 0xFF, 0x40, 0x00, 0xAF, 0xFC, 0x0F,
  0xFF, 0x40, 0x02, 0xFF, 0xF9, 0x0F, 0xFF, 0xB9, 0xBF, 0xFF, 0xF2, 0x0F, 0xFF, 0xFF, 0xFF, 0xFF,
  0x60, 0x0F, 0xFF, 0xFF, 0xFD, 0x93, 0x00, 0x0F, 0xFF, 0x40, 0x00, 0x00, 0x00, 0x0F, 0xFF, 0x40,
  0x00, 0x00, 0x00, 0x0F, 0xFF, 0x40, 0x00, 0x00, 0x00, 0x00, 0x07, 0xBE, 0xFF, 0xD9, 0x30, 0x00,
  0x02, 0xEF, 0xFF, 0xFF, 0xFF, 0xF9, 0x00, 0x0C, 0xFF, 0xFC, 0xAB, 0xFF, 0xFF, 0x30, 0x2F, 0xFF,
  0x60, 0x00, 0x2F, 0xFF, 0x60, 0x4F, 0xFF, 0x00, 0x00, 0x2F, 0xFF, 0x20, 0x4F, 0xFF, 0x00, 0x04,
  0xEF, 0xF5, 0x00, 0x4F, 0xFF, 0x00, 0x6F, 0xFE, 0x30, 0x00, 0x4F, 0xFF, 0x00, 0xDF, 0xF7, 0x00,
  0x00, 0x4F, 0xFF, 0x00, 0xBF, 0xFF, 0x70, 0x00, 0x4F, 0xFF, 0x00, 0x1C, 0xFF, 0xFD, 0x30, 0x4F,
  0xFF, 0x00, 0x00, 0x6E, 0xFF, 0xF3, 0x4F, 0xFF, 0x00, 0x00, 0x00, 0xCF, 0xFB, 0x4F, 0xFF, 0x01,
  0x10, 0x00, 0x9F, 0xFD, 0x4F, 0xFF, 0x05, 0xFC, 0xAB, 0xFF, 0xFB, 0x4F, 0xFF, 0x05, 0xFF, 0xFF,
  0xFF, 0xF3, 0x4F, 0xFF, 0x01, 0x9D, 0xFF, 0xDA, 0x20, 0x00, 0x28, 0x88, 0x40, 0x00, 0x00, 0x00,
  0x08, 0xFF, 0xE2, 0x00, 0x00, 0x00, 0x00, 0x5F, 0xFC, 0x00, 0x00, 0x00, 0x00, 0x02, 0xDF, 0xA0,
  0x00, 0x00, 0x00, 0x00, 0x00, 0x00, 0x00, 0x00, 0x06, 0xBE, 0xFF, 0xC7, 0x00, 0x00, 0xCF, 0xFF,
  0xFF, 0xFF, 0xC0, 0x00, 0x5F, 0xEB, 0xAD, 0xFF, 0xF5, 0x00, 0x04, 0x00, 0x00, 0xDF, 0xF9, 0x00,
  0x00, 0x00, 0x00, 0xAF, 0xFA, 0x00, 0x4A, 0xDF, 0xFF, 0xFF, 0xFA, 0x06, 0xFF, 0xFF, 0xED, 0xFF,
  0xFA, 0x0E, 0xFF, 0xA1, 0x00, 0xAF, 0xFA, 0x0F, 0xFF, 0x50, 0x01, 0xEF, 0xFA, 0x0F, 0xFF, 0xEA,
  0xAF, 0xFF, 0xFA, 0x08, 0xFF, 0xFF, 0xFF, 0x6F, 0xFA, 0x00, 0x6D, 0xFE, 0xB3, 0x0D, 0xFA, 0x00,
  0x00, 0x00, 0x04, 0x88, 0x81, 0x00, 0x00, 0x00, 0x2F, 0xFF, 0x70, 0x00, 0x00, 0x01, 0xDF, 0xE4,
  0x00, 0x00, 0x00, 0x0B, 0xFC, 0x20, 0x00, 0x00, 0x00, 0x00, 0x00, 0x00, 0x00, 0x00, 0x06, 0xBE,
  0xFF, 0xC7, 0x00, 0x00, 0xCF, 0xFF, 0xFF, 0xFF, 0xC0, 0x00, 0x5F, 0xEB, 0xAD, 0xFF, 0xF5, 0x00,
  0x04, 0x00, 0x00, 0xDF, 0xF9, 0x00, 0x00, 0x00, 0x00, 0xAF, 0xFA, 0x00, 0x4A, 0xDF, 0xFF, 0xFF,
  0xFA, 0x06, 0xFF, 0xFF, 0xED, 0xFF, 0xFA, 0x0E, 0xFF, 0xA1, 0x00, 0xAF, 0xFA, 0x0F, 0xFF, 0x50,
  0x01, 0xEF, 0xFA, 0x0F, 0xFF, 0xEA, 0xAF, 0xFF, 0xFA, 0x08, 0xFF, 0xFF, 0xFF, 0x6F, 0xFA, 0x00,
  0x6D, 0xFE, 0xB3, 0x0D, 0xFA, 0x00, 0x00, 0x38, 0x88, 0x50, 0x00, 0x00, 0x01, 0xEF, 0xFF, 0xF5,
  0x00, 0x00, 0x0D, 0xFE, 0x5D, 0xFF, 0x30, 0x00, 0xCF, 0xC2, 0x00, 0x9F, 0xE2, 0x00, 0x00, 0x00,
  0x00, 0x00, 0x00, 0x00, 0x06, 0xBE, 0xFF, 0xC7, 0x00, 0x00, 0xCF, 0xFF, 0xFF, 0xFF, 0xC0, 0x00,
  0x5F, 0xEB, 0xAD, 0xFF, 0xF5, 0x00, 0x04, 0x00, 0x00, 0xDF, 0xF9, 0x00, 0x00, 0x00, 0x00, 0xAF,
  0xFA, 0x00, 0x4A, 0xDF, 0xFF, 0xFF, 0xFA, 0x06, 0xFF, 0xFF, 0xED, 0xFF, 0xFA, 0x0E, 0xFF, 0xA1,
  0x00, 0xAF, 0xFA, 0x0F, 0xFF, 0x50, 0x01, 0xEF, 0xFA, 0x0F, 0xFF, 0xEA, 0xAF, 0xFF, 0xFA, 0x08,
  0xFF, 0xFF, 0xFF, 0x6F, 0xFA, 0x00, 0x6D, 0xFE, 0xB3, 0x0D, 0xFA, 0x00, 0x01, 0x78, 0x30, 0x06,
  0x90, 0x00, 0x1E, 0xFF, 0xFC, 0xAF, 0xE0, 0x00, 0x7F, 0xFF, 0xFF, 0xFF, 0x70, 0x00, 0xBF, 0x21,
  0x8D, 0xE9, 0x00, 0x00, 0x00, 0x00, 0x00, 0x00, 0x00, 0x00, 0x06, 0xBE, 0xFF, 0xC7, 0x00, 0x00,
  0xCF, 0xFF, 0xFF, 0xFF, 0xC0, 0x00, 0x5F, 0xEB, 0xAD, 0xFF, 0xF5, 0x00, 0x04, 0x00, 0x00, 0xDF,
  0xF9, 0x00, 0x00, 0x00, 0x00, 0xAF, 0xFA, 0x00, 0x4A, 0xDF, 0xFF, 0xFF, 0xFA, 0x06, 0xFF, 0xFF,
  0xED, 0xFF, 0xFA, 0x0E, 0xFF, 0xA1, 0x00, 0xAF, 0xFA, 0x0F, 0xFF, 0x50, 0x01, 0xEF, 0xFA, 0x0F,
  0xFF, 0xEA, 0xAF, 0xFF, 0xFA, 0x08, 0xFF, 0xFF, 0xFF, 0x6F, 0xFA, 0x00, 0x6D, 0xFE, 0xB3, 0x0D,
  0xFA, 0x00, 0x04, 0x83, 0x02, 0x86, 0x00, 0x00, 0x0F, 0xFE, 0x0A, 0xFF, 0x40, 0x00, 0x0A, 0xF9,
  0x06, 0xFD, 0x10, 0x00, 0x00, 0x00, 0x00, 0x00, 0x00, 0x00, 0x06, 0xBE, 0xFF, 0xC7, 0x00, 0x00,
  0xCF, 0xFF, 0xFF, 0xFF, 0xC0, 0x00, 0x5F, 0xEB, 0xAD, 0xFF, 0xF5, 0x00, 0x04, 0x00, 0x00, 0xDF,
  0xF9, 0x00, 0x00, 0x00, 0x00, 0xAF, 0xFA, 0x00, 0x4A, 0xDF, 0xFF, 0xFF, 0xFA, 0x06, 0xFF, 0xFF,
  0xED, 0xFF, 0xFA, 0x0E, 0xFF, 0xA1, 0x00, 0xAF, 0xFA, 0x0F, 0xFF, 0x50, 0x01, 0xEF, 0xFA, 0x0F,
  0xFF, 0xEA, 0xAF, 0xFF, 0xFA, 0x08, 0xFF, 0xFF, 0xFF, 0x6F, 0xFA, 0x00, 0x6D, 0xFE, 0xB3, 0x0D,
  0xFA, 0x00, 0x00, 0x2B, 0xFD, 0x40, 0x00, 0x00, 0x00, 0xCE, 0x3B, 0xF1, 0x00, 0x00, 0x00, 0xF9,
  0x06, 0xF4, 0x00, 0x00, 0x00, 0xEC, 0x0A, 0xF2, 0x00, 0x00, 0x00, 0x4E, 0xFF, 0x60, 0x00, 0x00,
  0x00, 0x00, 0x20, 0x00, 0x00, 0x00, 0x06, 0xBE, 0xFF, 0xC7, 0x00, 0x00, 0xCF, 0xFF, 0xFF, 0xFF,
  0xC0, 0x00, 0x5F, 0xEB, 0xAD, 0xFF, 0xF5, 0x00, 0x04, 0x00, 0x00, 0xDF, 0xF9, 0x00, 0x00, 0x00,
  0x00, 0xAF, 0xFA, 0x00, 0x4A, 0xDF, 0xFF, 0xFF, 0xFA, 0x06, 0xFF, 0xFF, 0xED, 0xFF, 0xFA, 0x0E,
  0xFF, 0xA1, 0x00, 0xAF, 0xFA, 0x0F, 0xFF, 0x50, 0x01, 0xEF, 0xFA, 0x0F, 0xFF, 0xEA, 0xAF, 0xFF,
  0xFA, 0x08, 0xFF, 0xFF, 0xFF, 0x6F, 0xFA, 0x00, 0x6D, 0xFE, 0xB3, 0x0D, 0xFA, 0x00, 0x16, 0xCE,
  0xFE, 0xA2, 0x06, 0xCF, 0xFD, 0x70, 0x00, 0x00, 0xBF, 0xFF, 0xFF, 0xFF, 0xBF, 0xFF, 0xFF, 0xFC,
  0x00, 0x00, 0x4F, 0xDB, 0x9D, 0xFF, 0xFF, 0xEA, 0xAF, 0xFF, 0x80, 0x00, 0x01, 0x00, 0x00, 0xEF,
  0xFD, 0x00, 0x02, 0xFF, 0xE0, 0x00, 0x04, 0x79, 0x99, 0xEF, 0xFD, 0x99, 0x99, 0xFF, 0xF2, 0x01,
  0xCF, 0xFF, 0xFF, 0xFF, 0xFF, 0xFF, 0xFF, 0xFF, 0xF3, 0x0B, 0xFF, 0xF7, 0x44, 0xEF, 0xFF, 0xFF,
  0xFF, 0xFF, 0xF3, 0x0F, 0xFF, 0x70, 0x00, 0xEF, 0xF9, 0x00, 0x00, 0x00, 0x00, 0x0F, 0xFF, 0x60,
  0x04, 0xFF, 0xFE, 0x20, 0x00, 0x01, 0x20, 0x0D, 0xFF, 0xFA, 0xBF, 0xFE, 0xFF, 0xFB, 0x9B, 0xCF,
  0x80, 0x06, 0xFF, 0xFF, 0xFF, 0xC0, 0xAF, 0xFF, 0xFF, 0xFF, 0x80, 0x00, 0x5C, 0xFF, 0xD7, 0x00,
  0x05, 0xBE, 0xFF, 0xC7, 0x10, 0x00, 0x29, 0xDF, 0xFD, 0x92, 0x05, 0xFF, 0xFF, 0xFF, 0xF5, 0x2F,
  0xFF, 0xEA, 0xBE, 0xE0, 0x9F, 0xFE, 0x10, 0x00, 0x20, 0xDF, 0xF8, 0x00, 0x00, 0x00, 0xFF, 0xF6,
  0x00, 0x00, 0x00, 0xFF, 0xF6, 0x00, 0x00, 0x00, 0xEF, 0xF8, 0x00, 0x00, 0x00, 0xBF, 0xFE, 0x10,
  0x00, 0x32, 0x4F, 0xFF, 0xEA, 0xAD, 0xF4, 0x09, 0xFF, 0xFF, 0xFF, 0xF4, 0x00, 0x4B, 0xEF, 0xFD,
  0x70, 0x00, 0x00, 0xDF, 0x70, 0x00, 0x00, 0x02, 0xCF, 0xF7, 0x00, 0x00, 0x00, 0x0B, 0xFE, 0x00,
  0x00, 0x0C, 0xCF, 0xFB, 0x00, 0x00, 0x0D, 0xFF, 0xB2, 0x00, 0x03, 0x88, 0x82, 0x00, 0x00, 0x00,
  0x00, 0xAF, 0xFD, 0x00, 0x00, 0x00, 0x00, 0x07, 0xFF, 0xB0, 0x00, 0x00, 0x00, 0x00, 0x4E, 0xF8,
  0x00, 0x00, 0x00, 0x00, 0x00, 0x00, 0x00, 0x00, 0x00, 0x29, 0xDF, 0xEB, 0x50, 0x00, 0x05, 0xFF,
  0xFF, 0xFF, 0xFA, 0x00, 0x2F, 0xFF, 0xDA, 0xBF, 0xFF, 0x60, 0x9F, 0xFB, 0x00, 0x05, 0xFF, 0xC0,
  0xDF, 0xFC, 0x99, 0x99, 0xFF, 0xF0, 0xFF, 0xFF, 0xFF, 0xFF, 0xFF, 0xF0, 0xFF, 0xFF, 0xFF, 0xFF,
  0xFF, 0xF1, 0xDF, 0xF6, 0x00, 0x00, 0x00, 0x00, 0x9F, 0xFD, 0x10, 0x00, 0x01, 0x10, 0x2F, 0xFF,
  0xFB, 0x9B, 0xDF, 0x60, 0x04, 0xFF, 0xFF, 0xFF, 0xFF, 0x60, 0x00, 0x18, 0xDF, 0xFE, 0xC6, 0x00,
  0x00, 0x00, 0x00, 0x58, 0x87, 0x00, 0x00, 0x00, 0x04, 0xFF, 0xF5, 0x00, 0x00, 0x00, 0x2E, 0xFE,
  0x30, 0x00, 0x00, 0x00, 0xDF, 0xB1, 0x00, 0x00, 0x00, 0x00, 0x00, 0x00, 0x00, 0x00, 0x00, 0x29,
  0xDF, 0xEB, 0x50, 0x00, 0x05, 0xFF, 0xFF, 0xFF, 0xFA, 0x00, 0x2F, 0xFF, 0xDA, 0xBF, 0xFF, 0x60,
  0x9F, 0xFB, 0x00, 0x05, 0xFF, 0xC0, 0xDF, 0xFC, 0x99, 0x99, 0xFF, 0xF0, 0xFF, 0xFF, 0xFF, 0xFF,
  0xFF, 0xF0, 0xFF, 0xFF, 0xFF, 0xFF, 0xFF, 0xF1, 0xDF, 0xF6, 0x00, 0x00, 0x00, 0x00, 0x9F, 0xFD,
  0x10, 0x00, 0x01, 0x10, 0x2F, 0xFF, 0xFB, 0x9B, 0xDF, 0x60, 0x04, 0xFF, 0xFF, 0xFF, 0xFF, 0x60,
  0x00, 0x18, 0xDF, 0xFE, 0xC6, 0x00, 0x00, 0x04, 0x88, 0x84, 0x00, 0x00, 0x00, 0x3F, 0xFF, 0xFF,
  0x30, 0x00, 0x01, 0xEF, 0xE5, 0xEF, 0xE2, 0x00, 0x0D, 0xFA, 0x10, 0x1A, 0xFD, 0x10, 0x00, 0x00,
  0x00, 0x00, 0x00, 0x00, 0x00, 0x29, 0xDF, 0xEB, 0x50, 0x00, 0x05, 0xFF, 0xFF, 0xFF, 0xFA, 0x00,
  0x2F, 0xFF, 0xDA, 0xBF, 0xFF, 0x60, 0x9F, 0xFB, 0x00, 0x05, 0xFF, 0xC0, 0xDF, 0xFC, 0x99, 0x99,
  0xFF, 0xF0, 0xFF, 0xFF, 0xFF, 0xFF, 0xFF, 0xF0, 0xFF, 0xFF, 0xFF, 0xFF, 0xFF, 0xF1, 0xDF, 0xF6,
  0x00, 0x00, 0x00, 0x00, 0x9F, 0xFD, 0x10, 0x00, 0x01, 0x10, 0x2F, 0xFF, 0xFB, 0x9B, 0xDF, 0x60,
  0x04, 0xFF, 0xFF, 0xFF, 0xFF, 0x60, 0x00, 0x18, 0xDF, 0xFE, 0xC6, 0x00, 0x00, 0x58, 0x20, 0x38,
  0x50, 0x00, 0x02, 0xFF, 0xC0, 0xCF, 0xF1, 0x00, 0x00, 0xCF, 0x70, 0x8F, 0xC0, 0x00, 0x00, 0x00,
  0x00, 0x00, 0x00, 0x00, 0x00, 0x29, 0xDF, 0xEB, 0x50, 0x00, 0x05, 0xFF, 0xFF, 0xFF, 0xFA, 0x00,
  0x2F, 0xFF, 0xDA, 0xBF, 0xFF, 0x60, 0x9F, 0xFB, 0x00, 0x05, 0xFF, 0xC0, 0xDF, 0xFC, 0x99, 0x99,
  0xFF, 0xF0, 0xFF, 0xFF, 0xFF, 0xFF, 0xFF, 0xF0, 0xFF, 0xFF, 0xFF, 0xFF, 0xFF, 0xF1, 0xDF, 0xF6,
  0x00, 0x00, 0x00, 0x00, 0x9F, 0xFD, 0x10, 0x00, 0x01, 0x10, 0x2F, 0xFF, 0xFB, 0x9B, 0xDF, 0x60,
  0x04, 0xFF, 0xFF, 0xFF, 0xFF, 0x60, 0x00, 0x18, 0xDF, 0xFE, 0xC6, 0x00, 0x48, 0x88, 0x10, 0x00,
  0xBF, 0xFC, 0x00, 0x00, 0x9F, 0xF9, 0x00, 0x00, 0x5F, 0xF5, 0x00, 0x00, 0x00, 0x00, 0x04, 0xFF,
  0xF0, 0x00, 0x4F, 0xFF, 0x00, 0x04, 0xFF, 0xF0, 0x00, 0x4F, 0xFF, 0x00, 0x04, 0xFF, 0xF0, 0x00,
  0x4F, 0xFF, 0x00, 0x04, 0xFF, 0xF0, 0x00, 0x4F, 0xFF, 0x00, 0x04, 0xFF, 0xF0, 0x00, 0x4F, 0xFF,
  0x00, 0x04, 0xFF, 0xF0, 0x00, 0x4F, 0xFF, 0x00, 0x00, 0x06, 0x88, 0x70, 0x06, 0xFF, 0xE3, 0x03,
  0xFF, 0xD2, 0x01, 0xEF, 0xA0, 0x00, 0x00, 0x00, 0x00, 0x04, 0xFF, 0xF0, 0x00, 0x4F, 0xFF, 0x00,
  0x04, 0xFF, 0xF0, 0x00, 0x4F, 0xFF, 0x00, 0x04, 0xFF, 0xF0, 0x00, 0x4F, 0xFF, 0x00, 0x04, 0xFF,
  0xF0, 0x00, 0x4F, 0xFF, 0x00, 0x04, 0xFF, 0xF0, 0x00, 0x4F, 0xFF, 0x00, 0x04, 0xFF, 0xF0, 0x00,
  0x4F, 0xFF, 0x00, 0x00, 0x00, 0x58, 0x88, 0x30, 0x00, 0x04, 0xFF, 0xFF, 0xE1, 0x00, 0x3F, 0xFC,
  0x5F, 0xFD, 0x10, 0xEF, 0x90, 0x02, 0xCF, 0xC0, 0x00, 0x00, 0x00, 0x00, 0x00, 0x00, 0x4F, 0xFF,
  0x00, 0x00, 0x00, 0x4F, 0xFF, 0x00, 0x00, 0x00, 0x4F, 0xFF, 0x00, 0x00, 0x00, 0x4F, 0xFF, 0x00,
  0x00, 0x00, 0x4F, 0xFF, 0x00, 0x00, 0x00, 0x4F, 0xFF, 0x00, 0x00, 0x00, 0x4F, 0xFF, 0x00, 0x00,
  0x00, 0x4F, 0xFF, 0x00, 0x00, 0x00, 0x4F, 0xFF, 0x00, 0x00, 0x00, 0x4F, 0xFF, 0x00, 0x00, 0x00,
  0x4F, 0xFF, 0x00, 0x00, 0x00, 0x4F, 0xFF, 0x00, 0x00, 0x07, 0x81, 0x04, 0x84, 0x04, 0xFF, 0x90,
  0xFF, 0xF0, 0x1D, 0xF5, 0x0A, 0xFA, 0x00, 0x00, 0x00, 0x00, 0x00, 0x00, 0x4F, 0xFF, 0x00, 0x00,
  0x04, 0xFF, 0xF0, 0x00, 0x00, 0x4F, 0xFF, 0x00, 0x00, 0x04, 0xFF, 0xF0, 0x00, 0x00, 0x4F, 0xFF,
  0x00, 0x00, 0x04, 0xFF, 0xF0, 0x00, 0x00, 0x4F, 0xFF, 0x00, 0x00, 0x04, 0xFF, 0xF0, 0x00, 0x00,
  0x4F, 0xFF, 0x00, 0x00, 0x04, 0xFF, 0xF0, 0x00, 0x00, 0x4F, 0xFF, 0x00, 0x00, 0x04, 0xFF, 0xF0,
  0x00, 0x00, 0x00, 0x00, 0x00, 0x00, 0x00, 0x00, 0x06, 0xC4, 0x01, 0xA7, 0x00, 0x00, 0x0E, 0xFF,
  0xBF, 0xFE, 0x00, 0x00, 0x03, 0xDF, 0xFF, 0xB1, 0x00, 0x00, 0x19, 0xFF, 0xFF, 0xE2, 0x00, 0x00,
  0x1E, 0xF7, 0x8F, 0xFD, 0x00, 0x00, 0x04, 0x10, 0x0A, 0xFF, 0x70, 0x00, 0x5B, 0xEF, 0xD8, 0xFF,
  0xE0, 0x09, 0xFF, 0xFF, 0xFF, 0xFF, 0xF3, 0x5F, 0xFF, 0xEA, 0xBF, 0xFF, 0xF7, 0xBF, 0xFD, 0x00,
  0x04, 0xFF, 0xF8, 0xEF, 0xF7, 0x00, 0x00, 0xCF, 0xF9, 0xFF, 0xF5, 0x00, 0x00, 0xCF, 0xF8, 0xEF,
  0xF7, 0x00, 0x00, 0xEF, 0xF6, 0xAF, 0xFD, 0x10, 0x05, 0xFF, 0xF2, 0x3F, 0xFF, 0xEA, 0xBF, 0xFF,
  0xA0, 0x06, 0xFF, 0xFF, 0xFF, 0xFC, 0x00, 0x00, 0x29, 0xDF, 0xFC, 0x60, 0x00, 0x00, 0x03, 0x87,
  0x10, 0x09, 0x60, 0x00, 0x5F, 0xFF, 0xFB, 0xCF, 0x70, 0x00, 0xEF, 0xFF, 0xFF, 0xFF, 0x10, 0x01,
  0xFB, 0x04, 0xBE, 0xD4, 0x00, 0x00, 0x00, 0x00, 0x00, 0x00, 0x00, 0x4F, 0xF5, 0x19, 0xEF, 0xEA,
  0x10, 0x4F, 0xFA, 0xDF, 0xFF, 0xFF, 0xE1, 0x4F, 0xFF, 0xFD, 0xAD, 0xFF, 0xF8, 0x4F, 0xFF, 0xB0,
  0x00, 0xDF, 0xFB, 0x4F, 0xFF, 0x30, 0x00, 0x8F, 0xFC, 0x4F, 0xFF, 0x10, 0x00, 0x7F, 0xFC, 0x4F,
  0xFF, 0x00, 0x00, 0x7F, 0xFC, 0x4F, 0xFF, 0x00, 0x00, 0x7F, 0xFC, 0x4F, 0xFF, 0x00, 0x00, 0x7F,
  0xFC, 0x4F, 0xFF, 0x00, 0x00, 0x7F, 0xFC, 0x4F, 0xFF, 0x00, 0x00, 0x7F, 0xFC, 0x4F, 0xFF, 0x00,
  0x00, 0x7F, 0xFC, 0x00, 0x78, 0x85, 0x00, 0x00, 0x00, 0x00, 0x5F, 0xFF, 0x30, 0x00, 0x00, 0x00,
  0x03, 0xEF, 0xE1, 0x00, 0x00, 0x00, 0x00, 0x1B, 0xFC, 0x00, 0x00, 0x00, 0x00, 0x00, 0x00, 0x00,
  0x00, 0x00, 0x29, 0xDF, 0xEC, 0x60, 0x00, 0x05, 0xFF, 0xFF, 0xFF, 0xFC, 0x10, 0x2F, 0xFF, 0xEA,
  0xBF, 0xFF, 0xA0, 0x9F, 0xFE, 0x10, 0x05, 0xFF, 0xF2, 0xEF, 0xF8, 0x00, 0x00, 0xEF, 0xF7, 0xFF,
  0xF5, 0x00, 0x00, 0xCF, 0xF9, 0xFF, 0xF6, 0x00, 0x00, 0xCF, 0xF9, 0xDF, 0xF8, 0x00, 0x00, 0xEF,
  0xF7, 0x8F, 0xFE, 0x10, 0x05, 0xFF, 0xF3, 0x2F, 0xFF, 0xEA, 0xBF, 0xFF, 0xB0, 0x04, 0xFF, 0xFF,
  0xFF, 0xFD, 0x10, 0x00, 0x29, 0xDF, 0xFC, 0x70, 0x00, 0x00, 0x00, 0x00, 0x38, 0x88, 0x30, 0x00,
  0x00, 0x01, 0xDF, 0xF9, 0x00, 0x00, 0x00, 0x0B, 0xFF, 0x70, 0x00, 0x00, 0x00, 0x8F, 0xE3, 0x00,
  0x00, 0x00, 0x00, 0x00, 0x00, 0x00, 0x00, 0x00, 0x29, 0xDF, 0xEC, 0x60, 0x00, 0x05, 0xFF, 0xFF,
  0xFF, 0xFC, 0x10, 0x2F, 0xFF, 0xEA, 0xBF, 0xFF, 0xA0, 0x9F, 0xFE, 0x10, 0x05, 0xFF, 0xF2, 0xEF,
  0xF8, 0x00, 0x00, 0xEF, 0xF7, 0xFF, 0xF5, 0x00, 0x00, 0xCF, 0xF9, 0xFF, 0xF6, 0x00, 0x00, 0xCF,
  0xF9, 0xDF, 0xF8, 0x00, 0x00, 0xEF, 0xF7, 0x8F, 0xFE, 0x10, 0x05, 0xFF, 0xF3, 0x2F, 0xFF, 0xEA,
  0xBF, 0xFF, 0xB0, 0x04, 0xFF, 0xFF, 0xFF, 0xFD, 0x10, 0x00, 0x29, 0xDF, 0xFC, 0x70, 0x00, 0x00,
  0x02, 0x88, 0x87, 0x00, 0x00, 0x00, 0x0C, 0xFF, 0xFF, 0x70, 0x00, 0x00, 0xBF, 0xF6, 0xBF, 0xF5,
  0x00, 0x09, 0xFD, 0x30, 0x07, 0xFF, 0x40, 0x00, 0x00, 0x00, 0x00, 0x00, 0x00, 0x00, 0x29, 0xDF,
  0xEC, 0x60, 0x00, 0x05, 0xFF, 0xFF, 0xFF, 0xFC, 0x10, 0x2F, 0xFF, 0xEA, 0xBF, 0xFF, 0xA0, 0x9F,
  0xFE, 0x10, 0x05, 0xFF, 0xF2, 0xEF, 0xF8, 0x00, 0x00, 0xEF, 0xF7, 0xFF, 0xF5, 0x00, 0x00, 0xCF,
  0xF9, 0xFF, 0xF6, 0x00, 0x00, 0xCF, 0xF9, 0xDF, 0xF8, 0x00, 0x00, 0xEF, 0xF7, 0x8F, 0xFE, 0x10,
  0x05, 0xFF, 0xF3, 0x2F, 0xFF, 0xEA, 0xBF, 0xFF, 0xB0, 0x04, 0xFF, 0xFF, 0xFF, 0xFD, 0x10, 0x00,
  0x29, 0xDF, 0xFC, 0x70, 0x00, 0x00, 0x06, 0x84, 0x00, 0x49, 0x20, 0x00, 0xCF, 0xFF, 0xDA, 0xFF,
  0x10, 0x04, 0xFF, 0xFF, 0xFF, 0xFA, 0x00, 0x08, 0xF5, 0x16, 0xDF, 0xA1, 0x00, 0x00, 0x00, 0x00,
  0x00, 0x00, 0x00, 0x00, 0x29, 0xDF, 0xEC, 0x60, 0x00, 0x05, 0xFF, 0xFF, 0xFF, 0xFC, 0x10, 0x2F,
  0xFF, 0xEA, 0xBF, 0xFF, 0xA0, 0x9F, 0xFE, 0x10, 0x05, 0xFF, 0xF2, 0xEF, 0xF8, 0x00, 0x00, 0xEF,
  0xF7, 0xFF, 0xF5, 0x00, 0x00, 0xCF, 0xF9, 0xFF, 0xF6, 0x00, 0x00, 0xCF, 0xF9, 0xDF, 0xF8, 0x00,
  0x00, 0xEF, 0xF7, 0x8F, 0xFE, 0x10, 0x05, 0xFF, 0xF3, 0x2F, 0xFF, 0xEA, 0xBF, 0xFF, 0xB0, 0x04,
  0xFF, 0xFF, 0xFF, 0xFD, 0x10, 0x00, 0x29, 0xDF, 0xFC, 0x70, 0x00, 0x00, 0x38, 0x50, 0x18, 0x70,
  0x00, 0x00, 0xDF, 0xF1, 0x7F, 0xF6, 0x00, 0x00, 0x8F, 0xB0, 0x3E, 0xE3, 0x00, 0x00, 0x00, 0x00,
  0x00, 0x00, 0x00, 0x00, 0x29, 0xDF, 0xEC, 0x60, 0x00, 0x05, 0xFF, 0xFF, 0xFF, 0xFC, 0x10, 0x2F,
  0xFF, 0xEA, 0xBF, 0xFF, 0xA0, 0x9F, 0xFE, 0x10, 0x05, 0xFF, 0xF2, 0xEF, 0xF8, 0x00, 0x00, 0xEF,
  0xF7, 0xFF, 0xF5, 0x00, 0x00, 0xCF, 0xF9, 0xFF, 0xF6, 0x00, 0x00, 0xCF, 0xF9, 0xDF, 0xF8, 0x00,
  0x00, 0xEF, 0xF7, 0x8F, 0xFE, 0x10, 0x05, 0xFF, 0xF3, 0x2F, 0xFF, 0xEA, 0xBF, 0xFF, 0xB0, 0x04,
  0xFF, 0xFF, 0xFF, 0xFD, 0x10, 0x00, 0x29, 0xDF, 0xFC, 0x70, 0x00, 0x00, 0x00, 0x06, 0x82, 0x00,
  0x00, 0x00, 0x00, 0x2F, 0xFB, 0x00, 0x00, 0x00, 0x00, 0x0C, 0xF6, 0x00, 0x00, 0x09, 0x99, 0x99,
  0x99, 0x99, 0x95, 0x0F, 0xFF, 0xFF, 0xFF, 0xFF, 0xF9, 0x0F, 0xFF, 0xFF, 0xFF, 0xFF, 0xF9, 0x00,
  0x00, 0x00, 0x00, 0x00, 0x00, 0x00, 0x00, 0x06, 0x82, 0x00, 0x00, 0x00, 0x00, 0x2F, 0xFB, 0x00,
  0x00, 0x00, 0x00, 0x0C, 0xF6, 0x00, 0x00, 0x00, 0x00, 0x00, 0x00, 0x01, 0x00, 0x00, 0x29, 0xDF,
  0xEC, 0xAE, 0x40, 0x05, 0xFF, 0xFF, 0xFF, 0xFF, 0x50, 0x2F, 0xFF, 0xEA, 0xCF, 0xFF, 0xB0, 0x9F,
  0xFE, 0x10, 0x8F, 0xFF, 0xF3, 0xEF, 0xF8, 0x03, 0xFF, 0xFF, 0xF7, 0xFF, 0xF5, 0x0D, 0xF7, 0xCF,
  0xF9, 0xFF, 0xF5, 0xAF, 0xC0, 0xCF, 0xF9, 0xDF, 0xFC, 0xFF, 0x20, 0xEF, 0xF7, 0x9F, 0xFF, 0xF5,
  0x05, 0xFF, 0xF3, 0x1F, 0xFF, 0xFA, 0xBF, 0xFF, 0xB0, 0x09, 0xFF, 0xFF, 0xFF, 0xFD, 0x10, 0x0D,
  0xFA, 0xDF, 0xFC, 0x70, 0x00, 0x00, 0x50, 0x00, 0x00, 0x00, 0x00, 0x00, 0x58, 0x87, 0x00, 0x00,
  0x00, 0x00, 0x1D, 0xFF, 0xA0, 0x00, 0x00, 0x00, 0x00, 0xAF, 0xF7, 0x00, 0x00, 0x00, 0x00, 0x07,
  0xFF, 0x40, 0x00, 0x00, 0x00, 0x00, 0x00, 0x00, 0x00, 0x5F, 0xFE, 0x00, 0x00, 0x8F, 0xFB, 0x5F,
  0xFE, 0x00, 0x00, 0x8F, 0xFB, 0x5F, 0xFE, 0x00, 0x00, 0x8F, 0xFB, 0x5F, 0xFE, 0x00, 0x00, 0x8F,
  0xFB, 0x5F, 0xFE, 0x00, 0x00, 0x8F, 0xFB, 0x5F, 0xFE, 0x00, 0x00, 0x8F, 0xFB, 0x5F, 0xFE, 0x00,
  0x00, 0x9F, 0xFB, 0x5F, 0xFF, 0x00, 0x00, 0xBF, 0xFB, 0x4F, 0xFF, 0x30, 0x01, 0xFF, 0xFB, 0x1F,
  0xFF, 0xD6, 0x7D, 0xFF, 0xFB, 0x09, 0xFF, 0xFF, 0xFF, 0xBF, 0xFB, 0x00, 0x6D, 0xFF, 0xC6, 0x0E,
  0xFB, 0x00, 0x00, 0x00, 0x07, 0x88, 0x60, 0x00, 0x00, 0x00, 0x8F, 0xFD, 0x20, 0x00, 0x00, 0x05,
  0xFF, 0xB1, 0x00, 0x00, 0x00, 0x2F, 0xF8, 0x00, 0x00, 0x00, 0x00, 0x00, 0x00, 0x00, 0x00, 0x5F,
  0xFE, 0x00, 0x00, 0x8F, 0xFB, 0x5F, 0xFE, 0x00, 0x00, 0x8F, 0xFB, 0x5F, 0xFE, 0x00, 0x00, 0x8F,
  0xFB, 0x5F, 0xFE, 0x00, 0x00, 0x8F, 0xFB, 0x5F, 0xFE, 0x00, 0x00, 0x8F, 0xFB, 0x5F, 0xFE, 0x00,
  0x00, 0x8F, 0xFB, 0x5F, 0xFE, 0x00, 0x00, 0x9F, 0xFB, 0x5F, 0xFF, 0x00, 0x00, 0xBF, 0xFB, 0x4F,
  0xFF, 0x30, 0x01, 0xFF, 0xFB, 0x1F, 0xFF, 0xD6, 0x7D, 0xFF, 0xFB, 0x09, 0xFF, 0xFF, 0xFF, 0xBF,
  0xFB, 0x00, 0x6D, 0xFF, 0xC6, 0x0E, 0xFB, 0x00, 0x00, 0x68, 0x88, 0x20, 0x00, 0x00, 0x06, 0xFF,
  0xFF, 0xD0, 0x00, 0x00, 0x4F, 0xFB, 0x6F, 0xFB, 0x00, 0x03, 0xFF, 0x80, 0x03, 0xDF, 0xA0, 0x00,
  0x00, 0x00, 0x00, 0x00, 0x00, 0x5F, 0xFE, 0x00, 0x00, 0x8F, 0xFB, 0x5F, 0xFE, 0x00, 0x00, 0x8F,
  0xFB, 0x5F, 0xFE, 0x00, 0x00, 0x8F, 0xFB, 0x5F, 0xFE, 0x00, 0x00, 0x8F, 0xFB, 0x5F, 0xFE, 0x00,
  0x00, 0x8F, 0xFB, 0x5F, 0xFE, 0x00, 0x00, 0x8F, 0xFB, 0x5F, 0xFE, 0x00, 0x00, 0x9F, 0xFB, 0x5F,
  0xFF, 0x00, 0x00, 0xBF, 0xFB, 0x4F, 0xFF, 0x30, 0x01, 0xFF, 0xFB, 0x1F, 0xFF, 0xD6, 0x7D, 0xFF,
  0xFB, 0x09, 0xFF, 0xFF, 0xFF, 0xBF, 0xFB, 0x00, 0x6D, 0xFF, 0xC6, 0x0E, 0xFB, 0x00, 0x07, 0x80,
  0x05, 0x83, 0x00, 0x00, 0x6F, 0xF7, 0x1F, 0xFD, 0x00, 0x00, 0x3E, 0xE3, 0x0B, 0xF8, 0x00, 0x00,
  0x00, 0x00, 0x00, 0x00, 0x00, 0x5F, 0xFE, 0x00, 0x00, 0x8F, 0xFB, 0x5F, 0xFE, 0x00, 0x00, 0x8F,
  0xFB, 0x5F, 0xFE, 0x00, 0x00, 0x8F, 0xFB, 0x5F, 0xFE, 0x00, 0x00, 0x8F, 0xFB, 0x5F, 0xFE, 0x00,
  0x00, 0x8F, 0xFB, 0x5F, 0xFE, 0x00, 0x00, 0x8F, 0xFB, 0x5F, 0xFE, 0x00, 0x00, 0x9F, 0xFB, 0x5F,
  0xFF, 0x00, 0x00, 0xBF, 0xFB, 0x4F, 0xFF, 0x30, 0x01, 0xFF, 0xFB, 0x1F, 0xFF, 0xD6, 0x7D, 0xFF,
  0xFB, 0x09, 0xFF, 0xFF, 0xFF, 0xBF, 0xFB, 0x00, 0x6D, 0xFF, 0xC6, 0x0E, 0xFB, 0x00, 0x00, 0x00,
  0x07, 0x88, 0x60, 0x00, 0x00, 0x00, 0x07, 0xFF, 0xE3, 0x00, 0x00, 0x00, 0x04, 0xFF, 0xC1, 0x00,
  0x00, 0x00, 0x02, 0xFF, 0x80, 0x00, 0x00, 0x00, 0x00, 0x00, 0x00, 0x00, 0x00, 0x0C, 0xFF, 0xC0,
  0x00, 0x02, 0xFF, 0xF5, 0x6F, 0xFF, 0x10, 0x00, 0x8F, 0xFE, 0x00, 0xFF, 0xF7, 0x00, 0x0D, 0xFF,
  0x80, 0x09, 0xFF, 0xC0, 0x02, 0xFF, 0xF2, 0x00, 0x2F, 0xFF, 0x20, 0x8F, 0xFC, 0x00, 0x00, 0xCF,
  0xF7, 0x0D, 0xFF, 0x60, 0x00, 0x05, 0xFF, 0xC2, 0xFF, 0xF1, 0x00, 0x00, 0x0E, 0xFF, 0x8F, 0xFA,
  0x00, 0x00, 0x00, 0x8F, 0xFE, 0xFF, 0x40, 0x00, 0x00, 0x02, 0xFF, 0xFF, 0xE0, 0x00, 0x00, 0x00,
  0x0B, 0xFF, 0xF8, 0x00, 0x00, 0x00, 0x00, 0x5F, 0xFF, 0x20, 0x00, 0x00, 0x00, 0x08, 0xFF, 0xC0,
  0x00, 0x00, 0x00, 0x02, 0xFF, 0xF5, 0x00, 0x00, 0x02, 0x9A, 0xFF, 0xFD, 0x00, 0x00, 0x00, 0x4F,
  0xFF, 0xFE, 0x20, 0x00, 0x00, 0x03, 0xFF, 0xD8, 0x10, 0x00, 0x00, 0x00, 0x4F, 0xFF, 0x00, 0x00,
  0x00, 0x00, 0x4F, 0xFF, 0x00, 0x00, 0x00, 0x00, 0x4F, 0xFF, 0x00, 0x00, 0x00, 0x00, 0x4F, 0xFF,
  0x00, 0x00, 0x00, 0x00, 0x4F, 0xFF, 0x08, 0xEF, 0xD7, 0x00, 0x4F, 0xFE, 0xCF, 0xFF, 0xFF, 0x90,
  0x4F, 0xFF, 0xFC, 0xAE, 0xFF, 0xF4, 0x4F, 0xFF, 0x80, 0x01, 0xEF, 0xFA, 0x4F, 0xFF, 0x20, 0x00,
  0x9F, 0xFD, 0x4F, 0xFF, 0x00, 0x00, 0x7F, 0xFE, 0x4F, 0xFF, 0x00, 0x00, 0x7F, 0xFE, 0x4F, 0xFF,
  0x20, 0x00, 0x9F, 0xFD, 0x4F, 0xFF, 0x90, 0x01, 0xEF, 0xF9, 0x4F, 0xFF, 0xFC, 0xAE, 0xFF, 0xF3,
  0x4F, 0xFF, 0xEF, 0xFF, 0xFF, 0x90, 0x4F, 0xFF, 0x1A, 0xEF, 0xD7, 0x00, 0x4F, 0xFF, 0x00, 0x00,
  0x00, 0x00, 0x4F, 0xFF, 0x00, 0x00, 0x00, 0x00, 0x4F, 0xFF, 0x00, 0x00, 0x00, 0x00, 0x4F, 0xFF,
  0x00, 0x00, 0x00, 0x00, 0x4F, 0xFF, 0x00, 0x00, 0x00, 0x00, 0x00, 0x07, 0x81, 0x05, 0x83, 0x00,
  0x00, 0x06, 0xFF, 0x80, 0xFF, 0xE0, 0x00, 0x00, 0x2E, 0xE4, 0x0B, 0xF8, 0x00, 0x00, 0x00, 0x00,
  0x00, 0x00, 0x00, 0x00, 0xCF, 0xFC, 0x00, 0x00, 0x2F, 0xFF, 0x56, 0xFF, 0xF1, 0x00, 0x08, 0xFF,
  0xE0, 0x0F, 0xFF, 0x70, 0x00, 0xDF, 0xF8, 0x00, 0x9F, 0xFC, 0x00, 0x2F, 0xFF, 0x20, 0x02, 0xFF,
  0xF2, 0x08, 0xFF, 0xC0, 0x00, 0x0C, 0xFF, 0x70, 0xDF, 0xF6, 0x00, 0x00, 0x5F, 0xFC, 0x2F, 0xFF,
  0x10, 0x00, 0x00, 0xEF, 0xF8, 0xFF, 0xA0, 0x00, 0x00, 0x08, 0xFF, 0xEF, 0xF4, 0x00, 0x00, 0x00,
  0x2F, 0xFF, 0xFE, 0x00, 0x00, 0x00, 0x00, 0xBF, 0xFF, 0x80, 0x00, 0x00, 0x00, 0x05, 0xFF, 0xF2,
  0x00, 0x00, 0x00, 0x00, 0x8F, 0xFC, 0x00, 0x00, 0x00, 0x00, 0x2F, 0xFF, 0x50, 0x00, 0x00, 0x29,
  0xAF, 0xFF, 0xD0, 0x00, 0x00, 0x04, 0xFF, 0xFF, 0xE2, 0x00, 0x00, 0x00, 0x3F, 0xFD, 0x81, 0x00,
  0x00, 0x00, 0x00,
};

const AAGlyph GoogleSansBold22aaGlyphs[] PROGMEM = {
  {0, 0, 0, 6, 0, 0}, // U+0020
  {0, 4, 15, 6, 1, -15}, // !
  {30, 8, 5, 10, 1, -15}, // "
  {50, 14, 15, 14, 0, -15}, // #
  {155, 12, 17, 13, 0, -16}, // $
  {257, 20, 15, 20, 0, -15}, // %
  {407, 17, 15, 17, 0, -15}, // &
  {535, 4, 5, 6, 1, -15}, // U+0027
  {545, 7, 19, 7, 0, -15}, // (
  {612, 7, 19, 7, 0, -15}, // )
  {679, 12, 11, 12, 0, -16}, // *
  {745, 12, 10, 13, 0, -12}, // +
  {805, 5, 5, 6, 0, -2}, // ,
  {818, 7, 3, 7, 0, -7}, // -
  {829, 4, 3, 6, 1, -3}, // .
  {835, 9, 15, 9, 0, -15}, // /
  {903, 12, 15, 13, 0, -15}, // 0
  {993, 9, 15, 13, 1, -15}, // 1
  {1061, 12, 15, 13, 0, -15}, // 2
  {1151, 12, 15, 13, 0, -15}, // 3
  {1241, 13, 15, 13, 0, -15}, // 4
  {1339, 11, 15, 13, 1, -15}, // 5
  {1422, 12, 15, 13, 0, -15}, // 6
  {1512, 12, 15, 13, 0, -15}, // 7
  {1602, 12, 15, 13, 0, -15}, // 8
  {1692, 12, 15, 13, 0, -15}, // 9
  {1782, 4, 12, 6, 1, -12}, // :
  {1806, 5, 15, 6, 0, -12}, // ;
  {1844, 12, 12, 13, 0, -14}, // <
  {1916, 12, 7, 13, 0, -11}, // =
  {1958, 12, 12, 13, 0, -14}, // >
  {2030, 10, 15, 11, 0, -15}, // ?
  {2105, 18, 16, 20, 1, -15}, // @
  {2249, 16, 15, 15, 0, -15}, // A
  {2369, 13, 15, 15, 1, -15}, // B
  {2467, 13, 15, 14, 1, -15}, // C
  {2565, 14, 15, 16, 1, -15}, // D
  {2670, 11, 15, 12, 1, -15}, // E
  {2753, 10, 15, 12, 1, -15}, // F
  {2828, 14, 15, 16, 1, -15}, // G
  {2933, 14, 15, 17, 1, -15}, // H
  {3038, 8, 15, 9, 0, -15}, // I
  {3098, 7, 20, 7, -1, -15}, // J
  {3168, 14, 15, 15, 1, -15}, // K
  {3273, 11, 15, 12, 1, -15}, // L
  {3356, 18, 15, 21, 1, -15}, // M
  {3491, 15, 15, 18, 1, -15}, // N
  {3604, 16, 15, 18, 1, -15}, // O
  {3724, 12, 15, 14, 1, -15}, // P
  {3814, 16, 19, 18, 1, -15}, // Q
  {3966, 14, 15, 15, 1, -15}, // R
  {4071, 11, 15, 12, 1, -15}, // S
  {4154, 13, 15, 13, 0, -15}, // T
  {4252, 14, 15, 17, 1, -15}, // U
  {4357, 15, 15, 14, 0, -15}, // V
  {4470, 22, 15, 21, 0, -15}, // W
  {4635, 15, 15, 15, 0, -15}, // X
  {4748, 14, 15, 14, 0, -15}, // Y
  {4853, 13, 15, 13, 0, -15}, // Z
  {4951, 6, 20, 7, 1, -15}, // [
  {5011, 9, 15, 9, 0, -15}, // U+005C
  {5079, 6, 20, 7, 0, -15}, // ]
  {5139, 13, 10, 13, 0, -16}, // ^
  {5204, 11, 2, 9, -1, 2}, // _
  {5215, 8, 4, 8, 0, -17}, // `
  {5231, 12, 12, 13, 0, -12}, // a
  {5303, 12, 16, 14, 1, -16}, // b
  {5399, 10, 12, 11, 1, -12}, // c
  {5459, 12, 16, 14, 1, -16}, // d
  {5555, 12, 12, 13, 1, -12}, // e
  {5627, 10, 16, 9, 0, -16}, // f
  {5707, 12, 17, 14, 1, -12}, // g
  {5809, 12, 16, 14, 1, -16}, // h
  {5905, 5, 16, 7, 1, -16}, // i
  {5945, 7, 21, 7, -1, -16}, // j
  {6019, 13, 16, 14, 1, -16}, // k
  {6123, 4, 16, 7, 1, -16}, // l
  {6155, 19, 12, 22, 1, -12}, // m
  {6269, 12, 12, 14, 1, -12}, // n
  {6341, 12, 12, 14, 1, -12}, // o
  {6413, 12, 17, 14, 1, -12}, // p
  {6515, 12, 17, 14, 1, -12}, // q
  {6617, 9, 12, 10, 1, -12}, // r
  {6671, 10, 12, 11, 1, -12}, // s
  {6731, 9, 15, 10, 0, -15}, // t
  {6799, 12, 12, 14, 1, -12}, // u
  {6871, 13, 12, 13, 0, -12}, // v
  {6949, 19, 12, 19, 0, -12}, // w
  {7063, 13, 12, 13, 0, -12}, // x
  {7141, 13, 17, 13, 0, -12}, // y
  {7252, 11, 12, 11, 0, -12}, // z
  {7318, 8, 19, 9, 0, -15}, // {
  {7394, 4, 21, 12, 4, -16}, // |
  {7436, 9, 19, 9, 0, -15}, // }
  {7522, 12, 4, 13, 0, -10}, // ~
  {7546, 0, 0, 0, 0, 0}, // U+007F
  {7546, 0, 0, 0, 0, 0}, // U+0080
  {7546, 0, 0, 0, 0, 0}, // U+0081
  {7546, 0, 0, 0, 0, 0}, // U+0082
  {7546, 0, 0, 0, 0, 0}, // U+0083
  {7546, 0, 0, 0, 0, 0}, // U+0084
  {7546, 0, 0, 0, 0, 0}, // U+0085
  {7546, 0, 0, 0, 0, 0}, // U+0086
  {7546, 0, 0, 0, 0, 0}, // U+0087
  {7546, 0, 0, 0, 0, 0}, // U+0088
  {7546, 0, 0, 0, 0, 0}, // U+0089
  {7546, 0, 0, 0, 0, 0}, // U+008A
  {7546, 0, 0, 0, 0, 0}, // U+008B
  {7546, 0, 0, 0, 0, 0}, // U+008C
  {7546, 0, 0, 0, 0, 0}, // U+008D
  {7546, 0, 0, 0, 0, 0}, // U+008E
  {7546, 0, 0, 0, 0, 0}, // U+008F
  {7546, 0, 0, 0, 0, 0}, // U+0090
  {7546, 0, 0, 0, 0, 0}, // U+0091
  {7546, 0, 0, 0, 0, 0}, // U+0092
  {7546, 0, 0, 0, 0, 0}, // U+0093
  {7546, 0, 0, 0, 0, 0}, // U+0094
  {7546, 0, 0, 0, 0, 0}, // U+0095
  {7546, 0, 0, 0, 0, 0}, // U+0096
  {7546, 0, 0, 0, 0, 0}, // U+0097
  {7546, 0, 0, 0, 0, 0}, // U+0098
  {7546, 0, 0, 0, 0, 0}, // U+0099
  {7546, 0, 0, 0, 0, 0}, // U+009A
  {7546, 0, 0, 0, 0, 0}, // U+009B
  {7546, 0, 0, 0, 0, 0}, // U+009C
  {7546, 0, 0, 0, 0, 0}, // U+009D
  {7546, 0, 0, 0, 0, 0}, // U+009E
  {7546, 0, 0, 0, 0, 0}, // U+009F
  {7546, 0, 0, 6, 0, 0}, // U+00A0
  {7546, 4, 16, 6, 1, -12}, // U+00A1
  {7578, 11, 15, 13, 1, -15}, // U+00A2
  {7661, 13, 15, 13, 0, -15}, // U+00A3
  {7759, 11, 11, 13, 1, -13}, // U+00A4
  {7820, 13, 15, 13, 0, -15}, // U+00A5
  {7918, 4, 21, 12, 4, -16}, // U+00A6
  {7960, 9, 16, 11, 1, -16}, // U+00A7
  {8032, 8, 3, 13, 3, -16}, // U+00A8
  {8044, 17, 17, 18, 1, -16}, // U+00A9
  {8189, 8, 8, 8, 0, -16}, // U+00AA
  {8221, 13, 10, 14, 0, -11}, // U+00AB
  {8286, 12, 7, 13, 0, -9}, // U+00AC
  {8328, 7, 3, 7, 0, -7}, // U+00AD
  {8339, 17, 17, 18, 1, -16}, // U+00AE
  {8484, 13, 3, 11, -1, -19}, // U+00AF
  {8504, 9, 8, 9, 0, -16}, // U+00B0
  {8540, 12, 13, 13, 0, -13}, // U+00B1
  {8618, 8, 10, 8, 0, -19}, // U+00B2
  {8658, 8, 10, 8, 0, -19}, // U+00B3
  {8698, 8, 4, 8, 0, -17}, // U+00B4
  {8714, 12, 17, 15, 1, -12}, // U+00B5
  {8816, 12, 20, 14, 1, -16}, // U+00B6
  {8936, 4, 3, 6, 1, -9}, // U+00B7
  {8942, 6, 5, 5, -1, 0}, // U+00B8
  {8957, 6, 9, 8, 1, -18}, // U+00B9
  {8984, 8, 8, 9, 0, -16}, // U+00BA
  {9016, 13, 10, 14, 0, -11}, // U+00BB
  {9081, 19, 15, 18, 0, -15}, // U+00BC
  {9224, 19, 15, 19, 0, -15}, // U+00BD
  {9367, 19, 16, 19, 0, -16}, // U+00BE
  {9519, 11, 17, 11, 0, -12}, // U+00BF
  {9613, 16, 21, 15, 0, -21}, // U+00C0
  {9781, 16, 21, 15, 0, -21}, // U+00C1
  {9949, 16, 21, 15, 0, -21}, // U+00C2
  {10117, 16, 21, 15, 0, -21}, // U+00C3
  {10285, 16, 20, 15, 0, -20}, // U+00C4
  {10445, 16, 19, 15, 0, -19}, // U+00C5
  {10597, 20, 15, 21, 0, -15}, // U+00C6
  {10747, 13, 20, 14, 1, -15}, // U+00C7
  {10877, 11, 21, 12, 1, -21}, // U+00C8
  {10993, 11, 21, 12, 1, -21}, // U+00C9
  {11109, 11, 21, 12, 1, -21}, // U+00CA
  {11225, 11, 20, 12, 1, -20}, // U+00CB
  {11335, 8, 21, 9, 0, -21}, // U+00CC
  {11419, 9, 21, 9, 0, -21}, // U+00CD
  {11514, 10, 21, 9, -1, -21}, // U+00CE
  {11619, 8, 20, 9, 0, -20}, // U+00CF
  {11699, 15, 15, 16, 0, -15}, // U+00D0
  {11812, 15, 21, 18, 1, -21}, // U+00D1
  {11970, 16, 21, 18, 1, -21}, // U+00D2
  {12138, 16, 21, 18, 1, -21}, // U+00D3
  {12306, 16, 21, 18, 1, -21}, // U+00D4
  {12474, 16, 21, 18, 1, -21}, // U+00D5
  {12642, 16, 20, 18, 1, -20}, // U+00D6
  {12802, 11, 11, 13, 1, -13}, // U+00D7
  {12863, 16, 17, 18, 1, -16}, // U+00D8
  {12999, 14, 21, 17, 1, -21}, // U+00D9
  {13146, 14, 21, 17, 1, -21}, // U+00DA
  {13293, 14, 21, 17, 1, -21}, // U+00DB
  {13440, 14, 20, 17, 1, -20}, // U+00DC
  {13580, 14, 21, 14, 0, -21}, // U+00DD
  {13727, 12, 15, 14, 1, -15}, // U+00DE
  {13817, 14, 16, 16, 1, -16}, // U+00DF
  {13929, 12, 17, 13, 0, -17}, // U+00E0
  {14031, 12, 17, 13, 0, -17}, // U+00E1
  {14133, 12, 17, 13, 0, -17}, // U+00E2
  {14235, 12, 17, 13, 0, -17}, // U+00E3
  {14337, 12, 16, 13, 0, -16}, // U+00E4
  {14433, 12, 18, 13, 0, -18}, // U+00E5
  {14541, 20, 12, 20, 0, -12}, // U+00E6
  {14661, 10, 17, 11, 1, -12}, // U+00E7
  {14746, 12, 17, 13, 1, -17}, // U+00E8
  {14848, 12, 17, 13, 1, -17}, // U+00E9
  {14950, 12, 17, 13, 1, -17}, // U+00EA
  {15052, 12, 16, 13, 1, -16}, // U+00EB
  {15148, 7, 17, 7, -1, -17}, // U+00EC
  {15208, 7, 17, 7, 1, -17}, // U+00ED
  {15268, 10, 17, 7, -1, -17}, // U+00EE
  {15353, 9, 16, 7, -1, -16}, // U+00EF
  {15425, 12, 18, 14, 1, -18}, // U+00F0
  {15533, 12, 17, 14, 1, -17}, // U+00F1
  {15635, 12, 17, 14, 1, -17}, // U+00F2
  {15737, 12, 17, 14, 1, -17}, // U+00F3
  {15839, 12, 17, 14, 1, -17}, // U+00F4
  {15941, 12, 17, 14, 1, -17}, // U+00F5
  {16043, 12, 16, 14, 1, -16}, // U+00F6
  {16139, 12, 10, 13, 0, -12}, // U+00F7
  {16199, 12, 14, 14, 1, -13}, // U+00F8
  {16283, 12, 17, 14, 1, -17}, // U+00F9
  {16385, 12, 17, 14, 1, -17}, // U+00FA
  {16487, 12, 17, 14, 1, -17}, // U+00FB
  {16589, 12, 16, 14, 1, -16}, // U+00FC
  {16685, 13, 22, 13, 0, -17}, // U+00FD
  {16828, 12, 21, 14, 1, -16}, // U+00FE
  {16954, 13, 21, 13, 0, -16}, // U+00FF
};

const AAFont GoogleSansBold22aa PROGMEM = {
  GoogleSansBold22aaBitmaps,
  GoogleSansBold22aaGlyphs,
  0x20, 0xFF,
  33, 24
};
