// Auto-generated 4bpp AA font from NotoSans-Regular.ttf @ 34px
// Codepoints U+0020..U+00FF (Latin-1 block)
#pragma once
#include "AAFont.h"

const uint8_t GoogleSans34aaBitmaps[] PROGMEM = {
  0x3F, 0xFF, 0x52, 0xFF, 0xF5, 0x2F, 0xFF, 0x41, 0xFF, 0xF3, 0x0F, 0xFF, 0x20, 0xFF, 0xF2, 0x0F,
  0xFF, 0x10, 0xEF, 0xF0, 0x0D, 0xFF, 0x00, 0xCF, 0xF0, 0x0C, 0xFE, 0x00, 0xBF, 0xD0, 0x0A, 0xFC,
  0x00, 0x9F, 0xC0, 0x08, 0xFB, 0x00, 0x8F, 0xA0, 0x07, 0xF9, 0x00, 0x6F, 0x90, 0x00, 0x00, 0x00,
  0x00, 0x00, 0x0B, 0xFB, 0x16, 0xFF, 0xF7, 0x8F, 0xFF, 0x96, 0xFF, 0xF7, 0x0A, 0xFB, 0x00, 0xCF,
  0xF6, 0x00, 0x8F, 0xF9, 0xAF, 0xF5, 0x00, 0x7F, 0xF8, 0x9F, 0xF3, 0x00, 0x6F, 0xF7, 0x8F, 0xF2,
  0x00, 0x4F, 0xF6, 0x7F, 0xF1, 0x00, 0x3F, 0xF5, 0x6F, 0xF0, 0x00, 0x2F, 0xF3, 0x4F, 0xF0, 0x00,
  0x1F, 0xF2, 0x3F, 0xE0, 0x00, 0x0F, 0xF1, 0x2F, 0xC0, 0x00, 0x0E, 0xF0, 0x00, 0x00, 0x00, 0x00,
  0xAF, 0xC0, 0x00, 0x04, 0xFF, 0x00, 0x00, 0x00, 0x00, 0x00, 0x00, 0xDF, 0x90, 0x00, 0x07, 0xFD,
  0x00, 0x00, 0x00, 0x00, 0x00, 0x00, 0xFF, 0x60, 0x00, 0x0A, 0xFA, 0x00, 0x00, 0x00, 0x00, 0x00,
  0x02, 0xFF, 0x40, 0x00, 0x0D, 0xF8, 0x00, 0x00, 0x00, 0x00, 0x00, 0x05, 0xFF, 0x10, 0x00, 0x0F,
  0xF5, 0x00, 0x00, 0x00, 0x00, 0x00, 0x08, 0xFE, 0x00, 0x00, 0x3F, 0xF2, 0x00, 0x00, 0x00, 0x00,
  0x00, 0x0B, 0xFB, 0x00, 0x00, 0x5F, 0xF0, 0x00, 0x00, 0x00, 0x44, 0x44, 0x4E, 0xFB, 0x44, 0x44,
  0xAF, 0xE4, 0x44, 0x40, 0x00, 0xEF, 0xFF, 0xFF, 0xFF, 0xFF, 0xFF, 0xFF, 0xFF, 0xFF, 0xF1, 0x00,
  0xEF, 0xFF, 0xFF, 0xFF, 0xFF, 0xFF, 0xFF, 0xFF, 0xFF, 0xF1, 0x00, 0x00, 0x00, 0x7F, 0xF0, 0x00,
  0x03, 0xFF, 0x30, 0x00, 0x00, 0x00, 0x00, 0x00, 0xAF, 0xC0, 0x00, 0x06, 0xFF, 0x00, 0x00, 0x00,
  0x00, 0x00, 0x00, 0xDF, 0x80, 0x00, 0x09, 0xFD, 0x00, 0x00, 0x00, 0x00, 0x00, 0x00, 0xFF, 0x50,
  0x00, 0x0C, 0xFA, 0x00, 0x00, 0x00, 0x00, 0x00, 0x03, 0xFF, 0x20, 0x00, 0x0F, 0xF7, 0x00, 0x00,
  0x00, 0x18, 0x88, 0x8B, 0xFF, 0x88, 0x88, 0x9F, 0xFA, 0x88, 0x87, 0x00, 0x2F, 0xFF, 0xFF, 0xFF,
  0xFF, 0xFF, 0xFF, 0xFF, 0xFF, 0xFE, 0x00, 0x2F, 0xFF, 0xFF, 0xFF, 0xFF, 0xFF, 0xFF, 0xFF, 0xFF,
  0xFE, 0x00, 0x00, 0x00, 0x0F, 0xF7, 0x00, 0x00, 0xBF, 0xB0, 0x00, 0x00, 0x00, 0x00, 0x00, 0x2F,
  0xF4, 0x00, 0x00, 0xEF, 0x80, 0x00, 0x00, 0x00, 0x00, 0x00, 0x5F, 0xF1, 0x00, 0x01, 0xFF, 0x50,
  0x00, 0x00, 0x00, 0x00, 0x00, 0x8F, 0xE0, 0x00, 0x04, 0xFF, 0x20, 0x00, 0x00, 0x00, 0x00, 0x00,
  0xBF, 0xB0, 0x00, 0x07, 0xFE, 0x00, 0x00, 0x00, 0x00, 0x00, 0x00, 0xEF, 0x80, 0x00, 0x0B, 0xFB,
  0x00, 0x00, 0x00, 0x00, 0x00, 0x01, 0xFF, 0x50, 0x00, 0x0E, 0xF8, 0x00, 0x00, 0x00, 0x00, 0x00,
  0x00, 0x00, 0x6F, 0xC0, 0x00, 0x00, 0x00, 0x00, 0x00, 0x00, 0x6F, 0xC0, 0x00, 0x00, 0x00, 0x00,
  0x00, 0x00, 0x6F, 0xC0, 0x00, 0x00, 0x00, 0x00, 0x05, 0x9C, 0xEF, 0xFD, 0xC9, 0x61, 0x00, 0x02,
  0xCF, 0xFF, 0xFF, 0xFF, 0xFF, 0xFF, 0x80, 0x0D, 0xFF, 0xFE, 0xDF, 0xEC, 0xFF, 0xFF, 0x50, 0x7F,
  0xFE, 0x40, 0x6F, 0xC0, 0x02, 0x7B, 0x00, 0xCF, 0xF4, 0x00, 0x6F, 0xC0, 0x00, 0x00, 0x00, 0xDF,
  0xF1, 0x00, 0x6F, 0xC0, 0x00, 0x00, 0x00, 0xDF, 0xF3, 0x00, 0x6F, 0xC0, 0x00, 0x00, 0x00, 0x9F,
  0xFB, 0x00, 0x6F, 0xC0, 0x00, 0x00, 0x00, 0x3F, 0xFF, 0xD7, 0x8F, 0xC0, 0x00, 0x00, 0x00, 0x06,
  0xFF, 0xFF, 0xFF, 0xD1, 0x00, 0x00, 0x00, 0x00, 0x3C, 0xFF, 0xFF, 0xFF, 0xC6, 0x00, 0x00, 0x00,
  0x00, 0x4A, 0xEF, 0xFF, 0xFF, 0xE5, 0x00, 0x00, 0x00, 0x00, 0x6F, 0xFE, 0xFF, 0xFF, 0x60, 0x00,
  0x00, 0x00, 0x6F, 0xC0, 0x4C, 0xFF, 0xF1, 0x00, 0x00, 0x00, 0x6F, 0xC0, 0x00, 0xCF, 0xF6, 0x00,
  0x00, 0x00, 0x6F, 0xC0, 0x00, 0x7F, 0xF8, 0x00, 0x00, 0x00, 0x6F, 0xC0, 0x00, 0x7F, 0xF7, 0x30,
  0x00, 0x00, 0x6F, 0xC0, 0x01, 0xEF, 0xF3, 0xED, 0x95, 0x21, 0x6F, 0xD4, 0x8E, 0xFF, 0xC0, 0xEF,
  0xFF, 0xFF, 0xFF, 0xFF, 0xFF, 0xFD, 0x10, 0xAF, 0xFF, 0xFF, 0xFF, 0xFF, 0xFE, 0x80, 0x00, 0x00,
  0x47, 0x9A, 0xCF, 0xE7, 0x40, 0x00, 0x00, 0x00, 0x00, 0x00, 0x6F, 0xC0, 0x00, 0x00, 0x00, 0x00,
  0x00, 0x00, 0x6F, 0xC0, 0x00, 0x00, 0x00, 0x00, 0x00, 0x00, 0x6F, 0xC0, 0x00, 0x00, 0x00, 0x00,
  0x00, 0x00, 0x37, 0x60, 0x00, 0x00, 0x00, 0x00, 0x08, 0xDF, 0xE9, 0x10, 0x00, 0x00, 0x00, 0x00,
  0xBF, 0xE0, 0x00, 0x00, 0x00, 0xBF, 0xFF, 0xFF, 0xE2, 0x00, 0x00, 0x00, 0x04, 0xFF, 0x50, 0x00,
  0x00, 0x06, 0xFF, 0xD9, 0xBF, 0xFB, 0x00, 0x00, 0x00, 0x0C, 0xFD, 0x00, 0x00, 0x00, 0x0C, 0xFE,
  0x00, 0x09, 0xFF, 0x20, 0x00, 0x00, 0x5F, 0xF4, 0x00, 0x00, 0x00, 0x0F, 0xF7, 0x00, 0x02, 0xFF,
  0x60, 0x00, 0x00, 0xDF, 0xB0, 0x00, 0x00, 0x00, 0x3F, 0xF4, 0x00, 0x00, 0xEF, 0x90, 0x00, 0x06,
  0xFF, 0x30, 0x00, 0x00, 0x00, 0x4F, 0xF2, 0x00, 0x00, 0xCF, 0xA0, 0x00, 0x0E, 0xFA, 0x00, 0x00,
  0x00, 0x00, 0x5F, 0xF2, 0x00, 0x00, 0xCF, 0xB0, 0x00, 0x7F, 0xF2, 0x00, 0x00, 0x00, 0x00, 0x4F,
  0xF2, 0x00, 0x00, 0xCF, 0xA0, 0x01, 0xFF, 0x90, 0x00, 0x00, 0x00, 0x00, 0x3F, 0xF4, 0x00, 0x00,
  0xEF, 0x90, 0x09, 0xFF, 0x10, 0x16, 0x86, 0x10, 0x00, 0x0F, 0xF7, 0x00, 0x02, 0xFF, 0x60, 0x2F,
  0xF8, 0x06, 0xFF, 0xFF, 0xF6, 0x00, 0x0B, 0xFE, 0x00, 0x09, 0xFF, 0x20, 0xAF, 0xE0, 0x4F, 0xFF,
  0xFF, 0xFF, 0x40, 0x05, 0xFF, 0xD9, 0xBF, 0xFB, 0x02, 0xFF, 0x60, 0xBF, 0xF4, 0x04, 0xFF, 0xC0,
  0x00, 0xAF, 0xFF, 0xFF, 0xE2, 0x0B, 0xFD, 0x01, 0xFF, 0x80, 0x00, 0x7F, 0xF2, 0x00, 0x07, 0xDF,
  0xEA, 0x20, 0x4F, 0xF5, 0x04, 0xFF, 0x30, 0x00, 0x2F, 0xF5, 0x00, 0x00, 0x00, 0x00, 0x00, 0xCF,
  0xD0, 0x06, 0xFF, 0x10, 0x00, 0x0F, 0xF7, 0x00, 0x00, 0x00, 0x00, 0x05, 0xFF, 0x40, 0x07, 0xFF,
  0x00, 0x00, 0x0E, 0xF8, 0x00, 0x00, 0x00, 0x00, 0x0D, 0xFB, 0x00, 0x07, 0xFF, 0x00, 0x00, 0x0E,
  0xF9, 0x00, 0x00, 0x00, 0x00, 0x6F, 0xF3, 0x00, 0x06, 0xFF, 0x00, 0x00, 0x0F, 0xF8, 0x00, 0x00,
  0x00, 0x00, 0xEF, 0xA0, 0x00, 0x04, 0xFF, 0x20, 0x00, 0x1F, 0xF6, 0x00, 0x00, 0x00, 0x07, 0xFF,
  0x20, 0x00, 0x02, 0xFF, 0x50, 0x00, 0x4F, 0xF4, 0x00, 0x00, 0x00, 0x1F, 0xF9, 0x00, 0x00, 0x00,
  0xDF, 0xC0, 0x00, 0xCF, 0xF0, 0x00, 0x00, 0x00, 0x9F, 0xF1, 0x00, 0x00, 0x00, 0x6F, 0xFC, 0x9C,
  0xFF, 0x80, 0x00, 0x00, 0x02, 0xFF, 0x80, 0x00, 0x00, 0x00, 0x0B, 0xFF, 0xFF, 0xFD, 0x00, 0x00,
  0x00, 0x0A, 0xFE, 0x00, 0x00, 0x00, 0x00, 0x00, 0x8D, 0xFE, 0x91, 0x00, 0x00, 0x00, 0x01, 0x8C,
  0xFF, 0xEB, 0x40, 0x00, 0x00, 0x00, 0x00, 0x00, 0x00, 0x00, 0x4F, 0xFF, 0xFF, 0xFF, 0xFA, 0x00,
  0x00, 0x00, 0x00, 0x00, 0x00, 0x02, 0xFF, 0xFE, 0xA9, 0xCF, 0xFF, 0x70, 0x00, 0x00, 0x00, 0x00,
  0x00, 0x09, 0xFF, 0xC0, 0x00, 0x08, 0xFF, 0xE0, 0x00, 0x00, 0x00, 0x00, 0x00, 0x0D, 0xFF, 0x30,
  0x00, 0x00, 0xEF, 0xF2, 0x00, 0x00, 0x00, 0x00, 0x00, 0x0E, 0xFF, 0x00, 0x00, 0x00, 0xCF, 0xF3,
  0x00, 0x00, 0x00, 0x00, 0x00, 0x0C, 0xFF, 0x20, 0x00, 0x00, 0xEF, 0xF1, 0x00, 0x00, 0x00, 0x00,
  0x00, 0x09, 0xFF, 0x80, 0x00, 0x05, 0xFF, 0xD0, 0x00, 0x00, 0x00, 0x00, 0x00, 0x02, 0xFF, 0xF2,
  0x00, 0x3F, 0xFF, 0x50, 0x00, 0x00, 0x00, 0x00, 0x00, 0x00, 0x8F, 0xFD, 0x16, 0xFF, 0xF8, 0x00,
  0x00, 0x00, 0x00, 0x00, 0x00, 0x00, 0x0C, 0xFF, 0xFF, 0xFF, 0x70, 0x00, 0x00, 0x00, 0x00, 0x00,
  0x00, 0x00, 0x03, 0xFF, 0xFF, 0xE4, 0x00, 0x00, 0x00, 0x00, 0x00, 0x00, 0x00, 0x00, 0x6F, 0xFF,
  0xFF, 0xC1, 0x00, 0x00, 0x00, 0x00, 0x00, 0x00, 0x00, 0x0A, 0xFF, 0xF8, 0xDF, 0xFD, 0x10, 0x00,
  0x00, 0x0D, 0xFF, 0x20, 0x00, 0xCF, 0xFE, 0x30, 0x1D, 0xFF, 0xD1, 0x00, 0x00, 0x3F, 0xFD, 0x00,
  0x07, 0xFF, 0xE1, 0x00, 0x01, 0xCF, 0xFE, 0x20, 0x00, 0x8F, 0xF8, 0x00, 0x0E, 0xFF, 0x50, 0x00,
  0x00, 0x1C, 0xFF, 0xE2, 0x00, 0xEF, 0xF2, 0x00, 0x1F, 0xFF, 0x00, 0x00, 0x00, 0x00, 0xCF, 0xFE,
  0x38, 0xFF, 0x90, 0x00, 0x2F, 0xFF, 0x00, 0x00, 0x00, 0x00, 0x0C, 0xFF, 0xFF, 0xFF, 0x10, 0x00,
  0x1F, 0xFF, 0x10, 0x00, 0x00, 0x00, 0x00, 0xBF, 0xFF, 0xF4, 0x00, 0x00, 0x0E, 0xFF, 0x70, 0x00,
  0x00, 0x00, 0x00, 0x9F, 0xFF, 0xF5, 0x00, 0x00, 0x08, 0xFF, 0xF6, 0x00, 0x00, 0x00, 0x5D, 0xFF,
  0xFF, 0xFF, 0x50, 0x00, 0x00, 0xDF, 0xFF, 0xDA, 0x89, 0xBF, 0xFF, 0xFD, 0x3A, 0xFF, 0xF5, 0x00,
  0x00, 0x1B, 0xFF, 0xFF, 0xFF, 0xFF, 0xFF, 0x80, 0x00, 0xAF, 0xFF, 0x50, 0x00, 0x00, 0x49, 0xDF,
  0xFE, 0xDA, 0x61, 0x00, 0x00, 0x0A, 0xFF, 0xF5, 0xCF, 0xF6, 0xAF, 0xF5, 0x9F, 0xF3, 0x8F, 0xF2,
  0x7F, 0xF1, 0x6F, 0xF0, 0x4F, 0xF0, 0x3F, 0xE0, 0x2F, 0xC0, 0x00, 0x00, 0x1E, 0xFD, 0x00, 0x00,
  0x0B, 0xFF, 0x30, 0x00, 0x05, 0xFF, 0x90, 0x00, 0x00, 0xEF, 0xF1, 0x00, 0x00, 0x6F, 0xFA, 0x00,
  0x00, 0x0D, 0xFF, 0x30, 0x00, 0x03, 0xFF, 0xD0, 0x00, 0x00, 0x8F, 0xF8, 0x00, 0x00, 0x0C, 0xFF,
  0x40, 0x00, 0x00, 0xFF, 0xF0, 0x00, 0x00, 0x3F, 0xFD, 0x00, 0x00, 0x05, 0xFF, 0xA0, 0x00, 0x00,
  0x7F, 0xF8, 0x00, 0x00, 0x09, 0xFF, 0x70, 0x00, 0x00, 0x9F, 0xF6, 0x00, 0x00, 0x0A, 0xFF, 0x60,
  0x00, 0x00, 0x9F, 0xF6, 0x00, 0x00, 0x08, 0xFF, 0x70, 0x00, 0x00, 0x7F, 0xF9, 0x00, 0x00, 0x05,
  0xFF, 0xB0, 0x00, 0x00, 0x2F, 0xFE, 0x00, 0x00, 0x00, 0xFF, 0xF1, 0x00, 0x00, 0x0B, 0xFF, 0x50,
  0x00, 0x00, 0x6F, 0xFA, 0x00, 0x00, 0x01, 0xFF, 0xF0, 0x00, 0x00, 0x0B, 0xFF, 0x60, 0x00, 0x00,
  0x3F, 0xFD, 0x00, 0x00, 0x00, 0xBF, 0xF5, 0x00, 0x00, 0x02, 0xFF, 0xD0, 0x00, 0x00, 0x06, 0xFF,
  0x70, 0x00, 0x00, 0x06, 0x77, 0x00, 0xAF, 0xF3, 0x00, 0x00, 0x1E, 0xFE, 0x00, 0x00, 0x06, 0xFF,
  0x80, 0x00, 0x00, 0xDF, 0xF2, 0x00, 0x00, 0x6F, 0xF9, 0x00, 0x00, 0x0F, 0xFF, 0x10, 0x00, 0x0A,
  0xFF, 0x60, 0x00, 0x05, 0xFF, 0xB0, 0x00, 0x01, 0xFF, 0xF0, 0x00, 0x00, 0xDF, 0xF3, 0x00, 0x00,
  0xAF, 0xF6, 0x00, 0x00, 0x7F, 0xF9, 0x00, 0x00, 0x5F, 0xFA, 0x00, 0x00, 0x4F, 0xFC, 0x00, 0x00,
  0x3F, 0xFC, 0x00, 0x00, 0x3F, 0xFD, 0x00, 0x00, 0x3F, 0xFC, 0x00, 0x00, 0x4F, 0xFC, 0x00, 0x00,
  0x6F, 0xFA, 0x00, 0x00, 0x8F, 0xF8, 0x00, 0x00, 0xBF, 0xF5, 0x00, 0x00, 0xEF, 0xF2, 0x00, 0x02,
  0xFF, 0xE0, 0x00, 0x07, 0xFF, 0x90, 0x00, 0x0D, 0xFF, 0x40, 0x00, 0x3F, 0xFD, 0x00, 0x00, 0xAF,
  0xF6, 0x00, 0x02, 0xFF, 0xD0, 0x00, 0x0A, 0xFF, 0x40, 0x00, 0x4F, 0xF9, 0x00, 0x00, 0x67, 0x70,
  0x00, 0x00, 0x00, 0x00, 0x00, 0x5F, 0xFE, 0x00, 0x00, 0x00, 0x00, 0x00, 0x00, 0x03, 0xFF, 0xC0,
  0x00, 0x00, 0x00, 0x00, 0x00, 0x00, 0x1F, 0xFB, 0x00, 0x00, 0x00, 0x00, 0x00, 0x00, 0x00, 0xFF,
  0x90, 0x00, 0x00, 0x00, 0x00, 0x00, 0x00, 0x0E, 0xF7, 0x00, 0x00, 0x01, 0x03, 0xFB, 0x62, 0x00,
  0xCF, 0x60, 0x03, 0x8D, 0xE0, 0x6F, 0xFF, 0xFD, 0x9D, 0xF9, 0xAF, 0xFF, 0xFF, 0x08, 0xFF, 0xFF,
  0xFF, 0xFF, 0xFF, 0xFF, 0xFF, 0xF3, 0x01, 0x24, 0x56, 0xCF, 0xFF, 0x96, 0x53, 0x21, 0x00, 0x00,
  0x00, 0x2F, 0xFE, 0xFB, 0x00, 0x00, 0x00, 0x00, 0x00, 0x0D, 0xFD, 0x5F, 0xF7, 0x00, 0x00, 0x00,
  0x00, 0x09, 0xFF, 0x60, 0xDF, 0xF3, 0x00, 0x00, 0x00, 0x04, 0xFF, 0xF0, 0x05, 0xFF, 0xE1, 0x00,
  0x00, 0x01, 0xEF, 0xF8, 0x00, 0x0D, 0xFF, 0xA0, 0x00, 0x00, 0x08, 0xFF, 0x20, 0x00, 0x6F, 0xD5,
  0x00, 0x00, 0x00, 0x01, 0x60, 0x00, 0x00, 0x60, 0x00, 0x00, 0x00, 0x00, 0x00, 0x08, 0xFE, 0x00,
  0x00, 0x00, 0x00, 0x00, 0x00, 0x00, 0x8F, 0xE0, 0x00, 0x00, 0x00, 0x00, 0x00, 0x00, 0x08, 0xFE,
  0x00, 0x00, 0x00, 0x00, 0x00, 0x00, 0x00, 0x8F, 0xE0, 0x00, 0x00, 0x00, 0x00, 0x00, 0x00, 0x08,
  0xFE, 0x00, 0x00, 0x00, 0x00, 0x00, 0x00, 0x00, 0x8F, 0xE0, 0x00, 0x00, 0x00, 0x00, 0x00, 0x00,
  0x08, 0xFE, 0x00, 0x00, 0x00, 0x02, 0x88, 0x88, 0x88, 0xCF, 0xF8, 0x88, 0x88, 0x85, 0x4F, 0xFF,
  0xFF, 0xFF, 0xFF, 0xFF, 0xFF, 0xFF, 0xB4, 0xFF, 0xFF, 0xFF, 0xFF, 0xFF, 0xFF, 0xFF, 0xFB, 0x00,
  0x00, 0x00, 0x08, 0xFE, 0x00, 0x00, 0x00, 0x00, 0x00, 0x00, 0x00, 0x8F, 0xE0, 0x00, 0x00, 0x00,
  0x00, 0x00, 0x00, 0x08, 0xFE, 0x00, 0x00, 0x00, 0x00, 0x00, 0x00, 0x00, 0x8F, 0xE0, 0x00, 0x00,
  0x00, 0x00, 0x00, 0x00, 0x08, 0xFE, 0x00, 0x00, 0x00, 0x00, 0x00, 0x00, 0x00, 0x8F, 0xE0, 0x00,
  0x00, 0x00, 0x00, 0x00, 0x00, 0x08, 0xFE, 0x00, 0x00, 0x00, 0x00, 0x00, 0xFF, 0xF6, 0x02, 0xFF,
  0xF3, 0x05, 0xFF, 0xD0, 0x08, 0xFF, 0x70, 0x0C, 0xFF, 0x10, 0x0F, 0xFB, 0x00, 0x3F, 0xF4, 0x00,
  0x7F, 0xD0, 0x00, 0x58, 0x88, 0x88, 0x88, 0x5A, 0xFF, 0xFF, 0xFF, 0xF9, 0xAF, 0xFF, 0xFF, 0xFF,
  0x90, 0x0B, 0xFB, 0x16, 0xFF, 0xF7, 0x8F, 0xFF, 0x96, 0xFF, 0xF7, 0x0A, 0xFB, 0x00, 0x00, 0x00,
  0x00, 0x00, 0x0C, 0xFF, 0x20, 0x00, 0x00, 0x00, 0x02, 0xFF, 0xC0, 0x00, 0x00, 0x00, 0x00, 0x8F,
  0xF6, 0x00, 0x00, 0x00, 0x00, 0x0D, 0xFF, 0x10, 0x00, 0x00, 0x00, 0x03, 0xFF, 0xA0, 0x00, 0x00,
  0x00, 0x00, 0x9F, 0xF5, 0x00, 0x00, 0x00, 0x00, 0x0E, 0xFE, 0x00, 0x00, 0x00, 0x00, 0x05, 0xFF,
  0x90, 0x00, 0x00, 0x00, 0x00, 0xBF, 0xF3, 0x00, 0x00, 0x00, 0x00, 0x1F, 0xFD, 0x00, 0x00, 0x00,
  0x00, 0x06, 0xFF, 0x80, 0x00, 0x00, 0x00, 0x00, 0xCF, 0xF2, 0x00, 0x00, 0x00, 0x00, 0x2F, 0xFC,
  0x00, 0x00, 0x00, 0x00, 0x07, 0xFF, 0x60, 0x00, 0x00, 0x00, 0x00, 0xDF, 0xF1, 0x00, 0x00, 0x00,
  0x00, 0x3F, 0xFB, 0x00, 0x00, 0x00, 0x00, 0x09, 0xFF, 0x50, 0x00, 0x00, 0x00, 0x00, 0xEF, 0xF0,
  0x00, 0x00, 0x00, 0x00, 0x4F, 0xF9, 0x00, 0x00, 0x00, 0x00, 0x0A, 0xFF, 0x40, 0x00, 0x00, 0x00,
  0x00, 0xFF, 0xE0, 0x00, 0x00, 0x00, 0x00, 0x6F, 0xF8, 0x00, 0x00, 0x00, 0x00, 0x0C, 0xFF, 0x20,
  0x00, 0x00, 0x00, 0x01, 0xFF, 0xC0, 0x00, 0x00, 0x00, 0x00, 0x7F, 0xF7, 0x00, 0x00, 0x00, 0x00,
  0x00, 0x00, 0x00, 0x06, 0xBE, 0xFE, 0xC7, 0x10, 0x00, 0x00, 0x00, 0x1C, 0xFF, 0xFF, 0xFF, 0xFE,
  0x40, 0x00, 0x00, 0x0D, 0xFF, 0xFB, 0x9A, 0xEF, 0xFF, 0x20, 0x00, 0x09, 0xFF, 0xD2, 0x00, 0x00,
  0x9F, 0xFD, 0x00, 0x01, 0xFF, 0xF2, 0x00, 0x00, 0x00, 0xBF, 0xF5, 0x00, 0x7F, 0xF9, 0x00, 0x00,
  0x00, 0x03, 0xFF, 0xC0, 0x0B, 0xFF, 0x40, 0x00, 0x00, 0x00, 0x0E, 0xFF, 0x10, 0xEF, 0xF1, 0x00,
  0x00, 0x00, 0x00, 0xAF, 0xF5, 0x1F, 0xFE, 0x00, 0x00, 0x00, 0x00, 0x08, 0xFF, 0x73, 0xFF, 0xC0,
  0x00, 0x00, 0x00, 0x00, 0x6F, 0xF9, 0x4F, 0xFB, 0x00, 0x00, 0x00, 0x00, 0x05, 0xFF, 0xB4, 0xFF,
  0xA0, 0x00, 0x00, 0x00, 0x00, 0x4F, 0xFB, 0x5F, 0xFA, 0x00, 0x00, 0x00, 0x00, 0x04, 0xFF, 0xC4,
  0xFF, 0xA0, 0x00, 0x00, 0x00, 0x00, 0x4F, 0xFC, 0x3F, 0xFB, 0x00, 0x00, 0x00, 0x00, 0x05, 0xFF,
  0xB2, 0xFF, 0xC0, 0x00, 0x00, 0x00, 0x00, 0x6F, 0xFA, 0x0F, 0xFE, 0x00, 0x00, 0x00, 0x00, 0x08,
  0xFF, 0x80, 0xDF, 0xF1, 0x00, 0x00, 0x00, 0x00, 0xAF, 0xF5, 0x09, 0xFF, 0x40, 0x00, 0x00, 0x00,
  0x0E, 0xFF, 0x20, 0x5F, 0xF9, 0x00, 0x00, 0x00, 0x03, 0xFF, 0xD0, 0x00, 0xEF, 0xF2, 0x00, 0x00,
  0x00, 0xBF, 0xF7, 0x00, 0x07, 0xFF, 0xD2, 0x00, 0x00, 0x9F, 0xFE, 0x10, 0x00, 0x0B, 0xFF, 0xFB,
  0x9A, 0xEF, 0xFF, 0x50, 0x00, 0x00, 0x1B, 0xFF, 0xFF, 0xFF, 0xFF, 0x50, 0x00, 0x00, 0x00, 0x05,
  0xAE, 0xFF, 0xC8, 0x10, 0x00, 0x00, 0x00, 0x00, 0x02, 0xDF, 0xF1, 0x00, 0x00, 0x4F, 0xFF, 0xF1,
  0x00, 0x07, 0xFF, 0xFF, 0xF1, 0x00, 0xAF, 0xFE, 0xDF, 0xF1, 0x1C, 0xFF, 0xE2, 0xCF, 0xF1, 0xBF,
  0xFC, 0x10, 0xDF, 0xF1, 0x2F, 0xA0, 0x00, 0xDF, 0xF1, 0x02, 0x00, 0x00, 0xDF, 0xF1, 0x00, 0x00,
  0x00, 0xDF, 0xF1, 0x00, 0x00, 0x00, 0xDF, 0xF1, 0x00, 0x00, 0x00, 0xDF, 0xF1, 0x00, 0x00, 0x00,
  0xDF, 0xF1, 0x00, 0x00, 0x00, 0xDF, 0xF1, 0x00, 0x00, 0x00, 0xDF, 0xF1, 0x00, 0x00, 0x00, 0xDF,
  0xF1, 0x00, 0x00, 0x00, 0xDF, 0xF1, 0x00, 0x00, 0x00, 0xDF, 0xF1, 0x00, 0x00, 0x00, 0xDF, 0xF1,
  0x00, 0x00, 0x00, 0xDF, 0xF1, 0x00, 0x00, 0x00, 0xDF, 0xF1, 0x00, 0x00, 0x00, 0xDF, 0xF1, 0x00,
  0x00, 0x00, 0xDF, 0xF1, 0x00, 0x00, 0x00, 0xDF, 0xF1, 0x00, 0x00, 0x00, 0xDF, 0xF1, 0x00, 0x00,
  0x00, 0xDF, 0xF1, 0x00, 0x00, 0x38, 0xCE, 0xFE, 0xC7, 0x10, 0x00, 0x00, 0x02, 0xBF, 0xFF, 0xFF,
  0xFF, 0xFF, 0x50, 0x00, 0x06, 0xFF, 0xFF, 0xC9, 0x8A, 0xFF, 0xFF, 0x50, 0x00, 0xBF, 0xFA, 0x20,
  0x00, 0x01, 0xBF, 0xFE, 0x00, 0x01, 0xD5, 0x00, 0x00, 0x00, 0x00, 0xDF, 0xF5, 0x00, 0x00, 0x00,
  0x00, 0x00, 0x00, 0x08, 0xFF, 0x90, 0x00, 0x00, 0x00, 0x00, 0x00, 0x00, 0x6F, 0xFA, 0x00, 0x00,
  0x00, 0x00, 0x00, 0x00, 0x07, 0xFF, 0x90, 0x00, 0x00, 0x00, 0x00, 0x00, 0x00, 0x9F, 0xF7, 0x00,
  0x00, 0x00, 0x00, 0x00, 0x00, 0x0E, 0xFF, 0x30, 0x00, 0x00, 0x00, 0x00, 0x00, 0x05, 0xFF, 0xD0,
  0x00, 0x00, 0x00, 0x00, 0x00, 0x01, 0xEF, 0xF4, 0x00, 0x00, 0x00, 0x00, 0x00, 0x00, 0xBF, 0xFA,
  0x00, 0x00, 0x00, 0x00, 0x00, 0x00, 0x9F, 0xFD, 0x00, 0x00, 0x00, 0x00, 0x00, 0x00, 0x7F, 0xFE,
  0x20, 0x00, 0x00, 0x00, 0x00, 0x00, 0x6F, 0xFF, 0x30, 0x00, 0x00, 0x00, 0x00, 0x00, 0x5F, 0xFF,
  0x40, 0x00, 0x00, 0x00, 0x00, 0x00, 0x5F, 0xFF, 0x40, 0x00, 0x00, 0x00, 0x00, 0x00, 0x4F, 0xFF,
  0x50, 0x00, 0x00, 0x00, 0x00, 0x00, 0x4F, 0xFF, 0x50, 0x00, 0x00, 0x00, 0x00, 0x00, 0x3F, 0xFF,
  0x50, 0x00, 0x00, 0x00, 0x00, 0x00, 0x3F, 0xFF, 0x50, 0x00, 0x00, 0x00, 0x00, 0x00, 0x2E, 0xFF,
  0xD8, 0x88, 0x88, 0x88, 0x88, 0x88, 0x56, 0xFF, 0xFF, 0xFF, 0xFF, 0xFF, 0xFF, 0xFF, 0xFB, 0x6F,
  0xFF, 0xFF, 0xFF, 0xFF, 0xFF, 0xFF, 0xFF, 0xB0, 0x00, 0x01, 0x6B, 0xDF, 0xFE, 0xC9, 0x30, 0x00,
  0x00, 0x19, 0xFF, 0xFF, 0xFF, 0xFF, 0xFF, 0x90, 0x00, 0x1E, 0xFF, 0xFE, 0xB9, 0x9B, 0xEF, 0xFF,
  0xA0, 0x00, 0x9F, 0xC4, 0x00, 0x00, 0x00, 0x8F, 0xFF, 0x40, 0x00, 0x50, 0x00, 0x00, 0x00, 0x00,
  0xAF, 0xF9, 0x00, 0x00, 0x00, 0x00, 0x00, 0x00, 0x05, 0xFF, 0xB0, 0x00, 0x00, 0x00, 0x00, 0x00,
  0x00, 0x5F, 0xFB, 0x00, 0x00, 0x00, 0x00, 0x00, 0x00, 0x08, 0xFF, 0x80, 0x00, 0x00, 0x00, 0x00,
  0x00, 0x02, 0xFF, 0xF2, 0x00, 0x00, 0x00, 0x00, 0x00, 0x05, 0xEF, 0xF7, 0x00, 0x00, 0x00, 0x68,
  0x89, 0xBE, 0xFF, 0xD4, 0x00, 0x00, 0x00, 0x0C, 0xFF, 0xFF, 0xFF, 0x70, 0x00, 0x00, 0x00, 0x00,
  0xCF, 0xFF, 0xFF, 0xFF, 0xF9, 0x10, 0x00, 0x00, 0x00, 0x00, 0x02, 0x49, 0xFF, 0xFE, 0x20, 0x00,
  0x00, 0x00, 0x00, 0x00, 0x01, 0xCF, 0xFC, 0x00, 0x00, 0x00, 0x00, 0x00, 0x00, 0x01, 0xFF, 0xF3,
  0x00, 0x00, 0x00, 0x00, 0x00, 0x00, 0x0B, 0xFF, 0x60, 0x00, 0x00, 0x00, 0x00, 0x00, 0x00, 0xAF,
  0xF7, 0x00, 0x00, 0x00, 0x00, 0x00, 0x00, 0x0B, 0xFF, 0x60, 0x00, 0x00, 0x00, 0x00, 0x00, 0x00,
  0xFF, 0xF4, 0x00, 0x00, 0x00, 0x00, 0x00, 0x00, 0x8F, 0xFE, 0x07, 0xC6, 0x10, 0x00, 0x00, 0x01,
  0x9F, 0xFF, 0x60, 0x7F, 0xFF, 0xDA, 0x98, 0x9C, 0xFF, 0xFF, 0xA0, 0x05, 0xFF, 0xFF, 0xFF, 0xFF,
  0xFF, 0xFF, 0x70, 0x00, 0x01, 0x6A, 0xDE, 0xFF, 0xFD, 0xA6, 0x10, 0x00, 0x00, 0x00, 0x00, 0x00,
  0x00, 0x00, 0x03, 0xFF, 0xF3, 0x00, 0x00, 0x00, 0x00, 0x00, 0x00, 0x00, 0xDF, 0xFF, 0x30, 0x00,
  0x00, 0x00, 0x00, 0x00, 0x00, 0x9F, 0xFF, 0xF3, 0x00, 0x00, 0x00, 0x00, 0x00, 0x00, 0x4F, 0xFD,
  0xFF, 0x30, 0x00, 0x00, 0x00, 0x00, 0x00, 0x1E, 0xFC, 0x8F, 0xF3, 0x00, 0x00, 0x00, 0x00, 0x00,
  0x0B, 0xFF, 0x39, 0xFF, 0x30, 0x00, 0x00, 0x00, 0x00, 0x06, 0xFF, 0x80, 0x9F, 0xF3, 0x00, 0x00,
  0x00, 0x00, 0x02, 0xFF, 0xC0, 0x0A, 0xFF, 0x30, 0x00, 0x00, 0x00, 0x00, 0xCF, 0xF2, 0x00, 0xAF,
  0xF3, 0x00, 0x00, 0x00, 0x00, 0x7F, 0xF6, 0x00, 0x0A, 0xFF, 0x30, 0x00, 0x00, 0x00, 0x3F, 0xFB,
  0x00, 0x00, 0xAF, 0xF3, 0x00, 0x00, 0x00, 0x0D, 0xFE, 0x10, 0x00, 0x0A, 0xFF, 0x30, 0x00, 0x00,
  0x09, 0xFF, 0x40, 0x00, 0x00, 0xAF, 0xF3, 0x00, 0x00, 0x04, 0xFF, 0x90, 0x00, 0x00, 0x0A, 0xFF,
  0x30, 0x00, 0x01, 0xEF, 0xD0, 0x00, 0x00, 0x00, 0xAF, 0xF3, 0x00, 0x00, 0xAF, 0xF3, 0x00, 0x00,
  0x00, 0x0A, 0xFF, 0x30, 0x00, 0x3F, 0xFE, 0xBB, 0xBB, 0xBB, 0xBB, 0xEF, 0xFC, 0xBB, 0x84, 0xFF,
  0xFF, 0xFF, 0xFF, 0xFF, 0xFF, 0xFF, 0xFF, 0xFC, 0x4F, 0xFF, 0xFF, 0xFF, 0xFF, 0xFF, 0xFF, 0xFF,
  0xFF, 0xC0, 0x00, 0x00, 0x00, 0x00, 0x00, 0x0A, 0xFF, 0x30, 0x00, 0x00, 0x00, 0x00, 0x00, 0x00,
  0x00, 0xAF, 0xF3, 0x00, 0x00, 0x00, 0x00, 0x00, 0x00, 0x00, 0x0A, 0xFF, 0x30, 0x00, 0x00, 0x00,
  0x00, 0x00, 0x00, 0x00, 0xAF, 0xF3, 0x00, 0x00, 0x00, 0x00, 0x00, 0x00, 0x00, 0x0A, 0xFF, 0x30,
  0x00, 0x00, 0x00, 0x00, 0x00, 0x00, 0x00, 0xAF, 0xF3, 0x00, 0x00, 0x06, 0xFF, 0xFF, 0xFF, 0xFF,
  0xFF, 0xFD, 0x00, 0x07, 0xFF, 0xFF, 0xFF, 0xFF, 0xFF, 0xFD, 0x00, 0x08, 0xFF, 0x98, 0x88, 0x88,
  0x88, 0x86, 0x00, 0x0A, 0xFF, 0x10, 0x00, 0x00, 0x00, 0x00, 0x00, 0x0B, 0xFF, 0x00, 0x00, 0x00,
  0x00, 0x00, 0x00, 0x0C, 0xFF, 0x00, 0x00, 0x00, 0x00, 0x00, 0x00, 0x0E, 0xFD, 0x00, 0x00, 0x00,
  0x00, 0x00, 0x00, 0x0F, 0xFC, 0x00, 0x00, 0x00, 0x00, 0x00, 0x00, 0x0F, 0xFB, 0x00, 0x00, 0x00,
  0x00, 0x00, 0x00, 0x1F, 0xFB, 0x46, 0x78, 0x75, 0x10, 0x00, 0x00, 0x3F, 0xFF, 0xFF, 0xFF, 0xFF,
  0xFB, 0x30, 0x00, 0x2F, 0xFF, 0xFF, 0xFF, 0xFF, 0xFF, 0xF6, 0x00, 0x02, 0x85, 0x20, 0x01, 0x37,
  0xEF, 0xFF, 0x40, 0x00, 0x00, 0x00, 0x00, 0x00, 0x1C, 0xFF, 0xD0, 0x00, 0x00, 0x00, 0x00, 0x00,
  0x02, 0xFF, 0xF3, 0x00, 0x00, 0x00, 0x00, 0x00, 0x00, 0xCF, 0xF6, 0x00, 0x00, 0x00, 0x00, 0x00,
  0x00, 0x9F, 0xF7, 0x00, 0x00, 0x00, 0x00, 0x00, 0x00, 0x9F, 0xF7, 0x00, 0x00, 0x00, 0x00, 0x00,
  0x00, 0xBF, 0xF5, 0x00, 0x00, 0x00, 0x00, 0x00, 0x00, 0xFF, 0xF1, 0x00, 0x00, 0x00, 0x00, 0x00,
  0x09, 0xFF, 0xB0, 0xC8, 0x20, 0x00, 0x00, 0x01, 0xAF, 0xFF, 0x30, 0xDF, 0xFE, 0xB9, 0x89, 0xCF,
  0xFF, 0xF5, 0x00, 0xCF, 0xFF, 0xFF, 0xFF, 0xFF, 0xFD, 0x40, 0x00, 0x04, 0x9C, 0xEF, 0xFE, 0xD9,
  0x50, 0x00, 0x00, 0x00, 0x00, 0x00, 0x04, 0x9C, 0xEF, 0xFE, 0xC0, 0x00, 0x00, 0x00, 0x2C, 0xFF,
  0xFF, 0xFF, 0xFF, 0x00, 0x00, 0x00, 0x5F, 0xFF, 0xFD, 0xA9, 0x9A, 0xD0, 0x00, 0x00, 0x3F, 0xFF,
  0xB2, 0x00, 0x00, 0x00, 0x00, 0x00, 0x1E, 0xFF, 0x70, 0x00, 0x00, 0x00, 0x00, 0x00, 0x07, 0xFF,
  0xA0, 0x00, 0x00, 0x00, 0x00, 0x00, 0x00, 0xEF, 0xF1, 0x00, 0x00, 0x00, 0x00, 0x00, 0x00, 0x3F,
  0xFA, 0x00, 0x00, 0x00, 0x00, 0x00, 0x00, 0x08, 0xFF, 0x50, 0x00, 0x00, 0x00, 0x00, 0x00, 0x00,
  0xBF, 0xF2, 0x03, 0xAD, 0xFF, 0xD8, 0x10, 0x00, 0x0D, 0xFF, 0x08, 0xFF, 0xFF, 0xFF, 0xFF, 0x50,
  0x00, 0xFF, 0xE7, 0xFF, 0xC9, 0x8A, 0xFF, 0xFF, 0x40, 0x0F, 0xFF, 0xFD, 0x30, 0x00, 0x01, 0xBF,
  0xFE, 0x01, 0xFF, 0xFD, 0x10, 0x00, 0x00, 0x00, 0xDF, 0xF5, 0x1F, 0xFF, 0x40, 0x00, 0x00, 0x00,
  0x07, 0xFF, 0xA1, 0xFF, 0xF0, 0x00, 0x00, 0x00, 0x00, 0x3F, 0xFC, 0x0F, 0xFE, 0x00, 0x00, 0x00,
  0x00, 0x02, 0xFF, 0xD0, 0xDF, 0xF0, 0x00, 0x00, 0x00, 0x00, 0x2F, 0xFC, 0x0A, 0xFF, 0x40, 0x00,
  0x00, 0x00, 0x04, 0xFF, 0xA0, 0x5F, 0xFB, 0x00, 0x00, 0x00, 0x00, 0x8F, 0xF7, 0x00, 0xEF, 0xF4,
  0x00, 0x00, 0x00, 0x1E, 0xFF, 0x20, 0x05, 0xFF, 0xF5, 0x00, 0x00, 0x2D, 0xFF, 0xA0, 0x00, 0x09,
  0xFF, 0xFD, 0x99, 0xBF, 0xFF, 0xD1, 0x00, 0x00, 0x08, 0xFF, 0xFF, 0xFF, 0xFF, 0xC1, 0x00, 0x00,
  0x00, 0x02, 0x8D, 0xFF, 0xEA, 0x50, 0x00, 0x00, 0x8F, 0xFF, 0xFF, 0xFF, 0xFF, 0xFF, 0xFF, 0xFF,
  0xC8, 0xFF, 0xFF, 0xFF, 0xFF, 0xFF, 0xFF, 0xFF, 0xFC, 0x48, 0x88, 0x88, 0x88, 0x88, 0x88, 0x8C,
  0xFF, 0xA0, 0x00, 0x00, 0x00, 0x00, 0x00, 0x00, 0xDF, 0xF3, 0x00, 0x00, 0x00, 0x00, 0x00, 0x00,
  0x4F, 0xFC, 0x00, 0x00, 0x00, 0x00, 0x00, 0x00, 0x0B, 0xFF, 0x50, 0x00, 0x00, 0x00, 0x00, 0x00,
  0x02, 0xFF, 0xE0, 0x00, 0x00, 0x00, 0x00, 0x00, 0x00, 0x9F, 0xF7, 0x00, 0x00, 0x00, 0x00, 0x00,
  0x00, 0x1F, 0xFF, 0x10, 0x00, 0x00, 0x00, 0x00, 0x00, 0x08, 0xFF, 0x90, 0x00, 0x00, 0x00, 0x00,
  0x00, 0x00, 0xEF, 0xF2, 0x00, 0x00, 0x00, 0x00, 0x00, 0x00, 0x6F, 0xFB, 0x00, 0x00, 0x00, 0x00,
  0x00, 0x00, 0x0D, 0xFF, 0x50, 0x00, 0x00, 0x00, 0x00, 0x00, 0x04, 0xFF, 0xD0, 0x00, 0x00, 0x00,
  0x00, 0x00, 0x00, 0xBF, 0xF7, 0x00, 0x00, 0x00, 0x00, 0x00, 0x00, 0x2F, 0xFF, 0x10, 0x00, 0x00,
  0x00, 0x00, 0x00, 0x09, 0xFF, 0x90, 0x00, 0x00, 0x00, 0x00, 0x00, 0x01, 0xFF, 0xF2, 0x00, 0x00,
  0x00, 0x00, 0x00, 0x00, 0x7F, 0xFB, 0x00, 0x00, 0x00, 0x00, 0x00, 0x00, 0x0E, 0xFF, 0x40, 0x00,
  0x00, 0x00, 0x00, 0x00, 0x06, 0xFF, 0xD0, 0x00, 0x00, 0x00, 0x00, 0x00, 0x00, 0xDF, 0xF6, 0x00,
  0x00, 0x00, 0x00, 0x00, 0x00, 0x4F, 0xFF, 0x00, 0x00, 0x00, 0x00, 0x00, 0x00, 0x0B, 0xFF, 0x90,
  0x00, 0x00, 0x00, 0x00, 0x00, 0x02, 0xFF, 0xF2, 0x00, 0x00, 0x00, 0x00, 0x00, 0x00, 0x00, 0x17,
  0xCE, 0xFF, 0xDA, 0x40, 0x00, 0x00, 0x00, 0x6F, 0xFF, 0xFF, 0xFF, 0xFF, 0xB1, 0x00, 0x00, 0x6F,
  0xFF, 0xEB, 0x9A, 0xDF, 0xFF, 0xD0, 0x00, 0x1F, 0xFF, 0x80, 0x00, 0x00, 0x4E, 0xFF, 0x70, 0x05,
  0xFF, 0xB0, 0x00, 0x00, 0x00, 0x5F, 0xFC, 0x00, 0x7F, 0xF6, 0x00, 0x00, 0x00, 0x00, 0xFF, 0xE0,
  0x08, 0xFF, 0x60, 0x00, 0x00, 0x00, 0x0F, 0xFE, 0x00, 0x5F, 0xFA, 0x00, 0x00, 0x00, 0x03, 0xFF,
  0xB0, 0x00, 0xEF, 0xF4, 0x00, 0x00, 0x00, 0xCF, 0xF4, 0x00, 0x05, 0xFF, 0xF6, 0x00, 0x02, 0xCF,
  0xF9, 0x00, 0x00, 0x06, 0xFF, 0xFD, 0x68, 0xFF, 0xF7, 0x00, 0x00, 0x00, 0x04, 0xEF, 0xFF, 0xFF,
  0xD2, 0x00, 0x00, 0x00, 0x00, 0x4C, 0xFF, 0xFF, 0xFE, 0x70, 0x00, 0x00, 0x00, 0x9F, 0xFF, 0x96,
  0xDF, 0xFF, 0xD2, 0x00, 0x00, 0xBF, 0xFC, 0x20, 0x00, 0x4D, 0xFF, 0xE3, 0x00, 0x8F, 0xFB, 0x00,
  0x00, 0x00, 0x09, 0xFF, 0xD0, 0x0E, 0xFF, 0x10, 0x00, 0x00, 0x00, 0x0B, 0xFF, 0x63, 0xFF, 0xB0,
  0x00, 0x00, 0x00, 0x00, 0x4F, 0xFA, 0x4F, 0xF9, 0x00, 0x00, 0x00, 0x00, 0x03, 0xFF, 0xB3, 0xFF,
  0xB0, 0x00, 0x00, 0x00, 0x00, 0x5F, 0xFA, 0x0F, 0xFF, 0x30, 0x00, 0x00, 0x00, 0x0C, 0xFF, 0x60,
  0xAF, 0xFE, 0x30, 0x00, 0x00, 0x1B, 0xFF, 0xE1, 0x01, 0xEF, 0xFF, 0xD9, 0x89, 0xBF, 0xFF, 0xF4,
  0x00, 0x02, 0xCF, 0xFF, 0xFF, 0xFF, 0xFF, 0xE4, 0x00, 0x00, 0x00, 0x49, 0xCE, 0xFF, 0xEA, 0x60,
  0x00, 0x00, 0x00, 0x00, 0x17, 0xCE, 0xFE, 0xB6, 0x00, 0x00, 0x00, 0x00, 0x5F, 0xFF, 0xFF, 0xFF,
  0xFD, 0x30, 0x00, 0x00, 0x6F, 0xFF, 0xEA, 0x9B, 0xFF, 0xFF, 0x30, 0x00, 0x2F, 0xFF, 0x80, 0x00,
  0x01, 0xAF, 0xFD, 0x00, 0x09, 0xFF, 0x80, 0x00, 0x00, 0x00, 0xBF, 0xF7, 0x00, 0xEF, 0xF1, 0x00,
  0x00, 0x00, 0x01, 0xFF, 0xE0, 0x2F, 0xFC, 0x00, 0x00, 0x00, 0x00, 0x0B, 0xFF, 0x33, 0xFF, 0xB0,
  0x00, 0x00, 0x00, 0x00, 0x7F, 0xF6, 0x4F, 0xFA, 0x00, 0x00, 0x00, 0x00, 0x06, 0xFF, 0x83, 0xFF,
  0xC0, 0x00, 0x00, 0x00, 0x00, 0x8F, 0xFA, 0x0F, 0xFF, 0x10, 0x00, 0x00, 0x00, 0x0E, 0xFF, 0xA0,
  0xBF, 0xFA, 0x00, 0x00, 0x00, 0x0B, 0xFF, 0xFA, 0x03, 0xFF, 0xFB, 0x40, 0x02, 0x6D, 0xFD, 0xFF,
  0x90, 0x06, 0xFF, 0xFF, 0xFF, 0xFF, 0xFA, 0x6F, 0xF8, 0x00, 0x04, 0xDF, 0xFF, 0xFF, 0xE7, 0x08,
  0xFF, 0x60, 0x00, 0x00, 0x36, 0x87, 0x50, 0x00, 0xAF, 0xF4, 0x00, 0x00, 0x00, 0x00, 0x00, 0x00,
  0x0E, 0xFF, 0x10, 0x00, 0x00, 0x00, 0x00, 0x00, 0x03, 0xFF, 0xC0, 0x00, 0x00, 0x00, 0x00, 0x00,
  0x00, 0x9F, 0xF7, 0x00, 0x00, 0x00, 0x00, 0x00, 0x00, 0x3F, 0xFF, 0x10, 0x00, 0x00, 0x00, 0x00,
  0x00, 0x2E, 0xFF, 0x70, 0x00, 0x00, 0x00, 0x00, 0x00, 0x6F, 0xFF, 0xB0, 0x00, 0x00, 0x7B, 0x98,
  0xAB, 0xFF, 0xFF, 0xC1, 0x00, 0x00, 0x08, 0xFF, 0xFF, 0xFF, 0xFF, 0x80, 0x00, 0x00, 0x00, 0x6D,
  0xFF, 0xFD, 0xB7, 0x10, 0x00, 0x00, 0x00, 0x0B, 0xFB, 0x16, 0xFF, 0xF7, 0x8F, 0xFF, 0x96, 0xFF,
  0xF7, 0x0A, 0xFB, 0x10, 0x00, 0x00, 0x00, 0x00, 0x00, 0x00, 0x00, 0x00, 0x00, 0x00, 0x00, 0x00,
  0x00, 0x00, 0x00, 0x00, 0x00, 0x00, 0x00, 0x00, 0x00, 0x00, 0x0B, 0xFB, 0x16, 0xFF, 0xF7, 0x8F,
  0xFF, 0x96, 0xFF, 0xF7, 0x0A, 0xFB, 0x00, 0x01, 0xBF, 0xB0, 0x07, 0xFF, 0xF6, 0x09, 0xFF, 0xF8,
  0x07, 0xFF, 0xF6, 0x00, 0xBF, 0xB0, 0x00, 0x00, 0x00, 0x00, 0x00, 0x00, 0x00, 0x00, 0x00, 0x00,
  0x00, 0x00, 0x00, 0x00, 0x00, 0x00, 0x00, 0x00, 0x00, 0x00, 0x00, 0x00, 0x00, 0x00, 0x00, 0x00,
  0x00, 0x00, 0x00, 0x00, 0x00, 0x00, 0x00, 0x04, 0xFF, 0xF1, 0x07, 0xFF, 0xE0, 0x0A, 0xFF, 0x80,
  0x0E, 0xFF, 0x20, 0x1F, 0xFC, 0x00, 0x5F, 0xF6, 0x00, 0x9F, 0xE0, 0x00, 0xDF, 0x80, 0x00, 0x00,
  0x00, 0x00, 0x00, 0x00, 0x00, 0x00, 0x01, 0x50, 0x00, 0x00, 0x00, 0x00, 0x00, 0x00, 0x19, 0xFB,
  0x00, 0x00, 0x00, 0x00, 0x00, 0x01, 0x9F, 0xFF, 0xB0, 0x00, 0x00, 0x00, 0x00, 0x19, 0xFF, 0xFF,
  0x81, 0x00, 0x00, 0x00, 0x01, 0x9F, 0xFF, 0xE8, 0x10, 0x00, 0x00, 0x00, 0x19, 0xFF, 0xFE, 0x70,
  0x00, 0x00, 0x00, 0x01, 0x9F, 0xFF, 0xD6, 0x00, 0x00, 0x00, 0x00, 0x19, 0xFF, 0xFC, 0x50, 0x00,
  0x00, 0x00, 0x00, 0x3F, 0xFF, 0xB4, 0x00, 0x00, 0x00, 0x00, 0x00, 0x04, 0xFF, 0xFB, 0x40, 0x00,
  0x00, 0x00, 0x00, 0x00, 0x05, 0xCF, 0xFF, 0xD7, 0x10, 0x00, 0x00, 0x00, 0x00, 0x00, 0x3B, 0xFF,
  0xFF, 0x93, 0x00, 0x00, 0x00, 0x00, 0x00, 0x02, 0x9F, 0xFF, 0xFC, 0x50, 0x00, 0x00, 0x00, 0x00,
  0x00, 0x07, 0xDF, 0xFF, 0xE8, 0x10, 0x00, 0x00, 0x00, 0x00, 0x00, 0x5C, 0xFF, 0xFF, 0x80, 0x00,
  0x00, 0x00, 0x00, 0x00, 0x03, 0xAF, 0xFB, 0x00, 0x00, 0x00, 0x00, 0x00, 0x00, 0x00, 0x18, 0xA0,
  0x00, 0x00, 0x00, 0x00, 0x00, 0x00, 0x00, 0x00, 0x08, 0x88, 0x88, 0x88, 0x88, 0x88, 0x88, 0x88,
  0x31, 0xFF, 0xFF, 0xFF, 0xFF, 0xFF, 0xFF, 0xFF, 0xF7, 0x1F, 0xFF, 0xFF, 0xFF, 0xFF, 0xFF, 0xFF,
  0xFF, 0x70, 0x00, 0x00, 0x00, 0x00, 0x00, 0x00, 0x00, 0x00, 0x00, 0x00, 0x00, 0x00, 0x00, 0x00,
  0x00, 0x00, 0x00, 0x00, 0x00, 0x00, 0x00, 0x00, 0x00, 0x00, 0x00, 0x00, 0x00, 0x00, 0x00, 0x00,
  0x00, 0x00, 0x00, 0x00, 0x88, 0x88, 0x88, 0x88, 0x88, 0x88, 0x88, 0x83, 0x1F, 0xFF, 0xFF, 0xFF,
  0xFF, 0xFF, 0xFF, 0xFF, 0x71, 0xFF, 0xFF, 0xFF, 0xFF, 0xFF, 0xFF, 0xFF, 0xF7, 0x24, 0x00, 0x00,
  0x00, 0x00, 0x00, 0x00, 0x00, 0x04, 0xFC, 0x40, 0x00, 0x00, 0x00, 0x00, 0x00, 0x00, 0x4F, 0xFF,
  0xC4, 0x00, 0x00, 0x00, 0x00, 0x00, 0x00, 0x5D, 0xFF, 0xFC, 0x40, 0x00, 0x00, 0x00, 0x00, 0x00,
  0x05, 0xCF, 0xFF, 0xC4, 0x00, 0x00, 0x00, 0x00, 0x00, 0x00, 0x4B, 0xFF, 0xFC, 0x40, 0x00, 0x00,
  0x00, 0x00, 0x00, 0x03, 0xAF, 0xFF, 0xC4, 0x00, 0x00, 0x00, 0x00, 0x00, 0x00, 0x2A, 0xFF, 0xFC,
  0x40, 0x00, 0x00, 0x00, 0x00, 0x00, 0x01, 0x9F, 0xFF, 0x90, 0x00, 0x00, 0x00, 0x00, 0x00, 0x18,
  0xEF, 0xFB, 0x00, 0x00, 0x00, 0x00, 0x04, 0xAF, 0xFF, 0xF8, 0x10, 0x00, 0x00, 0x00, 0x6D, 0xFF,
  0xFD, 0x60, 0x00, 0x00, 0x00, 0x29, 0xFF, 0xFF, 0xC5, 0x00, 0x00, 0x00, 0x05, 0xCF, 0xFF, 0xFA,
  0x30, 0x00, 0x00, 0x00, 0x3E, 0xFF, 0xFE, 0x81, 0x00, 0x00, 0x00, 0x00, 0x04, 0xFF, 0xD6, 0x00,
  0x00, 0x00, 0x00, 0x00, 0x00, 0x4B, 0x40, 0x00, 0x00, 0x00, 0x00, 0x00, 0x00, 0x00, 0x00, 0x00,
  0x00, 0x00, 0x00, 0x00, 0x00, 0x00, 0x00, 0x38, 0xBE, 0xFF, 0xEB, 0x60, 0x00, 0x4D, 0xFF, 0xFF,
  0xFF, 0xFF, 0xFD, 0x20, 0x3F, 0xFF, 0xDA, 0x89, 0xCF, 0xFF, 0xD0, 0x0A, 0x82, 0x00, 0x00, 0x02,
  0xDF, 0xF7, 0x00, 0x00, 0x00, 0x00, 0x00, 0x4F, 0xFB, 0x00, 0x00, 0x00, 0x00, 0x00, 0x0F, 0xFD,
  0x00, 0x00, 0x00, 0x00, 0x00, 0x0F, 0xFC, 0x00, 0x00, 0x00, 0x00, 0x00, 0x4F, 0xFA, 0x00, 0x00,
  0x00, 0x00, 0x01, 0xDF, 0xF4, 0x00, 0x00, 0x00, 0x00, 0x1C, 0xFF, 0xA0, 0x00, 0x00, 0x00, 0x02,
  0xDF, 0xFB, 0x00, 0x00, 0x00, 0x00, 0x3E, 0xFF, 0x90, 0x00, 0x00, 0x00, 0x02, 0xEF, 0xF7, 0x00,
  0x00, 0x00, 0x00, 0x0A, 0xFF, 0x60, 0x00, 0x00, 0x00, 0x00, 0x0F, 0xFA, 0x00, 0x00, 0x00, 0x00,
  0x00, 0x2F, 0xF4, 0x00, 0x00, 0x00, 0x00, 0x00, 0x3F, 0xF2, 0x00, 0x00, 0x00, 0x00, 0x00, 0x15,
  0x50, 0x00, 0x00, 0x00, 0x00, 0x00, 0x00, 0x00, 0x00, 0x00, 0x00, 0x00, 0x00, 0x00, 0x00, 0x00,
  0x00, 0x00, 0x00, 0x00, 0x4E, 0xE6, 0x00, 0x00, 0x00, 0x00, 0x00, 0xDF, 0xFF, 0x00, 0x00, 0x00,
  0x00, 0x00, 0xFF, 0xFF, 0x10, 0x00, 0x00, 0x00, 0x00, 0xDF, 0xFF, 0x00, 0x00, 0x00, 0x00, 0x00,
  0x4E, 0xE5, 0x00, 0x00, 0x00, 0x00, 0x00, 0x00, 0x00, 0x00, 0x48, 0xCE, 0xFF, 0xED, 0xA5, 0x10,
  0x00, 0x00, 0x00, 0x00, 0x00, 0x00, 0x00, 0x5E, 0xFF, 0xFF, 0xFF, 0xFF, 0xFF, 0xF8, 0x00, 0x00,
  0x00, 0x00, 0x00, 0x00, 0x2C, 0xFF, 0xFF, 0xDA, 0x98, 0x9B, 0xFF, 0xFF, 0xE3, 0x00, 0x00, 0x00,
  0x00, 0x04, 0xFF, 0xFD, 0x61, 0x00, 0x00, 0x00, 0x04, 0xCF, 0xFF, 0x40, 0x00, 0x00, 0x00, 0x4F,
  0xFF, 0x60, 0x00, 0x00, 0x00, 0x00, 0x00, 0x06, 0xFF, 0xE2, 0x00, 0x00, 0x01, 0xEF, 0xE3, 0x00,
  0x00, 0x00, 0x00, 0x00, 0x00, 0x00, 0x4F, 0xFB, 0x00, 0x00, 0x0B, 0xFF, 0x30, 0x00, 0x00, 0x00,
  0x00, 0x00, 0x00, 0x00, 0x07, 0xFF, 0x40, 0x00, 0x3F, 0xF7, 0x00, 0x00, 0x02, 0x9D, 0xFF, 0xEC,
  0x84, 0x00, 0x00, 0xDF, 0xB0, 0x00, 0xAF, 0xE0, 0x00, 0x00, 0x6F, 0xFF, 0xFF, 0xFF, 0xFF, 0x20,
  0x00, 0x7F, 0xF0, 0x01, 0xFF, 0x70, 0x00, 0x06, 0xFF, 0xFC, 0x99, 0xBF, 0xFF, 0x10, 0x00, 0x2F,
  0xF4, 0x05, 0xFF, 0x10, 0x00, 0x2F, 0xFF, 0x40, 0x00, 0x07, 0xFF, 0x00, 0x00, 0x0F, 0xF7, 0x09,
  0xFD, 0x00, 0x00, 0x9F, 0xF5, 0x00, 0x00, 0x08, 0xFF, 0x00, 0x00, 0x0D, 0xF8, 0x0C, 0xFA, 0x00,
  0x00, 0xEF, 0xD0, 0x00, 0x00, 0x09, 0xFF, 0x00, 0x00, 0x0C, 0xF9, 0x0E, 0xF8, 0x00, 0x01, 0xFF,
  0x90, 0x00, 0x00, 0x0A, 0xFE, 0x00, 0x00, 0x0D, 0xF8, 0x0F, 0xF7, 0x00, 0x03, 0xFF, 0x70, 0x00,
  0x00, 0x0B, 0xFD, 0x00, 0x00, 0x0E, 0xF7, 0x0F, 0xF7, 0x00, 0x03, 0xFF, 0x70, 0x00, 0x00, 0x0E,
  0xFD, 0x00, 0x00, 0x2F, 0xF4, 0x0F, 0xF8, 0x00, 0x01, 0xFF, 0x90, 0x00, 0x00, 0x2F, 0xFD, 0x00,
  0x00, 0x7F, 0xF1, 0x0E, 0xF9, 0x00, 0x00, 0xEF, 0xE0, 0x00, 0x00, 0x9F, 0xFF, 0x00, 0x00, 0xDF,
  0xB0, 0x0C, 0xFC, 0x00, 0x00, 0x8F, 0xFC, 0x30, 0x18, 0xFC, 0xCF, 0x91, 0x2B, 0xFF, 0x30, 0x09,
  0xFF, 0x00, 0x00, 0x1E, 0xFF, 0xFF, 0xFF, 0xF3, 0x6F, 0xFF, 0xFF, 0xF9, 0x00, 0x04, 0xFF, 0x50,
  0x00, 0x02, 0xDF, 0xFF, 0xFE, 0x40, 0x0B, 0xFF, 0xFF, 0x90, 0x00, 0x00, 0xEF, 0xD0, 0x00, 0x00,
  0x04, 0x77, 0x50, 0x00, 0x00, 0x58, 0x62, 0x00, 0x00, 0x00, 0x7F, 0xF8, 0x00, 0x00, 0x00, 0x00,
  0x00, 0x00, 0x00, 0x00, 0x00, 0x00, 0x00, 0x00, 0x0D, 0xFF, 0x60, 0x00, 0x00, 0x00, 0x00, 0x00,
  0x00, 0x00, 0x00, 0x00, 0x00, 0x00, 0x03, 0xFF, 0xF9, 0x10, 0x00, 0x00, 0x00, 0x00, 0x00, 0x40,
  0x00, 0x00, 0x00, 0x00, 0x00, 0x3E, 0xFF, 0xFA, 0x62, 0x10, 0x01, 0x36, 0xAE, 0xF0, 0x00, 0x00,
  0x00, 0x00, 0x00, 0x02, 0xBF, 0xFF, 0xFF, 0xFF, 0xFF, 0xFF, 0xFF, 0xF0, 0x00, 0x00, 0x00, 0x00,
  0x00, 0x00, 0x04, 0xBF, 0xFF, 0xFF, 0xFF, 0xFF, 0xE9, 0x20, 0x00, 0x00, 0x00, 0x00, 0x00, 0x00,
  0x00, 0x00, 0x36, 0x78, 0x77, 0x42, 0x00, 0x00, 0x00, 0x00, 0x00, 0x00, 0x00, 0x00, 0x00, 0x0B,
  0xFF, 0x60, 0x00, 0x00, 0x00, 0x00, 0x00, 0x00, 0x00, 0x00, 0x1F, 0xFF, 0xC0, 0x00, 0x00, 0x00,
  0x00, 0x00, 0x00, 0x00, 0x00, 0x7F, 0xFF, 0xF2, 0x00, 0x00, 0x00, 0x00, 0x00, 0x00, 0x00, 0x00,
  0xDF, 0xDF, 0xF8, 0x00, 0x00, 0x00, 0x00, 0x00, 0x00, 0x00, 0x03, 0xFF, 0x7D, 0xFE, 0x00, 0x00,
  0x00, 0x00, 0x00, 0x00, 0x00, 0x09, 0xFF, 0x38, 0xFF, 0x40, 0x00, 0x00, 0x00, 0x00, 0x00, 0x00,
  0x0F, 0xFE, 0x03, 0xFF, 0xB0, 0x00, 0x00, 0x00, 0x00, 0x00, 0x00, 0x5F, 0xF8, 0x00, 0xDF, 0xF1,
  0x00, 0x00, 0x00, 0x00, 0x00, 0x00, 0xBF, 0xF2, 0x00, 0x7F, 0xF7, 0x00, 0x00, 0x00, 0x00, 0x00,
  0x02, 0xFF, 0xC0, 0x00, 0x1F, 0xFD, 0x00, 0x00, 0x00, 0x00, 0x00, 0x08, 0xFF, 0x60, 0x00, 0x0B,
  0xFF, 0x30, 0x00, 0x00, 0x00, 0x00, 0x0D, 0xFF, 0x10, 0x00, 0x05, 0xFF, 0x90, 0x00, 0x00, 0x00,
  0x00, 0x4F, 0xFA, 0x00, 0x00, 0x00, 0xEF, 0xE0, 0x00, 0x00, 0x00, 0x00, 0xAF, 0xF4, 0x00, 0x00,
  0x00, 0x9F, 0xF5, 0x00, 0x00, 0x00, 0x00, 0xFF, 0xFC, 0xCC, 0xCC, 0xCC, 0xDF, 0xFB, 0x00, 0x00,
  0x00, 0x06, 0xFF, 0xFF, 0xFF, 0xFF, 0xFF, 0xFF, 0xFF, 0x10, 0x00, 0x00, 0x0C, 0xFF, 0xFF, 0xFF,
  0xFF, 0xFF, 0xFF, 0xFF, 0x70, 0x00, 0x00, 0x2F, 0xFC, 0x00, 0x00, 0x00, 0x00, 0x03, 0xFF, 0xD0,
  0x00, 0x00, 0x8F, 0xF7, 0x00, 0x00, 0x00, 0x00, 0x00, 0xDF, 0xF3, 0x00, 0x00, 0xEF, 0xF1, 0x00,
  0x00, 0x00, 0x00, 0x00, 0x7F, 0xF9, 0x00, 0x04, 0xFF, 0xB0, 0x00, 0x00, 0x00, 0x00, 0x00, 0x1F,
  0xFF, 0x00, 0x0A, 0xFF, 0x50, 0x00, 0x00, 0x00, 0x00, 0x00, 0x0C, 0xFF, 0x50, 0x1F, 0xFF, 0x00,
  0x00, 0x00, 0x00, 0x00, 0x00, 0x06, 0xFF, 0xB0, 0x6F, 0xFA, 0x00, 0x00, 0x00, 0x00, 0x00, 0x00,
  0x00, 0xFF, 0xF2, 0xCF, 0xF4, 0x00, 0x00, 0x00, 0x00, 0x00, 0x00, 0x00, 0xAF, 0xF7, 0xBF, 0xFF,
  0xFF, 0xFF, 0xFE, 0xB9, 0x40, 0x00, 0x00, 0xBF, 0xFF, 0xFF, 0xFF, 0xFF, 0xFF, 0xFD, 0x40, 0x00,
  0xBF, 0xFB, 0x88, 0x88, 0x9B, 0xEF, 0xFF, 0xF4, 0x00, 0xBF, 0xF5, 0x00, 0x00, 0x00, 0x04, 0xEF,
  0xFE, 0x00, 0xBF, 0xF5, 0x00, 0x00, 0x00, 0x00, 0x3F, 0xFF, 0x30, 0xBF, 0xF5, 0x00, 0x00, 0x00,
  0x00, 0x0D, 0xFF, 0x50, 0xBF, 0xF5, 0x00, 0x00, 0x00, 0x00, 0x0B, 0xFF, 0x60, 0xBF, 0xF5, 0x00,
  0x00, 0x00, 0x00, 0x0C, 0xFF, 0x50, 0xBF, 0xF5, 0x00, 0x00, 0x00, 0x00, 0x0F, 0xFF, 0x10, 0xBF,
  0xF5, 0x00, 0x00, 0x00, 0x00, 0x8F, 0xFA, 0x00, 0xBF, 0xF5, 0x00, 0x00, 0x01, 0x4B, 0xFF, 0xC1,
  0x00, 0xBF, 0xFF, 0xFF, 0xFF, 0xFF, 0xFF, 0xD7, 0x00, 0x00, 0xBF, 0xFF, 0xFF, 0xFF, 0xFF, 0xFF,
  0x95, 0x00, 0x00, 0xBF, 0xFB, 0x88, 0x88, 0x89, 0xCF, 0xFF, 0xE4, 0x00, 0xBF, 0xF5, 0x00, 0x00,
  0x00, 0x01, 0x9F, 0xFF, 0x30, 0xBF, 0xF5, 0x00, 0x00, 0x00, 0x00, 0x0A, 0xFF, 0xC0, 0xBF, 0xF5,
  0x00, 0x00, 0x00, 0x00, 0x03, 0xFF, 0xF1, 0xBF, 0xF5, 0x00, 0x00, 0x00, 0x00, 0x00, 0xFF, 0xF3,
  0xBF, 0xF5, 0x00, 0x00, 0x00, 0x00, 0x00, 0xFF, 0xF3, 0xBF, 0xF5, 0x00, 0x00, 0x00, 0x00, 0x04,
  0xFF, 0xF1, 0xBF, 0xF5, 0x00, 0x00, 0x00, 0x00, 0x0B, 0xFF, 0xD0, 0xBF, 0xF5, 0x00, 0x00, 0x00,
  0x01, 0xAF, 0xFF, 0x60, 0xBF, 0xFB, 0x88, 0x88, 0x89, 0xCF, 0xFF, 0xFA, 0x00, 0xBF, 0xFF, 0xFF,
  0xFF, 0xFF, 0xFF, 0xFF, 0x80, 0x00, 0xBF, 0xFF, 0xFF, 0xFF, 0xFF, 0xEB, 0x71, 0x00, 0x00, 0x00,
  0x00, 0x00, 0x05, 0xAD, 0xEF, 0xFE, 0xC9, 0x50, 0x00, 0x00, 0x00, 0x7E, 0xFF, 0xFF, 0xFF, 0xFF,
  0xFF, 0xF3, 0x00, 0x01, 0xCF, 0xFF, 0xFC, 0xA8, 0x9B, 0xFF, 0xFE, 0x00, 0x01, 0xDF, 0xFF, 0x91,
  0x00, 0x00, 0x00, 0x4B, 0x70, 0x00, 0xBF, 0xFF, 0x50, 0x00, 0x00, 0x00, 0x00, 0x00, 0x00, 0x4F,
  0xFF, 0x50, 0x00, 0x00, 0x00, 0x00, 0x00, 0x00, 0x0C, 0xFF, 0xA0, 0x00, 0x00, 0x00, 0x00, 0x00,
  0x00, 0x02, 0xFF, 0xF3, 0x00, 0x00, 0x00, 0x00, 0x00, 0x00, 0x00, 0x7F, 0xFD, 0x00, 0x00, 0x00,
  0x00, 0x00, 0x00, 0x00, 0x0A, 0xFF, 0x90, 0x00, 0x00, 0x00, 0x00, 0x00, 0x00, 0x00, 0xCF, 0xF6,
  0x00, 0x00, 0x00, 0x00, 0x00, 0x00, 0x00, 0x0E, 0xFF, 0x50, 0x00, 0x00, 0x00, 0x00, 0x00, 0x00,
  0x00, 0xEF, 0xF4, 0x00, 0x00, 0x00, 0x00, 0x00, 0x00, 0x00, 0x0E, 0xFF, 0x50, 0x00, 0x00, 0x00,
  0x00, 0x00, 0x00, 0x00, 0xDF, 0xF6, 0x00, 0x00, 0x00, 0x00, 0x00, 0x00, 0x00, 0x0B, 0xFF, 0x90,
  0x00, 0x00, 0x00, 0x00, 0x00, 0x00, 0x00, 0x8F, 0xFC, 0x00, 0x00, 0x00, 0x00, 0x00, 0x00, 0x00,
  0x04, 0xFF, 0xF2, 0x00, 0x00, 0x00, 0x00, 0x00, 0x00, 0x00, 0x0E, 0xFF, 0x90, 0x00, 0x00, 0x00,
  0x00, 0x00, 0x00, 0x00, 0x7F, 0xFF, 0x30, 0x00, 0x00, 0x00, 0x00, 0x00, 0x00, 0x00, 0xEF, 0xFE,
  0x20, 0x00, 0x00, 0x00, 0x00, 0x00, 0x00, 0x03, 0xFF, 0xFF, 0x71, 0x00, 0x00, 0x00, 0x03, 0x30,
  0x00, 0x04, 0xFF, 0xFF, 0xFC, 0xA8, 0x9A, 0xCF, 0xF7, 0x00, 0x00, 0x02, 0xBF, 0xFF, 0xFF, 0xFF,
  0xFF, 0xFF, 0x70, 0x00, 0x00, 0x00, 0x28, 0xBE, 0xFF, 0xFE, 0xC9, 0x51, 0x00, 0xBF, 0xFF, 0xFF,
  0xFF, 0xFE, 0xC8, 0x40, 0x00, 0x00, 0x00, 0xBF, 0xFF, 0xFF, 0xFF, 0xFF, 0xFF, 0xFD, 0x50, 0x00,
  0x00, 0xBF, 0xFB, 0x88, 0x88, 0x9B, 0xFF, 0xFF, 0xFB, 0x00, 0x00, 0xBF, 0xF5, 0x00, 0x00, 0x00,
  0x04, 0xBF, 0xFF, 0xC0, 0x00, 0xBF, 0xF5, 0x00, 0x00, 0x00, 0x00, 0x06, 0xFF, 0xFA, 0x00, 0xBF,
  0xF5, 0x00, 0x00, 0x00, 0x00, 0x00, 0x6F, 0xFF, 0x40, 0xBF, 0xF5, 0x00, 0x00, 0x00, 0x00, 0x00,
  0x0B, 0xFF, 0xB0, 0xBF, 0xF5, 0x00, 0x00, 0x00, 0x00, 0x00, 0x04, 0xFF, 0xF1, 0xBF, 0xF5, 0x00,
  0x00, 0x00, 0x00, 0x00, 0x00, 0xFF, 0xF5, 0xBF, 0xF5, 0x00, 0x00, 0x00, 0x00, 0x00, 0x00, 0xBF,
  0xF8, 0xBF, 0xF5, 0x00, 0x00, 0x00, 0x00, 0x00, 0x00, 0x9F, 0xFA, 0xBF, 0xF5, 0x00, 0x00, 0x00,
  0x00, 0x00, 0x00, 0x8F, 0xFB, 0xBF, 0xF5, 0x00, 0x00, 0x00, 0x00, 0x00, 0x00, 0x8F, 0xFB, 0xBF,
  0xF5, 0x00, 0x00, 0x00, 0x00, 0x00, 0x00, 0x8F, 0xFA, 0xBF, 0xF5, 0x00, 0x00, 0x00, 0x00, 0x00,
  0x00, 0xAF, 0xF9, 0xBF, 0xF5, 0x00, 0x00, 0x00, 0x00, 0x00, 0x00, 0xDF, 0xF7, 0xBF, 0xF5, 0x00,
  0x00, 0x00, 0x00, 0x00, 0x00, 0xFF, 0xF3, 0xBF, 0xF5, 0x00, 0x00, 0x00, 0x00, 0x00, 0x06, 0xFF,
  0xF0, 0xBF, 0xF5, 0x00, 0x00, 0x00, 0x00, 0x00, 0x0D, 0xFF, 0x90, 0xBF, 0xF5, 0x00, 0x00, 0x00,
  0x00, 0x00, 0x9F, 0xFF, 0x10, 0xBF, 0xF5, 0x00, 0x00, 0x00, 0x00, 0x09, 0xFF, 0xF7, 0x00, 0xBF,
  0xF5, 0x00, 0x00, 0x00, 0x06, 0xDF, 0xFF, 0x90, 0x00, 0xBF, 0xFB, 0x88, 0x89, 0xAD, 0xFF, 0xFF,
  0xF7, 0x00, 0x00, 0xBF, 0xFF, 0xFF, 0xFF, 0xFF, 0xFF, 0xFB, 0x30, 0x00, 0x00, 0xBF, 0xFF, 0xFF,
  0xFF, 0xED, 0xA6, 0x20, 0x00, 0x00, 0x00, 0xBF, 0xFF, 0xFF, 0xFF, 0xFF, 0xFF, 0xFD, 0xBF, 0xFF,
  0xFF, 0xFF, 0xFF, 0xFF, 0xFD, 0xBF, 0xFB, 0x88, 0x88, 0x88, 0x88, 0x87, 0xBF, 0xF5, 0x00, 0x00,
  0x00, 0x00, 0x00, 0xBF, 0xF5, 0x00, 0x00, 0x00, 0x00, 0x00, 0xBF, 0xF5, 0x00, 0x00, 0x00, 0x00,
  0x00, 0xBF, 0xF5, 0x00, 0x00, 0x00, 0x00, 0x00, 0xBF, 0xF5, 0x00, 0x00, 0x00, 0x00, 0x00, 0xBF,
  0xF5, 0x00, 0x00, 0x00, 0x00, 0x00, 0xBF, 0xF5, 0x00, 0x00, 0x00, 0x00, 0x00, 0xBF, 0xF5, 0x00,
  0x00, 0x00, 0x00, 0x00, 0xBF, 0xFF, 0xFF, 0xFF, 0xFF, 0xFF, 0xF4, 0xBF, 0xFF, 0xFF, 0xFF, 0xFF,
  0xFF, 0xF4, 0xBF, 0xFB, 0x88, 0x88, 0x88, 0x88, 0x82, 0xBF, 0xF5, 0x00, 0x00, 0x00, 0x00, 0x00,
  0xBF, 0xF5, 0x00, 0x00, 0x00, 0x00, 0x00, 0xBF, 0xF5, 0x00, 0x00, 0x00, 0x00, 0x00, 0xBF, 0xF5,
  0x00, 0x00, 0x00, 0x00, 0x00, 0xBF, 0xF5, 0x00, 0x00, 0x00, 0x00, 0x00, 0xBF, 0xF5, 0x00, 0x00,
  0x00, 0x00, 0x00, 0xBF, 0xF5, 0x00, 0x00, 0x00, 0x00, 0x00, 0xBF, 0xF5, 0x00, 0x00, 0x00, 0x00,
  0x00, 0xBF, 0xFB, 0x88, 0x88, 0x88, 0x88, 0x87, 0xBF, 0xFF, 0xFF, 0xFF, 0xFF, 0xFF, 0xFD, 0xBF,
  0xFF, 0xFF, 0xFF, 0xFF, 0xFF, 0xFD, 0xBF, 0xFF, 0xFF, 0xFF, 0xFF, 0xFF, 0xFD, 0xBF, 0xFF, 0xFF,
  0xFF, 0xFF, 0xFF, 0xFD, 0xBF, 0xFB, 0x88, 0x88, 0x88, 0x88, 0x87, 0xBF, 0xF5, 0x00, 0x00, 0x00,
  0x00, 0x00, 0xBF, 0xF5, 0x00, 0x00, 0x00, 0x00, 0x00, 0xBF, 0xF5, 0x00, 0x00, 0x00, 0x00, 0x00,
  0xBF, 0xF5, 0x00, 0x00, 0x00, 0x00, 0x00, 0xBF, 0xF5, 0x00, 0x00, 0x00, 0x00, 0x00, 0xBF, 0xF5,
  0x00, 0x00, 0x00, 0x00, 0x00, 0xBF, 0xF5, 0x00, 0x00, 0x00, 0x00, 0x00, 0xBF, 0xF5, 0x00, 0x00,
  0x00, 0x00, 0x00, 0xBF, 0xF5, 0x00, 0x00, 0x00, 0x00, 0x00, 0xBF, 0xFF, 0xFF, 0xFF, 0xFF, 0xFF,
  0xF3, 0xBF, 0xFF, 0xFF, 0xFF, 0xFF, 0xFF, 0xF3, 0xBF, 0xFB, 0x88, 0x88, 0x88, 0x88, 0x81, 0xBF,
  0xF5, 0x00, 0x00, 0x00, 0x00, 0x00, 0xBF, 0xF5, 0x00, 0x00, 0x00, 0x00, 0x00, 0xBF, 0xF5, 0x00,
  0x00, 0x00, 0x00, 0x00, 0xBF, 0xF5, 0x00, 0x00, 0x00, 0x00, 0x00, 0xBF, 0xF5, 0x00, 0x00, 0x00,
  0x00, 0x00, 0xBF, 0xF5, 0x00, 0x00, 0x00, 0x00, 0x00, 0xBF, 0xF5, 0x00, 0x00, 0x00, 0x00, 0x00,
  0xBF, 0xF5, 0x00, 0x00, 0x00, 0x00, 0x00, 0xBF, 0xF5, 0x00, 0x00, 0x00, 0x00, 0x00, 0xBF, 0xF5,
  0x00, 0x00, 0x00, 0x00, 0x00, 0x00, 0x00, 0x00, 0x02, 0x7B, 0xDF, 0xFF, 0xEC, 0xA6, 0x20, 0x00,
  0x00, 0x00, 0x3B, 0xFF, 0xFF, 0xFF, 0xFF, 0xFF, 0xFF, 0x90, 0x00, 0x00, 0x8F, 0xFF, 0xFF, 0xB9,
  0x89, 0xBE, 0xFF, 0xF6, 0x00, 0x00, 0xAF, 0xFF, 0xC4, 0x00, 0x00, 0x00, 0x02, 0x7C, 0x00, 0x00,
  0x8F, 0xFF, 0x70, 0x00, 0x00, 0x00, 0x00, 0x00, 0x00, 0x00, 0x3F, 0xFF, 0x70, 0x00, 0x00, 0x00,
  0x00, 0x00, 0x00, 0x00, 0x0B, 0xFF, 0xB0, 0x00, 0x00, 0x00, 0x00, 0x00, 0x00, 0x00, 0x02, 0xFF,
  0xF3, 0x00, 0x00, 0x00, 0x00, 0x00, 0x00, 0x00, 0x00, 0x6F, 0xFD, 0x00, 0x00, 0x00, 0x00, 0x00,
  0x00, 0x00, 0x00, 0x0A, 0xFF, 0x90, 0x00, 0x00, 0x00, 0x00, 0x00, 0x00, 0x00, 0x00, 0xCF, 0xF6,
  0x00, 0x00, 0x00, 0x00, 0x00, 0x00, 0x00, 0x00, 0x0E, 0xFF, 0x50, 0x00, 0x00, 0x00, 0x18, 0x88,
  0x88, 0x88, 0x81, 0xEF, 0xF4, 0x00, 0x00, 0x00, 0x02, 0xFF, 0xFF, 0xFF, 0xFF, 0x3E, 0xFF, 0x50,
  0x00, 0x00, 0x00, 0x2F, 0xFF, 0xFF, 0xFF, 0xF3, 0xDF, 0xF6, 0x00, 0x00, 0x00, 0x00, 0x00, 0x00,
  0x0D, 0xFF, 0x3A, 0xFF, 0x90, 0x00, 0x00, 0x00, 0x00, 0x00, 0x00, 0xDF, 0xF3, 0x7F, 0xFD, 0x00,
  0x00, 0x00, 0x00, 0x00, 0x00, 0x0D, 0xFF, 0x33, 0xFF, 0xF2, 0x00, 0x00, 0x00, 0x00, 0x00, 0x00,
  0xDF, 0xF3, 0x0D, 0xFF, 0x90, 0x00, 0x00, 0x00, 0x00, 0x00, 0x0D, 0xFF, 0x30, 0x6F, 0xFF, 0x40,
  0x00, 0x00, 0x00, 0x00, 0x00, 0xDF, 0xF3, 0x00, 0xCF, 0xFF, 0x40, 0x00, 0x00, 0x00, 0x00, 0x0D,
  0xFF, 0x30, 0x01, 0xEF, 0xFF, 0x92, 0x00, 0x00, 0x00, 0x00, 0xDF, 0xF3, 0x00, 0x02, 0xDF, 0xFF,
  0xFD, 0xA9, 0x89, 0xAC, 0xFF, 0xFF, 0x30, 0x00, 0x00, 0x8F, 0xFF, 0xFF, 0xFF, 0xFF, 0xFF, 0xFF,
  0xF3, 0x00, 0x00, 0x00, 0x16, 0xAD, 0xFF, 0xFF, 0xEC, 0xA7, 0x40, 0x00, 0xBF, 0xF5, 0x00, 0x00,
  0x00, 0x00, 0x00, 0x03, 0xFF, 0xDB, 0xFF, 0x50, 0x00, 0x00, 0x00, 0x00, 0x00, 0x3F, 0xFD, 0xBF,
  0xF5, 0x00, 0x00, 0x00, 0x00, 0x00, 0x03, 0xFF, 0xDB, 0xFF, 0x50, 0x00, 0x00, 0x00, 0x00, 0x00,
  0x3F, 0xFD, 0xBF, 0xF5, 0x00, 0x00, 0x00, 0x00, 0x00, 0x03, 0xFF, 0xDB, 0xFF, 0x50, 0x00, 0x00,
  0x00, 0x00, 0x00, 0x3F, 0xFD, 0xBF, 0xF5, 0x00, 0x00, 0x00, 0x00, 0x00, 0x03, 0xFF, 0xDB, 0xFF,
  0x50, 0x00, 0x00, 0x00, 0x00, 0x00, 0x3F, 0xFD, 0xBF, 0xF5, 0x00, 0x00, 0x00, 0x00, 0x00, 0x03,
  0xFF, 0xDB, 0xFF, 0x50, 0x00, 0x00, 0x00, 0x00, 0x00, 0x3F, 0xFD, 0xBF, 0xF5, 0x00, 0x00, 0x00,
  0x00, 0x00, 0x03, 0xFF, 0xDB, 0xFF, 0xFF, 0xFF, 0xFF, 0xFF, 0xFF, 0xFF, 0xFF, 0xFD, 0xBF, 0xFF,
  0xFF, 0xFF, 0xFF, 0xFF, 0xFF, 0xFF, 0xFF, 0xDB, 0xFF, 0xB8, 0x88, 0x88, 0x88, 0x88, 0x88, 0xAF,
  0xFD, 0xBF, 0xF5, 0x00, 0x00, 0x00, 0x00, 0x00, 0x03, 0xFF, 0xDB, 0xFF, 0x50, 0x00, 0x00, 0x00,
  0x00, 0x00, 0x3F, 0xFD, 0xBF, 0xF5, 0x00, 0x00, 0x00, 0x00, 0x00, 0x03, 0xFF, 0xDB, 0xFF, 0x50,
  0x00, 0x00, 0x00, 0x00, 0x00, 0x3F, 0xFD, 0xBF, 0xF5, 0x00, 0x00, 0x00, 0x00, 0x00, 0x03, 0xFF,
  0xDB, 0xFF, 0x50, 0x00, 0x00, 0x00, 0x00, 0x00, 0x3F, 0xFD, 0xBF, 0xF5, 0x00, 0x00, 0x00, 0x00,
  0x00, 0x03, 0xFF, 0xDB, 0xFF, 0x50, 0x00, 0x00, 0x00, 0x00, 0x00, 0x3F, 0xFD, 0xBF, 0xF5, 0x00,
  0x00, 0x00, 0x00, 0x00, 0x03, 0xFF, 0xDB, 0xFF, 0x50, 0x00, 0x00, 0x00, 0x00, 0x00, 0x3F, 0xFD,
  0xBF, 0xF5, 0x00, 0x00, 0x00, 0x00, 0x00, 0x03, 0xFF, 0xD0, 0xAF, 0xFF, 0xFF, 0xFF, 0xF2, 0xAF,
  0xFF, 0xFF, 0xFF, 0xF1, 0x04, 0x7E, 0xFF, 0xB5, 0x10, 0x00, 0x0C, 0xFF, 0x40, 0x00, 0x00, 0x0C,
  0xFF, 0x40, 0x00, 0x00, 0x0C, 0xFF, 0x40, 0x00, 0x00, 0x0C, 0xFF, 0x40, 0x00, 0x00, 0x0C, 0xFF,
  0x40, 0x00, 0x00, 0x0C, 0xFF, 0x40, 0x00, 0x00, 0x0C, 0xFF, 0x40, 0x00, 0x00, 0x0C, 0xFF, 0x40,
  0x00, 0x00, 0x0C, 0xFF, 0x40, 0x00, 0x00, 0x0C, 0xFF, 0x40, 0x00, 0x00, 0x0C, 0xFF, 0x40, 0x00,
  0x00, 0x0C, 0xFF, 0x40, 0x00, 0x00, 0x0C, 0xFF, 0x40, 0x00, 0x00, 0x0C, 0xFF, 0x40, 0x00, 0x00,
  0x0C, 0xFF, 0x40, 0x00, 0x00, 0x0C, 0xFF, 0x40, 0x00, 0x00, 0x0C, 0xFF, 0x40, 0x00, 0x00, 0x0C,
  0xFF, 0x40, 0x00, 0x00, 0x0C, 0xFF, 0x40, 0x00, 0x01, 0x4D, 0xFF, 0x82, 0x00, 0x8F, 0xFF, 0xFF,
  0xFF, 0xE1, 0xAF, 0xFF, 0xFF, 0xFF, 0xF2, 0x00, 0x00, 0xEF, 0xF3, 0x00, 0x00, 0xEF, 0xF3, 0x00,
  0x00, 0xEF, 0xF3, 0x00, 0x00, 0xEF, 0xF3, 0x00, 0x00, 0xEF, 0xF3, 0x00, 0x00, 0xEF, 0xF3, 0x00,
  0x00, 0xEF, 0xF3, 0x00, 0x00, 0xEF, 0xF3, 0x00, 0x00, 0xEF, 0xF3, 0x00, 0x00, 0xEF, 0xF3, 0x00,
  0x00, 0xEF, 0xF3, 0x00, 0x00, 0xEF, 0xF3, 0x00, 0x00, 0xEF, 0xF3, 0x00, 0x00, 0xEF, 0xF3, 0x00,
  0x00, 0xEF, 0xF3, 0x00, 0x00, 0xEF, 0xF3, 0x00, 0x00, 0xEF, 0xF3, 0x00, 0x00, 0xEF, 0xF3, 0x00,
  0x00, 0xEF, 0xF3, 0x00, 0x00, 0xEF, 0xF3, 0x00, 0x00, 0xEF, 0xF3, 0x00, 0x00, 0xEF, 0xF3, 0x00,
  0x00, 0xEF, 0xF3, 0x00, 0x00, 0xEF, 0xF3, 0x00, 0x00, 0xEF, 0xF2, 0x00, 0x00, 0xEF, 0xF1, 0x00,
  0x01, 0xFF, 0xF0, 0x00, 0x07, 0xFF, 0xC0, 0x01, 0x7F, 0xFF, 0x50, 0xFF, 0xFF, 0xFB, 0x00, 0xFF,
  0xFF, 0x80, 0x00, 0x87, 0x51, 0x00, 0x00, 0xBF, 0xF5, 0x00, 0x00, 0x00, 0x00, 0x05, 0xFF, 0xF4,
  0xBF, 0xF5, 0x00, 0x00, 0x00, 0x00, 0x3F, 0xFF, 0x50, 0xBF, 0xF5, 0x00, 0x00, 0x00, 0x02, 0xEF,
  0xF7, 0x00, 0xBF, 0xF5, 0x00, 0x00, 0x00, 0x1D, 0xFF, 0x90, 0x00, 0xBF, 0xF5, 0x00, 0x00, 0x00,
  0xBF, 0xFB, 0x00, 0x00, 0xBF, 0xF5, 0x00, 0x00, 0x0A, 0xFF, 0xC0, 0x00, 0x00, 0xBF, 0xF5, 0x00,
  0x00, 0x7F, 0xFE, 0x10, 0x00, 0x00, 0xBF, 0xF5, 0x00, 0x05, 0xFF, 0xE2, 0x00, 0x00, 0x00, 0xBF,
  0xF5, 0x00, 0x4F, 0xFF, 0x40, 0x00, 0x00, 0x00, 0xBF, 0xF5, 0x02, 0xFF, 0xF5, 0x00, 0x00, 0x00,
  0x00, 0xBF, 0xF5, 0x1E, 0xFF, 0x70, 0x00, 0x00, 0x00, 0x00, 0xBF, 0xF6, 0xCF, 0xFF, 0x60, 0x00,
  0x00, 0x00, 0x00, 0xBF, 0xFE, 0xFF, 0xFF, 0xF2, 0x00, 0x00, 0x00, 0x00, 0xBF, 0xFF, 0xF7, 0xDF,
  0xFD, 0x00, 0x00, 0x00, 0x00, 0xBF, 0xFF, 0x50, 0x3F, 0xFF, 0x80, 0x00, 0x00, 0x00, 0xBF, 0xF6,
  0x00, 0x07, 0xFF, 0xF4, 0x00, 0x00, 0x00, 0xBF, 0xF5, 0x00, 0x00, 0xBF, 0xFE, 0x10, 0x00, 0x00,
  0xBF, 0xF5, 0x00, 0x00, 0x1E, 0xFF, 0xB0, 0x00, 0x00, 0xBF, 0xF5, 0x00, 0x00, 0x04, 0xFF, 0xF6,
  0x00, 0x00, 0xBF, 0xF5, 0x00, 0x00, 0x00, 0x8F, 0xFF, 0x20, 0x00, 0xBF, 0xF5, 0x00, 0x00, 0x00,
  0x0C, 0xFF, 0xC0, 0x00, 0xBF, 0xF5, 0x00, 0x00, 0x00, 0x02, 0xFF, 0xF8, 0x00, 0xBF, 0xF5, 0x00,
  0x00, 0x00, 0x00, 0x6F, 0xFF, 0x40, 0xBF, 0xF5, 0x00, 0x00, 0x00, 0x00, 0x0A, 0xFF, 0xE1, 0xBF,
  0xF5, 0x00, 0x00, 0x00, 0x00, 0x00, 0xDF, 0xFA, 0xBF, 0xF5, 0x00, 0x00, 0x00, 0x00, 0x00, 0xBF,
  0xF5, 0x00, 0x00, 0x00, 0x00, 0x00, 0xBF, 0xF5, 0x00, 0x00, 0x00, 0x00, 0x00, 0xBF, 0xF5, 0x00,
  0x00, 0x00, 0x00, 0x00, 0xBF, 0xF5, 0x00, 0x00, 0x00, 0x00, 0x00, 0xBF, 0xF5, 0x00, 0x00, 0x00,
  0x00, 0x00, 0xBF, 0xF5, 0x00, 0x00, 0x00, 0x00, 0x00, 0xBF, 0xF5, 0x00, 0x00, 0x00, 0x00, 0x00,
  0xBF, 0xF5, 0x00, 0x00, 0x00, 0x00, 0x00, 0xBF, 0xF5, 0x00, 0x00, 0x00, 0x00, 0x00, 0xBF, 0xF5,
  0x00, 0x00, 0x00, 0x00, 0x00, 0xBF, 0xF5, 0x00, 0x00, 0x00, 0x00, 0x00, 0xBF, 0xF5, 0x00, 0x00,
  0x00, 0x00, 0x00, 0xBF, 0xF5, 0x00, 0x00, 0x00, 0x00, 0x00, 0xBF, 0xF5, 0x00, 0x00, 0x00, 0x00,
  0x00, 0xBF, 0xF5, 0x00, 0x00, 0x00, 0x00, 0x00, 0xBF, 0xF5, 0x00, 0x00, 0x00, 0x00, 0x00, 0xBF,
  0xF5, 0x00, 0x00, 0x00, 0x00, 0x00, 0xBF, 0xF5, 0x00, 0x00, 0x00, 0x00, 0x00, 0xBF, 0xF5, 0x00,
  0x00, 0x00, 0x00, 0x00, 0xBF, 0xF5, 0x00, 0x00, 0x00, 0x00, 0x00, 0xBF, 0xF5, 0x00, 0x00, 0x00,
  0x00, 0x00, 0xBF, 0xFD, 0xCC, 0xCC, 0xCC, 0xCC, 0xCC, 0xBF, 0xFF, 0xFF, 0xFF, 0xFF, 0xFF, 0xFF,
  0xBF, 0xFF, 0xFF, 0xFF, 0xFF, 0xFF, 0xFF, 0xBF, 0xFF, 0xF0, 0x00, 0x00, 0x00, 0x00, 0x00, 0x00,
  0x02, 0xFF, 0xFF, 0x8B, 0xFF, 0xFF, 0x50, 0x00, 0x00, 0x00, 0x00, 0x00, 0x00, 0x8F, 0xFF, 0xF8,
  0xBF, 0xFF, 0xFB, 0x00, 0x00, 0x00, 0x00, 0x00, 0x00, 0x0D, 0xFF, 0xFF, 0x8B, 0xFE, 0xEF, 0xF1,
  0x00, 0x00, 0x00, 0x00, 0x00, 0x04, 0xFF, 0xCF, 0xF8, 0xBF, 0xF8, 0xFF, 0x70, 0x00, 0x00, 0x00,
  0x00, 0x00, 0x9F, 0xF7, 0xFF, 0x8B, 0xFF, 0x2F, 0xFD, 0x00, 0x00, 0x00, 0x00, 0x00, 0x0F, 0xFC,
  0x6F, 0xF8, 0xBF, 0xF0, 0xCF, 0xF2, 0x00, 0x00, 0x00, 0x00, 0x05, 0xFF, 0x66, 0xFF, 0x8B, 0xFF,
  0x16, 0xFF, 0x80, 0x00, 0x00, 0x00, 0x00, 0xBF, 0xF1, 0x7F, 0xF8, 0xBF, 0xF1, 0x1F, 0xFE, 0x00,
  0x00, 0x00, 0x00, 0x1F, 0xFA, 0x07, 0xFF, 0x8B, 0xFF, 0x10, 0xAF, 0xF4, 0x00, 0x00, 0x00, 0x07,
  0xFF, 0x40, 0x7F, 0xF8, 0xBF, 0xF2, 0x05, 0xFF, 0xA0, 0x00, 0x00, 0x00, 0xDF, 0xE0, 0x07, 0xFF,
  0x8B, 0xFF, 0x20, 0x0E, 0xFF, 0x00, 0x00, 0x00, 0x3F, 0xF8, 0x00, 0x7F, 0xF8, 0xBF, 0xF2, 0x00,
  0x9F, 0xF5, 0x00, 0x00, 0x09, 0xFF, 0x20, 0x07, 0xFF, 0x8B, 0xFF, 0x20, 0x03, 0xFF, 0xB0, 0x00,
  0x00, 0xEF, 0xC0, 0x00, 0x7F, 0xF8, 0xBF, 0xF2, 0x00, 0x0D, 0xFF, 0x10, 0x00, 0x5F, 0xF6, 0x00,
  0x07, 0xFF, 0x8B, 0xFF, 0x20, 0x00, 0x7F, 0xF7, 0x00, 0x0B, 0xFF, 0x10, 0x00, 0x7F, 0xF8, 0xBF,
  0xF2, 0x00, 0x01, 0xFF, 0xD0, 0x01, 0xFF, 0xA0, 0x00, 0x07, 0xFF, 0x8B, 0xFF, 0x20, 0x00, 0x0B,
  0xFF, 0x30, 0x7F, 0xF5, 0x00, 0x00, 0x7F, 0xF8, 0xBF, 0xF2, 0x00, 0x00, 0x6F, 0xF8, 0x0D, 0xFE,
  0x00, 0x00, 0x07, 0xFF, 0x8B, 0xFF, 0x20, 0x00, 0x00, 0xFF, 0xE3, 0xFF, 0x90, 0x00, 0x00, 0x7F,
  0xF8, 0xBF, 0xF2, 0x00, 0x00, 0x0A, 0xFF, 0xDF, 0xF3, 0x00, 0x00, 0x07, 0xFF, 0x8B, 0xFF, 0x20,
  0x00, 0x00, 0x4F, 0xFF, 0xFD, 0x00, 0x00, 0x00, 0x7F, 0xF8, 0xBF, 0xF2, 0x00, 0x00, 0x00, 0xEF,
  0xFF, 0x70, 0x00, 0x00, 0x07, 0xFF, 0x8B, 0xFF, 0x20, 0x00, 0x00, 0x08, 0xFF, 0xF1, 0x00, 0x00,
  0x00, 0x7F, 0xF8, 0xBF, 0xF2, 0x00, 0x00, 0x00, 0x2F, 0xFB, 0x00, 0x00, 0x00, 0x07, 0xFF, 0x80,
  0xBF, 0xFF, 0x20, 0x00, 0x00, 0x00, 0x00, 0x00, 0x5F, 0xF8, 0xBF, 0xFF, 0xC0, 0x00, 0x00, 0x00,
  0x00, 0x00, 0x5F, 0xF8, 0xBF, 0xFF, 0xF7, 0x00, 0x00, 0x00, 0x00, 0x00, 0x5F, 0xF8, 0xBF, 0xFF,
  0xFF, 0x20, 0x00, 0x00, 0x00, 0x00, 0x5F, 0xF8, 0xBF, 0xEE, 0xFF, 0xB0, 0x00, 0x00, 0x00, 0x00,
  0x5F, 0xF8, 0xBF, 0xE4, 0xFF, 0xF5, 0x00, 0x00, 0x00, 0x00, 0x5F, 0xF8, 0xBF, 0xF0, 0xAF, 0xFE,
  0x10, 0x00, 0x00, 0x00, 0x5F, 0xF8, 0xBF, 0xF0, 0x1F, 0xFF, 0xA0, 0x00, 0x00, 0x00, 0x5F, 0xF8,
  0xBF, 0xF0, 0x06, 0xFF, 0xF4, 0x00, 0x00, 0x00, 0x5F, 0xF8, 0xBF, 0xF1, 0x00, 0xCF, 0xFE, 0x00,
  0x00, 0x00, 0x5F, 0xF8, 0xBF, 0xF1, 0x00, 0x2F, 0xFF, 0x90, 0x00, 0x00, 0x5F, 0xF8, 0xBF, 0xF1,
  0x00, 0x08, 0xFF, 0xF3, 0x00, 0x00, 0x5F, 0xF8, 0xBF, 0xF2, 0x00, 0x00, 0xDF, 0xFD, 0x00, 0x00,
  0x5F, 0xF8, 0xBF, 0xF2, 0x00, 0x00, 0x4F, 0xFF, 0x80, 0x00, 0x4F, 0xF8, 0xBF, 0xF2, 0x00, 0x00,
  0x0A, 0xFF, 0xF3, 0x00, 0x4F, 0xF8, 0xBF, 0xF2, 0x00, 0x00, 0x01, 0xEF, 0xFC, 0x00, 0x4F, 0xF8,
  0xBF, 0xF2, 0x00, 0x00, 0x00, 0x6F, 0xFF, 0x70, 0x3F, 0xF8, 0xBF, 0xF2, 0x00, 0x00, 0x00, 0x0C,
  0xFF, 0xF2, 0x3F, 0xF8, 0xBF, 0xF2, 0x00, 0x00, 0x00, 0x02, 0xFF, 0xFB, 0x2F, 0xF8, 0xBF, 0xF2,
  0x00, 0x00, 0x00, 0x00, 0x7F, 0xFF, 0x8F, 0xF8, 0xBF, 0xF2, 0x00, 0x00, 0x00, 0x00, 0x0D, 0xFF,
  0xFF, 0xF8, 0xBF, 0xF2, 0x00, 0x00, 0x00, 0x00, 0x03, 0xFF, 0xFF, 0xF8, 0xBF, 0xF2, 0x00, 0x00,
  0x00, 0x00, 0x00, 0x9F, 0xFF, 0xF8, 0xBF, 0xF2, 0x00, 0x00, 0x00, 0x00, 0x00, 0x1E, 0xFF, 0xF8,
  0xBF, 0xF2, 0x00, 0x00, 0x00, 0x00, 0x00, 0x05, 0xFF, 0xF8, 0x00, 0x00, 0x00, 0x27, 0xBE, 0xFF,
  0xED, 0xA5, 0x00, 0x00, 0x00, 0x00, 0x00, 0x01, 0xAF, 0xFF, 0xFF, 0xFF, 0xFF, 0xFE, 0x60, 0x00,
  0x00, 0x00, 0x04, 0xEF, 0xFF, 0xFB, 0x98, 0xAC, 0xFF, 0xFF, 0xA0, 0x00, 0x00, 0x03, 0xFF, 0xFE,
  0x50, 0x00, 0x00, 0x01, 0x9F, 0xFF, 0xA0, 0x00, 0x00, 0xEF, 0xFD, 0x10, 0x00, 0x00, 0x00, 0x00,
  0x4F, 0xFF, 0x60, 0x00, 0x7F, 0xFF, 0x10, 0x00, 0x00, 0x00, 0x00, 0x00, 0x7F, 0xFE, 0x00, 0x0E,
  0xFF, 0x70, 0x00, 0x00, 0x00, 0x00, 0x00, 0x00, 0xEF, 0xF6, 0x04, 0xFF, 0xF1, 0x00, 0x00, 0x00,
  0x00, 0x00, 0x00, 0x08, 0xFF, 0xC0, 0x8F, 0xFC, 0x00, 0x00, 0x00, 0x00, 0x00, 0x00, 0x00, 0x3F,
  0xFF, 0x0B, 0xFF, 0x80, 0x00, 0x00, 0x00, 0x00, 0x00, 0x00, 0x00, 0xFF, 0xF3, 0xDF, 0xF6, 0x00,
  0x00, 0x00, 0x00, 0x00, 0x00, 0x00, 0x0D, 0xFF, 0x5E, 0xFF, 0x50, 0x00, 0x00, 0x00, 0x00, 0x00,
  0x00, 0x00, 0xCF, 0xF7, 0xEF, 0xF4, 0x00, 0x00, 0x00, 0x00, 0x00, 0x00, 0x00, 0x0C, 0xFF, 0x7E,
  0xFF, 0x50, 0x00, 0x00, 0x00, 0x00, 0x00, 0x00, 0x00, 0xCF, 0xF7, 0xDF, 0xF6, 0x00, 0x00, 0x00,
  0x00, 0x00, 0x00, 0x00, 0x0D, 0xFF, 0x5A, 0xFF, 0x90, 0x00, 0x00, 0x00, 0x00, 0x00, 0x00, 0x00,
  0xFF, 0xF3, 0x7F, 0xFC, 0x00, 0x00, 0x00, 0x00, 0x00, 0x00, 0x00, 0x3F, 0xFF, 0x03, 0xFF, 0xF1,
  0x00, 0x00, 0x00, 0x00, 0x00, 0x00, 0x08, 0xFF, 0xC0, 0x0E, 0xFF, 0x70, 0x00, 0x00, 0x00, 0x00,
  0x00, 0x00, 0xEF, 0xF6, 0x00, 0x7F, 0xFF, 0x10, 0x00, 0x00, 0x00, 0x00, 0x00, 0x7F, 0xFE, 0x00,
  0x00, 0xDF, 0xFD, 0x10, 0x00, 0x00, 0x00, 0x00, 0x5F, 0xFF, 0x60, 0x00, 0x03, 0xFF, 0xFE, 0x50,
  0x00, 0x00, 0x01, 0x9F, 0xFF, 0xA0, 0x00, 0x00, 0x04, 0xEF, 0xFF, 0xFB, 0x98, 0xAC, 0xFF, 0xFF,
  0xA0, 0x00, 0x00, 0x00, 0x02, 0xAF, 0xFF, 0xFF, 0xFF, 0xFF, 0xFE, 0x60, 0x00, 0x00, 0x00, 0x00,
  0x00, 0x27, 0xBE, 0xFF, 0xED, 0xA5, 0x00, 0x00, 0x00, 0x00, 0xBF, 0xFF, 0xFF, 0xFF, 0xEC, 0x93,
  0x00, 0x00, 0xBF, 0xFF, 0xFF, 0xFF, 0xFF, 0xFF, 0xC2, 0x00, 0xBF, 0xFB, 0x88, 0x89, 0xBE, 0xFF,
  0xFF, 0x20, 0xBF, 0xF5, 0x00, 0x00, 0x00, 0x6E, 0xFF, 0xD0, 0xBF, 0xF5, 0x00, 0x00, 0x00, 0x03,
  0xFF, 0xF5, 0xBF, 0xF5, 0x00, 0x00, 0x00, 0x00, 0xBF, 0xF9, 0xBF, 0xF5, 0x00, 0x00, 0x00, 0x00,
  0x6F, 0xFC, 0xBF, 0xF5, 0x00, 0x00, 0x00, 0x00, 0x5F, 0xFD, 0xBF, 0xF5, 0x00, 0x00, 0x00, 0x00,
  0x6F, 0xFB, 0xBF, 0xF5, 0x00, 0x00, 0x00, 0x00, 0x9F, 0xF9, 0xBF, 0xF5, 0x00, 0x00, 0x00, 0x00,
  0xEF, 0xF4, 0xBF, 0xF5, 0x00, 0x00, 0x00, 0x0B, 0xFF, 0xD0, 0xBF, 0xF5, 0x00, 0x01, 0x48, 0xEF,
  0xFF, 0x30, 0xBF, 0xFF, 0xFF, 0xFF, 0xFF, 0xFF, 0xE4, 0x00, 0xBF, 0xFF, 0xFF, 0xFF, 0xFF, 0xE9,
  0x10, 0x00, 0xBF, 0xFB, 0x88, 0x87, 0x63, 0x00, 0x00, 0x00, 0xBF, 0xF5, 0x00, 0x00, 0x00, 0x00,
  0x00, 0x00, 0xBF, 0xF5, 0x00, 0x00, 0x00, 0x00, 0x00, 0x00, 0xBF, 0xF5, 0x00, 0x00, 0x00, 0x00,
  0x00, 0x00, 0xBF, 0xF5, 0x00, 0x00, 0x00, 0x00, 0x00, 0x00, 0xBF, 0xF5, 0x00, 0x00, 0x00, 0x00,
  0x00, 0x00, 0xBF, 0xF5, 0x00, 0x00, 0x00, 0x00, 0x00, 0x00, 0xBF, 0xF5, 0x00, 0x00, 0x00, 0x00,
  0x00, 0x00, 0xBF, 0xF5, 0x00, 0x00, 0x00, 0x00, 0x00, 0x00, 0xBF, 0xF5, 0x00, 0x00, 0x00, 0x00,
  0x00, 0x00, 0x00, 0x00, 0x00, 0x27, 0xBE, 0xFF, 0xED, 0xA5, 0x00, 0x00, 0x00, 0x00, 0x00, 0x01,
  0xAF, 0xFF, 0xFF, 0xFF, 0xFF, 0xFE, 0x60, 0x00, 0x00, 0x00, 0x04, 0xEF, 0xFF, 0xFB, 0x98, 0xAC,
  0xFF, 0xFF, 0xA0, 0x00, 0x00, 0x03, 0xFF, 0xFE, 0x50, 0x00, 0x00, 0x01, 0x9F, 0xFF, 0xA0, 0x00,
  0x00, 0xEF, 0xFD, 0x10, 0x00, 0x00, 0x00, 0x00, 0x4F, 0xFF, 0x60, 0x00, 0x7F, 0xFF, 0x10, 0x00,
  0x00, 0x00, 0x00, 0x00, 0x7F, 0xFE, 0x00, 0x0E, 0xFF, 0x70, 0x00, 0x00, 0x00, 0x00, 0x00, 0x00,
  0xEF, 0xF6, 0x04, 0xFF, 0xF1, 0x00, 0x00, 0x00, 0x00, 0x00, 0x00, 0x08, 0xFF, 0xC0, 0x8F, 0xFC,
  0x00, 0x00, 0x00, 0x00, 0x00, 0x00, 0x00, 0x3F, 0xFF, 0x0B, 0xFF, 0x80, 0x00, 0x00, 0x00, 0x00,
  0x00, 0x00, 0x00, 0xFF, 0xF3, 0xDF, 0xF6, 0x00, 0x00, 0x00, 0x00, 0x00, 0x00, 0x00, 0x0D, 0xFF,
  0x5E, 0xFF, 0x50, 0x00, 0x00, 0x00, 0x00, 0x00, 0x00, 0x00, 0xCF, 0xF7, 0xEF, 0xF4, 0x00, 0x00,
  0x00, 0x00, 0x00, 0x00, 0x00, 0x0C, 0xFF, 0x7E, 0xFF, 0x50, 0x00, 0x00, 0x00, 0x00, 0x00, 0x00,
  0x00, 0xCF, 0xF6, 0xDF, 0xF6, 0x00, 0x00, 0x00, 0x00, 0x00, 0x00, 0x00, 0x0D, 0xFF, 0x5A, 0xFF,
  0x90, 0x00, 0x00, 0x00, 0x00, 0x00, 0x00, 0x00, 0xFF, 0xF3, 0x7F, 0xFC, 0x00, 0x00, 0x00, 0x00,
  0x00, 0x00, 0x00, 0x3F, 0xFF, 0x03, 0xFF, 0xF1, 0x00, 0x00, 0x00, 0x00, 0x00, 0x00, 0x08, 0xFF,
  0xC0, 0x0E, 0xFF, 0x70, 0x00, 0x00, 0x00, 0x00, 0x00, 0x00, 0xEF, 0xF7, 0x00, 0x7F, 0xFF, 0x10,
  0x00, 0x00, 0x00, 0x00, 0x00, 0x7F, 0xFE, 0x00, 0x00, 0xDF, 0xFD, 0x10, 0x00, 0x00, 0x00, 0x00,
  0x5F, 0xFF, 0x60, 0x00, 0x03, 0xFF, 0xFE, 0x50, 0x00, 0x00, 0x01, 0x9F, 0xFF, 0xB0, 0x00, 0x00,
  0x04, 0xEF, 0xFF, 0xFB, 0x98, 0xAC, 0xFF, 0xFF, 0xB0, 0x00, 0x00, 0x00, 0x02, 0xAF, 0xFF, 0xFF,
  0xFF, 0xFF, 0xFE, 0x60, 0x00, 0x00, 0x00, 0x00, 0x00, 0x27, 0xBE, 0xFF, 0xFF, 0xFB, 0x00, 0x00,
  0x00, 0x00, 0x00, 0x00, 0x00, 0x00, 0x00, 0x06, 0xFF, 0xF6, 0x00, 0x00, 0x00, 0x00, 0x00, 0x00,
  0x00, 0x00, 0x00, 0x09, 0xFF, 0xF6, 0x00, 0x00, 0x00, 0x00, 0x00, 0x00, 0x00, 0x00, 0x00, 0x0B,
  0xFF, 0xF5, 0x00, 0x00, 0x00, 0x00, 0x00, 0x00, 0x00, 0x00, 0x00, 0x0C, 0xFF, 0xF5, 0x00, 0x00,
  0x00, 0x00, 0x00, 0x00, 0x00, 0x00, 0x00, 0x1E, 0xFF, 0xF4, 0x00, 0x00, 0x00, 0x00, 0x00, 0x00,
  0x00, 0x00, 0x00, 0x27, 0x77, 0x70, 0x00, 0xBF, 0xFF, 0xFF, 0xFF, 0xED, 0xA5, 0x00, 0x00, 0x00,
  0xBF, 0xFF, 0xFF, 0xFF, 0xFF, 0xFF, 0xE5, 0x00, 0x00, 0xBF, 0xFB, 0x88, 0x89, 0xAD, 0xFF, 0xFF,
  0x50, 0x00, 0xBF, 0xF5, 0x00, 0x00, 0x00, 0x3C, 0xFF, 0xF1, 0x00, 0xBF, 0xF5, 0x00, 0x00, 0x00,
  0x01, 0xEF, 0xF7, 0x00, 0xBF, 0xF5, 0x00, 0x00, 0x00, 0x00, 0x8F, 0xFB, 0x00, 0xBF, 0xF5, 0x00,
  0x00, 0x00, 0x00, 0x6F, 0xFC, 0x00, 0xBF, 0xF5, 0x00, 0x00, 0x00, 0x00, 0x5F, 0xFC, 0x00, 0xBF,
  0xF5, 0x00, 0x00, 0x00, 0x00, 0x7F, 0xFB, 0x00, 0xBF, 0xF5, 0x00, 0x00, 0x00, 0x00, 0xCF, 0xF7,
  0x00, 0xBF, 0xF5, 0x00, 0x00, 0x00, 0x07, 0xFF, 0xE1, 0x00, 0xBF, 0xF5, 0x00, 0x00, 0x15, 0xBF,
  0xFF, 0x50, 0x00, 0xBF, 0xFF, 0xFF, 0xFF, 0xFF, 0xFF, 0xE4, 0x00, 0x00, 0xBF, 0xFF, 0xFF, 0xFF,
  0xFF, 0xF7, 0x10, 0x00, 0x00, 0xBF, 0xFB, 0x88, 0x88, 0xDF, 0xF6, 0x00, 0x00, 0x00, 0xBF, 0xF5,
  0x00, 0x00, 0x4F, 0xFE, 0x10, 0x00, 0x00, 0xBF, 0xF5, 0x00, 0x00, 0x0B, 0xFF, 0x90, 0x00, 0x00,
  0xBF, 0xF5, 0x00, 0x00, 0x02, 0xFF, 0xF3, 0x00, 0x00, 0xBF, 0xF5, 0x00, 0x00, 0x00, 0x9F, 0xFC,
  0x00, 0x00, 0xBF, 0xF5, 0x00, 0x00, 0x00, 0x1F, 0xFF, 0x60, 0x00, 0xBF, 0xF5, 0x00, 0x00, 0x00,
  0x07, 0xFF, 0xE1, 0x00, 0xBF, 0xF5, 0x00, 0x00, 0x00, 0x00, 0xDF, 0xF9, 0x00, 0xBF, 0xF5, 0x00,
  0x00, 0x00, 0x00, 0x5F, 0xFF, 0x20, 0xBF, 0xF5, 0x00, 0x00, 0x00, 0x00, 0x0C, 0xFF, 0xC0, 0xBF,
  0xF5, 0x00, 0x00, 0x00, 0x00, 0x03, 0xFF, 0xF5, 0x00, 0x00, 0x17, 0xCE, 0xFF, 0xEC, 0x95, 0x10,
  0x00, 0x00, 0x7F, 0xFF, 0xFF, 0xFF, 0xFF, 0xFF, 0x40, 0x00, 0x9F, 0xFF, 0xDA, 0x89, 0xBE, 0xFF,
  0xF1, 0x00, 0x4F, 0xFF, 0x60, 0x00, 0x00, 0x03, 0x9A, 0x00, 0x0B, 0xFF, 0x80, 0x00, 0x00, 0x00,
  0x00, 0x00, 0x00, 0xDF, 0xF3, 0x00, 0x00, 0x00, 0x00, 0x00, 0x00, 0x0E, 0xFF, 0x20, 0x00, 0x00,
  0x00, 0x00, 0x00, 0x00, 0xDF, 0xF6, 0x00, 0x00, 0x00, 0x00, 0x00, 0x00, 0x09, 0xFF, 0xD1, 0x00,
  0x00, 0x00, 0x00, 0x00, 0x00, 0x3F, 0xFF, 0xD4, 0x00, 0x00, 0x00, 0x00, 0x00, 0x00, 0x8F, 0xFF,
  0xFC, 0x50, 0x00, 0x00, 0x00, 0x00, 0x00, 0x7F, 0xFF, 0xFF, 0xE8, 0x10, 0x00, 0x00, 0x00, 0x00,
  0x2B, 0xFF, 0xFF, 0xFF, 0x80, 0x00, 0x00, 0x00, 0x00, 0x02, 0x9E, 0xFF, 0xFF, 0xD2, 0x00, 0x00,
  0x00, 0x00, 0x00, 0x06, 0xDF, 0xFF, 0xE1, 0x00, 0x00, 0x00, 0x00, 0x00, 0x00, 0x8F, 0xFF, 0x80,
  0x00, 0x00, 0x00, 0x00, 0x00, 0x00, 0x9F, 0xFD, 0x00, 0x00, 0x00, 0x00, 0x00, 0x00, 0x02, 0xFF,
  0xF0, 0x00, 0x00, 0x00, 0x00, 0x00, 0x00, 0x0F, 0xFF, 0x00, 0x00, 0x00, 0x00, 0x00, 0x00, 0x02,
  0xFF, 0xE0, 0x00, 0x00, 0x00, 0x00, 0x00, 0x00, 0x9F, 0xFA, 0x03, 0xA5, 0x00, 0x00, 0x00, 0x00,
  0x8F, 0xFF, 0x20, 0x4F, 0xFF, 0xDA, 0x98, 0x9B, 0xFF, 0xFF, 0x60, 0x04, 0xFF, 0xFF, 0xFF, 0xFF,
  0xFF, 0xFE, 0x50, 0x00, 0x03, 0x7A, 0xDE, 0xFF, 0xED, 0xA5, 0x00, 0x00, 0x00, 0xAF, 0xFF, 0xFF,
  0xFF, 0xFF, 0xFF, 0xFF, 0xFF, 0xFF, 0x8A, 0xFF, 0xFF, 0xFF, 0xFF, 0xFF, 0xFF, 0xFF, 0xFF, 0xF8,
  0x58, 0x88, 0x88, 0x89, 0xFF, 0xF8, 0x88, 0x88, 0x88, 0x40, 0x00, 0x00, 0x00, 0x1F, 0xFF, 0x00,
  0x00, 0x00, 0x00, 0x00, 0x00, 0x00, 0x01, 0xFF, 0xF0, 0x00, 0x00, 0x00, 0x00, 0x00, 0x00, 0x00,
  0x1F, 0xFF, 0x00, 0x00, 0x00, 0x00, 0x00, 0x00, 0x00, 0x01, 0xFF, 0xF0, 0x00, 0x00, 0x00, 0x00,
  0x00, 0x00, 0x00, 0x1F, 0xFF, 0x00, 0x00, 0x00, 0x00, 0x00, 0x00, 0x00, 0x01, 0xFF, 0xF0, 0x00,
  0x00, 0x00, 0x00, 0x00, 0x00, 0x00, 0x1F, 0xFF, 0x00, 0x00, 0x00, 0x00, 0x00, 0x00, 0x00, 0x01,
  0xFF, 0xF0, 0x00, 0x00, 0x00, 0x00, 0x00, 0x00, 0x00, 0x1F, 0xFF, 0x00, 0x00, 0x00, 0x00, 0x00,
  0x00, 0x00, 0x01, 0xFF, 0xF0, 0x00, 0x00, 0x00, 0x00, 0x00, 0x00, 0x00, 0x1F, 0xFF, 0x00, 0x00,
  0x00, 0x00, 0x00, 0x00, 0x00, 0x01, 0xFF, 0xF0, 0x00, 0x00, 0x00, 0x00, 0x00, 0x00, 0x00, 0x1F,
  0xFF, 0x00, 0x00, 0x00, 0x00, 0x00, 0x00, 0x00, 0x01, 0xFF, 0xF0, 0x00, 0x00, 0x00, 0x00, 0x00,
  0x00, 0x00, 0x1F, 0xFF, 0x00, 0x00, 0x00, 0x00, 0x00, 0x00, 0x00, 0x01, 0xFF, 0xF0, 0x00, 0x00,
  0x00, 0x00, 0x00, 0x00, 0x00, 0x1F, 0xFF, 0x00, 0x00, 0x00, 0x00, 0x00, 0x00, 0x00, 0x01, 0xFF,
  0xF0, 0x00, 0x00, 0x00, 0x00, 0x00, 0x00, 0x00, 0x1F, 0xFF, 0x00, 0x00, 0x00, 0x00, 0x00, 0x00,
  0x00, 0x01, 0xFF, 0xF0, 0x00, 0x00, 0x00, 0x00, 0x00, 0x00, 0x00, 0x1F, 0xFF, 0x00, 0x00, 0x00,
  0x00, 0x00, 0x00, 0x00, 0x01, 0xFF, 0xF0, 0x00, 0x00, 0x00, 0x00, 0xFF, 0xF2, 0x00, 0x00, 0x00,
  0x00, 0x00, 0x04, 0xFF, 0xCF, 0xFF, 0x20, 0x00, 0x00, 0x00, 0x00, 0x00, 0x4F, 0xFC, 0xFF, 0xF2,
  0x00, 0x00, 0x00, 0x00, 0x00, 0x04, 0xFF, 0xCF, 0xFF, 0x20, 0x00, 0x00, 0x00, 0x00, 0x00, 0x4F,
  0xFC, 0xFF, 0xF2, 0x00, 0x00, 0x00, 0x00, 0x00, 0x04, 0xFF, 0xCF, 0xFF, 0x20, 0x00, 0x00, 0x00,
  0x00, 0x00, 0x4F, 0xFC, 0xFF, 0xF2, 0x00, 0x00, 0x00, 0x00, 0x00, 0x04, 0xFF, 0xCF, 0xFF, 0x20,
  0x00, 0x00, 0x00, 0x00, 0x00, 0x4F, 0xFC, 0xFF, 0xF2, 0x00, 0x00, 0x00, 0x00, 0x00, 0x04, 0xFF,
  0xCF, 0xFF, 0x20, 0x00, 0x00, 0x00, 0x00, 0x00, 0x4F, 0xFC, 0xFF, 0xF2, 0x00, 0x00, 0x00, 0x00,
  0x00, 0x04, 0xFF, 0xCF, 0xFF, 0x20, 0x00, 0x00, 0x00, 0x00, 0x00, 0x4F, 0xFC, 0xFF, 0xF2, 0x00,
  0x00, 0x00, 0x00, 0x00, 0x04, 0xFF, 0xCF, 0xFF, 0x20, 0x00, 0x00, 0x00, 0x00, 0x00, 0x4F, 0xFC,
  0xFF, 0xF2, 0x00, 0x00, 0x00, 0x00, 0x00, 0x04, 0xFF, 0xCE, 0xFF, 0x20, 0x00, 0x00, 0x00, 0x00,
  0x00, 0x4F, 0xFC, 0xEF, 0xF2, 0x00, 0x00, 0x00, 0x00, 0x00, 0x04, 0xFF, 0xBD, 0xFF, 0x30, 0x00,
  0x00, 0x00, 0x00, 0x00, 0x6F, 0xFA, 0xAF, 0xF7, 0x00, 0x00, 0x00, 0x00, 0x00, 0x09, 0xFF, 0x75,
  0xFF, 0xD0, 0x00, 0x00, 0x00, 0x00, 0x01, 0xFF, 0xF2, 0x0E, 0xFF, 0x70, 0x00, 0x00, 0x00, 0x00,
  0xAF, 0xFC, 0x00, 0x5F, 0xFF, 0x91, 0x00, 0x00, 0x01, 0xAF, 0xFF, 0x30, 0x00, 0x8F, 0xFF, 0xFC,
  0x98, 0x9C, 0xFF, 0xFF, 0x50, 0x00, 0x00, 0x6E, 0xFF, 0xFF, 0xFF, 0xFF, 0xFD, 0x30, 0x00, 0x00,
  0x00, 0x06, 0xAD, 0xFF, 0xFD, 0xA5, 0x00, 0x00, 0x00, 0xDF, 0xF5, 0x00, 0x00, 0x00, 0x00, 0x00,
  0x00, 0x0F, 0xFF, 0x37, 0xFF, 0xB0, 0x00, 0x00, 0x00, 0x00, 0x00, 0x05, 0xFF, 0xE0, 0x2F, 0xFF,
  0x10, 0x00, 0x00, 0x00, 0x00, 0x00, 0xAF, 0xF8, 0x00, 0xCF, 0xF6, 0x00, 0x00, 0x00, 0x00, 0x00,
  0x0F, 0xFF, 0x30, 0x07, 0xFF, 0xB0, 0x00, 0x00, 0x00, 0x00, 0x05, 0xFF, 0xD0, 0x00, 0x1F, 0xFF,
  0x10, 0x00, 0x00, 0x00, 0x00, 0xBF, 0xF7, 0x00, 0x00, 0xBF, 0xF6, 0x00, 0x00, 0x00, 0x00, 0x1F,
  0xFF, 0x20, 0x00, 0x06, 0xFF, 0xC0, 0x00, 0x00, 0x00, 0x06, 0xFF, 0xC0, 0x00, 0x00, 0x1F, 0xFF,
  0x10, 0x00, 0x00, 0x00, 0xBF, 0xF7, 0x00, 0x00, 0x00, 0xBF, 0xF7, 0x00, 0x00, 0x00, 0x1F, 0xFF,
  0x10, 0x00, 0x00, 0x05, 0xFF, 0xC0, 0x00, 0x00, 0x06, 0xFF, 0xC0, 0x00, 0x00, 0x00, 0x0F, 0xFF,
  0x10, 0x00, 0x00, 0xBF, 0xF6, 0x00, 0x00, 0x00, 0x00, 0xAF, 0xF7, 0x00, 0x00, 0x1F, 0xFF, 0x10,
  0x00, 0x00, 0x00, 0x05, 0xFF, 0xC0, 0x00, 0x06, 0xFF, 0xB0, 0x00, 0x00, 0x00, 0x00, 0x0F, 0xFF,
  0x20, 0x00, 0xCF, 0xF5, 0x00, 0x00, 0x00, 0x00, 0x00, 0xAF, 0xF7, 0x00, 0x1F, 0xFF, 0x00, 0x00,
  0x00, 0x00, 0x00, 0x04, 0xFF, 0xD0, 0x06, 0xFF, 0xA0, 0x00, 0x00, 0x00, 0x00, 0x00, 0x0E, 0xFF,
  0x20, 0xBF, 0xF5, 0x00, 0x00, 0x00, 0x00, 0x00, 0x00, 0x9F, 0xF7, 0x1F, 0xFF, 0x00, 0x00, 0x00,
  0x00, 0x00, 0x00, 0x03, 0xFF, 0xB5, 0xFF, 0xA0, 0x00, 0x00, 0x00, 0x00, 0x00, 0x00, 0x0E, 0xFF,
  0x9F, 0xF4, 0x00, 0x00, 0x00, 0x00, 0x00, 0x00, 0x00, 0x8F, 0xFE, 0xFE, 0x00, 0x00, 0x00, 0x00,
  0x00, 0x00, 0x00, 0x03, 0xFF, 0xFF, 0x90, 0x00, 0x00, 0x00, 0x00, 0x00, 0x00, 0x00, 0x0D, 0xFF,
  0xF4, 0x00, 0x00, 0x00, 0x00, 0x00, 0x00, 0x00, 0x00, 0x8F, 0xFE, 0x00, 0x00, 0x00, 0x00, 0x00,
  0x7F, 0xFB, 0x00, 0x00, 0x00, 0x00, 0x00, 0xFF, 0xF6, 0x00, 0x00, 0x00, 0x00, 0x02, 0xFF, 0xF0,
  0x3F, 0xFF, 0x00, 0x00, 0x00, 0x00, 0x05, 0xFF, 0xFB, 0x00, 0x00, 0x00, 0x00, 0x06, 0xFF, 0xC0,
  0x0F, 0xFF, 0x30, 0x00, 0x00, 0x00, 0x09, 0xFF, 0xFF, 0x00, 0x00, 0x00, 0x00, 0x0A, 0xFF, 0x80,
  0x0B, 0xFF, 0x70, 0x00, 0x00, 0x00, 0x0E, 0xFF, 0xFF, 0x40, 0x00, 0x00, 0x00, 0x0E, 0xFF, 0x40,
  0x07, 0xFF, 0xB0, 0x00, 0x00, 0x00, 0x2F, 0xFB, 0xFF, 0x90, 0x00, 0x00, 0x00, 0x1F, 0xFF, 0x00,
  0x02, 0xFF, 0xF0, 0x00, 0x00, 0x00, 0x7F, 0xF6, 0xFF, 0xD0, 0x00, 0x00, 0x00, 0x5F, 0xFC, 0x00,
  0x00, 0xEF, 0xF3, 0x00, 0x00, 0x00, 0xBF, 0xF1, 0xBF, 0xF2, 0x00, 0x00, 0x00, 0x9F, 0xF7, 0x00,
  0x00, 0xAF, 0xF7, 0x00, 0x00, 0x00, 0xFF, 0xD0, 0x7F, 0xF7, 0x00, 0x00, 0x00, 0xDF, 0xF3, 0x00,
  0x00, 0x6F, 0xFB, 0x00, 0x00, 0x04, 0xFF, 0x90, 0x2F, 0xFC, 0x00, 0x00, 0x01, 0xFF, 0xF0, 0x00,
  0x00, 0x2F, 0xFF, 0x00, 0x00, 0x09, 0xFF, 0x50, 0x0E, 0xFF, 0x00, 0x00, 0x05, 0xFF, 0xB0, 0x00,
  0x00, 0x0E, 0xFF, 0x30, 0x00, 0x0D, 0xFF, 0x00, 0x09, 0xFF, 0x50, 0x00, 0x09, 0xFF, 0x70, 0x00,
  0x00, 0x0A, 0xFF, 0x70, 0x00, 0x2F, 0xFC, 0x00, 0x04, 0xFF, 0xA0, 0x00, 0x0D, 0xFF, 0x30, 0x00,
  0x00, 0x06, 0xFF, 0xB0, 0x00, 0x6F, 0xF7, 0x00, 0x00, 0xFF, 0xE0, 0x00, 0x1F, 0xFE, 0x00, 0x00,
  0x00, 0x02, 0xFF, 0xE0, 0x00, 0xBF, 0xF2, 0x00, 0x00, 0xBF, 0xF3, 0x00, 0x5F, 0xFA, 0x00, 0x00,
  0x00, 0x00, 0xDF, 0xF2, 0x00, 0xFF, 0xE0, 0x00, 0x00, 0x6F, 0xF8, 0x00, 0x9F, 0xF6, 0x00, 0x00,
  0x00, 0x00, 0x9F, 0xF6, 0x04, 0xFF, 0x90, 0x00, 0x00, 0x2F, 0xFC, 0x00, 0xDF, 0xF2, 0x00, 0x00,
  0x00, 0x00, 0x5F, 0xFA, 0x08, 0xFF, 0x50, 0x00, 0x00, 0x0D, 0xFF, 0x00, 0xFF, 0xE0, 0x00, 0x00,
  0x00, 0x00, 0x1F, 0xFD, 0x0C, 0xFF, 0x10, 0x00, 0x00, 0x08, 0xFF, 0x44, 0xFF, 0xA0, 0x00, 0x00,
  0x00, 0x00, 0x0D, 0xFF, 0x1F, 0xFC, 0x00, 0x00, 0x00, 0x04, 0xFF, 0x87, 0xFF, 0x60, 0x00, 0x00,
  0x00, 0x00, 0x09, 0xFF, 0x6F, 0xF7, 0x00, 0x00, 0x00, 0x00, 0xFF, 0xBA, 0xFF, 0x20, 0x00, 0x00,
  0x00, 0x00, 0x05, 0xFF, 0xBF, 0xF3, 0x00, 0x00, 0x00, 0x00, 0xAF, 0xED, 0xFE, 0x00, 0x00, 0x00,
  0x00, 0x00, 0x01, 0xFF, 0xFF, 0xE0, 0x00, 0x00, 0x00, 0x00, 0x6F, 0xFF, 0xF9, 0x00, 0x00, 0x00,
  0x00, 0x00, 0x00, 0xDF, 0xFF, 0xA0, 0x00, 0x00, 0x00, 0x00, 0x1F, 0xFF, 0xF5, 0x00, 0x00, 0x00,
  0x00, 0x00, 0x00, 0x8F, 0xFF, 0x50, 0x00, 0x00, 0x00, 0x00, 0x0D, 0xFF, 0xF1, 0x00, 0x00, 0x00,
  0x00, 0x00, 0x00, 0x4F, 0xFF, 0x10, 0x00, 0x00, 0x00, 0x00, 0x08, 0xFF, 0xD0, 0x00, 0x00, 0x00,
  0x1F, 0xFF, 0x50, 0x00, 0x00, 0x00, 0x00, 0x05, 0xFF, 0xD0, 0x06, 0xFF, 0xE0, 0x00, 0x00, 0x00,
  0x00, 0x0E, 0xFF, 0x40, 0x00, 0xCF, 0xF8, 0x00, 0x00, 0x00, 0x00, 0x8F, 0xFA, 0x00, 0x00, 0x2F,
  0xFF, 0x20, 0x00, 0x00, 0x02, 0xFF, 0xE1, 0x00, 0x00, 0x08, 0xFF, 0xB0, 0x00, 0x00, 0x0B, 0xFF,
  0x60, 0x00, 0x00, 0x00, 0xEF, 0xF5, 0x00, 0x00, 0x5F, 0xFC, 0x00, 0x00, 0x00, 0x00, 0x4F, 0xFE,
  0x00, 0x00, 0xEF, 0xF2, 0x00, 0x00, 0x00, 0x00, 0x0A, 0xFF, 0x80, 0x08, 0xFF, 0x80, 0x00, 0x00,
  0x00, 0x00, 0x01, 0xFF, 0xF2, 0x2F, 0xFD, 0x00, 0x00, 0x00, 0x00, 0x00, 0x00, 0x6F, 0xFC, 0xCF,
  0xF4, 0x00, 0x00, 0x00, 0x00, 0x00, 0x00, 0x0C, 0xFF, 0xFF, 0xA0, 0x00, 0x00, 0x00, 0x00, 0x00,
  0x00, 0x02, 0xFF, 0xFE, 0x10, 0x00, 0x00, 0x00, 0x00, 0x00, 0x00, 0x02, 0xFF, 0xFE, 0x10, 0x00,
  0x00, 0x00, 0x00, 0x00, 0x00, 0x0B, 0xFF, 0xFF, 0xA0, 0x00, 0x00, 0x00, 0x00, 0x00, 0x00, 0x5F,
  0xFB, 0xEF, 0xF4, 0x00, 0x00, 0x00, 0x00, 0x00, 0x00, 0xEF, 0xF2, 0x5F, 0xFD, 0x00, 0x00, 0x00,
  0x00, 0x00, 0x09, 0xFF, 0x80, 0x0B, 0xFF, 0x80, 0x00, 0x00, 0x00, 0x00, 0x3F, 0xFD, 0x00, 0x02,
  0xFF, 0xF2, 0x00, 0x00, 0x00, 0x00, 0xCF, 0xF4, 0x00, 0x00, 0x8F, 0xFB, 0x00, 0x00, 0x00, 0x07,
  0xFF, 0xB0, 0x00, 0x00, 0x0E, 0xFF, 0x50, 0x00, 0x00, 0x1F, 0xFF, 0x10, 0x00, 0x00, 0x05, 0xFF,
  0xE1, 0x00, 0x00, 0xAF, 0xF7, 0x00, 0x00, 0x00, 0x00, 0xCF, 0xF9, 0x00, 0x04, 0xFF, 0xD0, 0x00,
  0x00, 0x00, 0x00, 0x3F, 0xFF, 0x30, 0x0E, 0xFF, 0x40, 0x00, 0x00, 0x00, 0x00, 0x09, 0xFF, 0xD0,
  0x8F, 0xFA, 0x00, 0x00, 0x00, 0x00, 0x00, 0x01, 0xEF, 0xF7, 0xBF, 0xF9, 0x00, 0x00, 0x00, 0x00,
  0x00, 0x05, 0xFF, 0xE0, 0x3F, 0xFF, 0x20, 0x00, 0x00, 0x00, 0x00, 0x0D, 0xFF, 0x70, 0x0B, 0xFF,
  0xA0, 0x00, 0x00, 0x00, 0x00, 0x6F, 0xFE, 0x00, 0x02, 0xFF, 0xF2, 0x00, 0x00, 0x00, 0x00, 0xEF,
  0xF6, 0x00, 0x00, 0xAF, 0xFB, 0x00, 0x00, 0x00, 0x06, 0xFF, 0xD0, 0x00, 0x00, 0x2F, 0xFF, 0x30,
  0x00, 0x00, 0x0E, 0xFF, 0x50, 0x00, 0x00, 0x09, 0xFF, 0xC0, 0x00, 0x00, 0x7F, 0xFD, 0x00, 0x00,
  0x00, 0x01, 0xFF, 0xF4, 0x00, 0x01, 0xFF, 0xF4, 0x00, 0x00, 0x00, 0x00, 0x9F, 0xFC, 0x00, 0x08,
  0xFF, 0xC0, 0x00, 0x00, 0x00, 0x00, 0x1F, 0xFF, 0x50, 0x1F, 0xFF, 0x30, 0x00, 0x00, 0x00, 0x00,
  0x08, 0xFF, 0xD0, 0x9F, 0xFB, 0x00, 0x00, 0x00, 0x00, 0x00, 0x01, 0xEF, 0xF8, 0xFF, 0xF3, 0x00,
  0x00, 0x00, 0x00, 0x00, 0x00, 0x7F, 0xFF, 0xFF, 0xA0, 0x00, 0x00, 0x00, 0x00, 0x00, 0x00, 0x0E,
  0xFF, 0xFF, 0x20, 0x00, 0x00, 0x00, 0x00, 0x00, 0x00, 0x07, 0xFF, 0xF9, 0x00, 0x00, 0x00, 0x00,
  0x00, 0x00, 0x00, 0x00, 0xFF, 0xF3, 0x00, 0x00, 0x00, 0x00, 0x00, 0x00, 0x00, 0x00, 0xEF, 0xF2,
  0x00, 0x00, 0x00, 0x00, 0x00, 0x00, 0x00, 0x00, 0xEF, 0xF2, 0x00, 0x00, 0x00, 0x00, 0x00, 0x00,
  0x00, 0x00, 0xEF, 0xF2, 0x00, 0x00, 0x00, 0x00, 0x00, 0x00, 0x00, 0x00, 0xEF, 0xF2, 0x00, 0x00,
  0x00, 0x00, 0x00, 0x00, 0x00, 0x00, 0xEF, 0xF2, 0x00, 0x00, 0x00, 0x00, 0x00, 0x00, 0x00, 0x00,
  0xEF, 0xF2, 0x00, 0x00, 0x00, 0x00, 0x00, 0x00, 0x00, 0x00, 0xEF, 0xF2, 0x00, 0x00, 0x00, 0x00,
  0x00, 0x00, 0x00, 0x00, 0xEF, 0xF2, 0x00, 0x00, 0x00, 0x00, 0x00, 0x00, 0x00, 0x00, 0xEF, 0xF2,
  0x00, 0x00, 0x00, 0x00, 0x4F, 0xFF, 0xFF, 0xFF, 0xFF, 0xFF, 0xFF, 0xFF, 0xC0, 0x4F, 0xFF, 0xFF,
  0xFF, 0xFF, 0xFF, 0xFF, 0xFF, 0xC0, 0x28, 0x88, 0x88, 0x88, 0x88, 0x88, 0x9F, 0xFF, 0x80, 0x00,
  0x00, 0x00, 0x00, 0x00, 0x00, 0x8F, 0xFE, 0x00, 0x00, 0x00, 0x00, 0x00, 0x00, 0x02, 0xFF, 0xF4,
  0x00, 0x00, 0x00, 0x00, 0x00, 0x00, 0x0C, 0xFF, 0xA0, 0x00, 0x00, 0x00, 0x00, 0x00, 0x00, 0x6F,
  0xFF, 0x10, 0x00, 0x00, 0x00, 0x00, 0x00, 0x01, 0xFF, 0xF6, 0x00, 0x00, 0x00, 0x00, 0x00, 0x00,
  0x0A, 0xFF, 0xC0, 0x00, 0x00, 0x00, 0x00, 0x00, 0x00, 0x4F, 0xFF, 0x20, 0x00, 0x00, 0x00, 0x00,
  0x00, 0x00, 0xEF, 0xF8, 0x00, 0x00, 0x00, 0x00, 0x00, 0x00, 0x09, 0xFF, 0xD0, 0x00, 0x00, 0x00,
  0x00, 0x00, 0x00, 0x3F, 0xFF, 0x40, 0x00, 0x00, 0x00, 0x00, 0x00, 0x00, 0xCF, 0xFA, 0x00, 0x00,
  0x00, 0x00, 0x00, 0x00, 0x07, 0xFF, 0xE1, 0x00, 0x00, 0x00, 0x00, 0x00, 0x00, 0x1F, 0xFF, 0x60,
  0x00, 0x00, 0x00, 0x00, 0x00, 0x00, 0xBF, 0xFC, 0x00, 0x00, 0x00, 0x00, 0x00, 0x00, 0x05, 0xFF,
  0xF2, 0x00, 0x00, 0x00, 0x00, 0x00, 0x00, 0x0E, 0xFF, 0x70, 0x00, 0x00, 0x00, 0x00, 0x00, 0x00,
  0x9F, 0xFD, 0x00, 0x00, 0x00, 0x00, 0x00, 0x00, 0x03, 0xFF, 0xF3, 0x00, 0x00, 0x00, 0x00, 0x00,
  0x00, 0x0D, 0xFF, 0x90, 0x00, 0x00, 0x00, 0x00, 0x00, 0x00, 0x7F, 0xFF, 0x98, 0x88, 0x88, 0x88,
  0x88, 0x88, 0x81, 0xBF, 0xFF, 0xFF, 0xFF, 0xFF, 0xFF, 0xFF, 0xFF, 0xF2, 0xBF, 0xFF, 0xFF, 0xFF,
  0xFF, 0xFF, 0xFF, 0xFF, 0xF2, 0x4F, 0xFF, 0xFF, 0xFF, 0x54, 0xFF, 0xFF, 0xFF, 0xF5, 0x4F, 0xFD,
  0x88, 0x88, 0x24, 0xFF, 0xA0, 0x00, 0x00, 0x4F, 0xFA, 0x00, 0x00, 0x04, 0xFF, 0xA0, 0x00, 0x00,
  0x4F, 0xFA, 0x00, 0x00, 0x04, 0xFF, 0xA0, 0x00, 0x00, 0x4F, 0xFA, 0x00, 0x00, 0x04, 0xFF, 0xA0,
  0x00, 0x00, 0x4F, 0xFA, 0x00, 0x00, 0x04, 0xFF, 0xA0, 0x00, 0x00, 0x4F, 0xFA, 0x00, 0x00, 0x04,
  0xFF, 0xA0, 0x00, 0x00, 0x4F, 0xFA, 0x00, 0x00, 0x04, 0xFF, 0xA0, 0x00, 0x00, 0x4F, 0xFA, 0x00,
  0x00, 0x04, 0xFF, 0xA0, 0x00, 0x00, 0x4F, 0xFA, 0x00, 0x00, 0x04, 0xFF, 0xA0, 0x00, 0x00, 0x4F,
  0xFA, 0x00, 0x00, 0x04, 0xFF, 0xA0, 0x00, 0x00, 0x4F, 0xFA, 0x00, 0x00, 0x04, 0xFF, 0xA0, 0x00,
  0x00, 0x4F, 0xFA, 0x00, 0x00, 0x04, 0xFF, 0xA0, 0x00, 0x00, 0x4F, 0xFA, 0x00, 0x00, 0x04, 0xFF,
  0xA0, 0x00, 0x00, 0x4F, 0xFF, 0xFF, 0xFF, 0x54, 0xFF, 0xFF, 0xFF, 0xF5, 0x28, 0x88, 0x88, 0x88,
  0x20, 0x7F, 0xF7, 0x00, 0x00, 0x00, 0x00, 0x01, 0xFF, 0xC0, 0x00, 0x00, 0x00, 0x00, 0x0C, 0xFF,
  0x20, 0x00, 0x00, 0x00, 0x00, 0x6F, 0xF8, 0x00, 0x00, 0x00, 0x00, 0x00, 0xFF, 0xE0, 0x00, 0x00,
  0x00, 0x00, 0x0A, 0xFF, 0x40, 0x00, 0x00, 0x00, 0x00, 0x4F, 0xF9, 0x00, 0x00, 0x00, 0x00, 0x00,
  0xEF, 0xF0, 0x00, 0x00, 0x00, 0x00, 0x09, 0xFF, 0x50, 0x00, 0x00, 0x00, 0x00, 0x3F, 0xFB, 0x00,
  0x00, 0x00, 0x00, 0x00, 0xDF, 0xF1, 0x00, 0x00, 0x00, 0x00, 0x07, 0xFF, 0x70, 0x00, 0x00, 0x00,
  0x00, 0x2F, 0xFC, 0x00, 0x00, 0x00, 0x00, 0x00, 0xCF, 0xF2, 0x00, 0x00, 0x00, 0x00, 0x06, 0xFF,
  0x80, 0x00, 0x00, 0x00, 0x00, 0x1F, 0xFE, 0x00, 0x00, 0x00, 0x00, 0x00, 0xBF, 0xF4, 0x00, 0x00,
  0x00, 0x00, 0x05, 0xFF, 0x90, 0x00, 0x00, 0x00, 0x00, 0x0E, 0xFF, 0x00, 0x00, 0x00, 0x00, 0x00,
  0x9F, 0xF5, 0x00, 0x00, 0x00, 0x00, 0x03, 0xFF, 0xB0, 0x00, 0x00, 0x00, 0x00, 0x0D, 0xFF, 0x10,
  0x00, 0x00, 0x00, 0x00, 0x8F, 0xF6, 0x00, 0x00, 0x00, 0x00, 0x02, 0xFF, 0xC0, 0x00, 0x00, 0x00,
  0x00, 0x0C, 0xFF, 0x20, 0x2F, 0xFF, 0xFF, 0xFF, 0x72, 0xFF, 0xFF, 0xFF, 0xF7, 0x18, 0x88, 0x8B,
  0xFF, 0x70, 0x00, 0x00, 0x7F, 0xF7, 0x00, 0x00, 0x07, 0xFF, 0x70, 0x00, 0x00, 0x7F, 0xF7, 0x00,
  0x00, 0x07, 0xFF, 0x70, 0x00, 0x00, 0x7F, 0xF7, 0x00, 0x00, 0x07, 0xFF, 0x70, 0x00, 0x00, 0x7F,
  0xF7, 0x00, 0x00, 0x07, 0xFF, 0x70, 0x00, 0x00, 0x7F, 0xF7, 0x00, 0x00, 0x07, 0xFF, 0x70, 0x00,
  0x00, 0x7F, 0xF7, 0x00, 0x00, 0x07, 0xFF, 0x70, 0x00, 0x00, 0x7F, 0xF7, 0x00, 0x00, 0x07, 0xFF,
  0x70, 0x00, 0x00, 0x7F, 0xF7, 0x00, 0x00, 0x07, 0xFF, 0x70, 0x00, 0x00, 0x7F, 0xF7, 0x00, 0x00,
  0x07, 0xFF, 0x70, 0x00, 0x00, 0x7F, 0xF7, 0x00, 0x00, 0x07, 0xFF, 0x70, 0x00, 0x00, 0x7F, 0xF7,
  0x00, 0x00, 0x07, 0xFF, 0x70, 0x00, 0x00, 0x7F, 0xF7, 0x00, 0x00, 0x07, 0xFF, 0x70, 0x00, 0x00,
  0x7F, 0xF7, 0x2F, 0xFF, 0xFF, 0xFF, 0x72, 0xFF, 0xFF, 0xFF, 0xF7, 0x18, 0x88, 0x88, 0x88, 0x30,
  0x00, 0x00, 0x00, 0x04, 0x82, 0x00, 0x00, 0x00, 0x00, 0x00, 0x00, 0x00, 0x0E, 0xFB, 0x00, 0x00,
  0x00, 0x00, 0x00, 0x00, 0x00, 0x6F, 0xFF, 0x30, 0x00, 0x00, 0x00, 0x00, 0x00, 0x00, 0xEF, 0xFF,
  0xB0, 0x00, 0x00, 0x00, 0x00, 0x00, 0x05, 0xFF, 0x4F, 0xF4, 0x00, 0x00, 0x00, 0x00, 0x00, 0x0D,
  0xF9, 0x0B, 0xFC, 0x00, 0x00, 0x00, 0x00, 0x00, 0x4F, 0xF2, 0x03, 0xFF, 0x40, 0x00, 0x00, 0x00,
  0x00, 0xCF, 0xB0, 0x00, 0xBF, 0xC0, 0x00, 0x00, 0x00, 0x03, 0xFF, 0x40, 0x00, 0x3F, 0xF4, 0x00,
  0x00, 0x00, 0x0A, 0xFD, 0x00, 0x00, 0x0B, 0xFD, 0x00, 0x00, 0x00, 0x2F, 0xF5, 0x00, 0x00, 0x03,
  0xFF, 0x50, 0x00, 0x00, 0x9F, 0xE0, 0x00, 0x00, 0x00, 0xBF, 0xD0, 0x00, 0x01, 0xFF, 0x70, 0x00,
  0x00, 0x00, 0x3F, 0xF5, 0x00, 0x08, 0xFF, 0x10, 0x00, 0x00, 0x00, 0x0B, 0xFD, 0x00, 0x0F, 0xF9,
  0x00, 0x00, 0x00, 0x00, 0x03, 0xFF, 0x60, 0x7F, 0xF2, 0x00, 0x00, 0x00, 0x00, 0x00, 0xCF, 0xD0,
  0x08, 0x88, 0x88, 0x88, 0x88, 0x88, 0x88, 0x88, 0x11, 0xFF, 0xFF, 0xFF, 0xFF, 0xFF, 0xFF, 0xFF,
  0xF2, 0x1F, 0xFF, 0xFF, 0xFF, 0xFF, 0xFF, 0xFF, 0xFF, 0x20, 0x58, 0x87, 0x00, 0x00, 0x3F, 0xFF,
  0x70, 0x00, 0x05, 0xFF, 0xF1, 0x00, 0x00, 0x7F, 0xFB, 0x00, 0x00, 0x07, 0xFF, 0x60, 0x00, 0x00,
  0x6F, 0xF1, 0x00, 0x00, 0x38, 0xCE, 0xFF, 0xDA, 0x40, 0x00, 0x00, 0x2C, 0xFF, 0xFF, 0xFF, 0xFF,
  0xFA, 0x00, 0x00, 0x1F, 0xFF, 0xC9, 0x8A, 0xEF, 0xFF, 0x70, 0x00, 0x09, 0x71, 0x00, 0x00, 0x08,
  0xFF, 0xE0, 0x00, 0x00, 0x00, 0x00, 0x00, 0x00, 0xEF, 0xF2, 0x00, 0x00, 0x00, 0x00, 0x00, 0x00,
  0xAF, 0xF4, 0x00, 0x00, 0x00, 0x00, 0x00, 0x00, 0x9F, 0xF4, 0x00, 0x00, 0x02, 0x57, 0x78, 0x88,
  0xDF, 0xF5, 0x00, 0x06, 0xDF, 0xFF, 0xFF, 0xFF, 0xFF, 0xF5, 0x01, 0xCF, 0xFF, 0xFF, 0xFF, 0xFF,
  0xFF, 0xF5, 0x0A, 0xFF, 0xFA, 0x52, 0x00, 0x00, 0xAF, 0xF5, 0x1F, 0xFF, 0x60, 0x00, 0x00, 0x00,
  0xAF, 0xF5, 0x5F, 0xFD, 0x00, 0x00, 0x00, 0x00, 0xBF, 0xF5, 0x6F, 0xFB, 0x00, 0x00, 0x00, 0x00,
  0xFF, 0xF5, 0x5F, 0xFD, 0x00, 0x00, 0x00, 0x07, 0xFF, 0xF5, 0x2F, 0xFF, 0x60, 0x00, 0x00, 0x8F,
  0xFF, 0xF5, 0x0B, 0xFF, 0xFC, 0x99, 0xBF, 0xFD, 0x7F, 0xF5, 0x01, 0xDF, 0xFF, 0xFF, 0xFF, 0xD2,
  0x2F, 0xF5, 0x00, 0x06, 0xCF, 0xFE, 0xC7, 0x00, 0x0F, 0xF5, 0x1F, 0xFE, 0x00, 0x00, 0x00, 0x00,
  0x00, 0x00, 0x00, 0x1F, 0xFE, 0x00, 0x00, 0x00, 0x00, 0x00, 0x00, 0x00, 0x1F, 0xFE, 0x00, 0x00,
  0x00, 0x00, 0x00, 0x00, 0x00, 0x1F, 0xFE, 0x00, 0x00, 0x00, 0x00, 0x00, 0x00, 0x00, 0x1F, 0xFE,
  0x00, 0x00, 0x00, 0x00, 0x00, 0x00, 0x00, 0x1F, 0xFE, 0x00, 0x00, 0x00, 0x00, 0x00, 0x00, 0x00,
  0x1F, 0xFD, 0x00, 0x00, 0x00, 0x00, 0x00, 0x00, 0x00, 0x1F, 0xFD, 0x00, 0x5B, 0xEF, 0xEB, 0x60,
  0x00, 0x00, 0x1F, 0xFD, 0x1B, 0xFF, 0xFF, 0xFF, 0xFD, 0x20, 0x00, 0x1F, 0xFC, 0xCF, 0xFB, 0x99,
  0xCF, 0xFF, 0xE1, 0x00, 0x1F, 0xFF, 0xFA, 0x10, 0x00, 0x03, 0xEF, 0xFB, 0x00, 0x1F, 0xFF, 0xD0,
  0x00, 0x00, 0x00, 0x2F, 0xFF, 0x30, 0x1F, 0xFF, 0x60, 0x00, 0x00, 0x00, 0x0A, 0xFF, 0x80, 0x1F,
  0xFF, 0x20, 0x00, 0x00, 0x00, 0x05, 0xFF, 0xC0, 0x1F, 0xFF, 0x00, 0x00, 0x00, 0x00, 0x02, 0xFF,
  0xE0, 0x1F, 0xFE, 0x00, 0x00, 0x00, 0x00, 0x01, 0xFF, 0xF0, 0x1F, 0xFE, 0x00, 0x00, 0x00, 0x00,
  0x00, 0xFF, 0xF0, 0x1F, 0xFE, 0x00, 0x00, 0x00, 0x00, 0x01, 0xFF, 0xF0, 0x1F, 0xFF, 0x00, 0x00,
  0x00, 0x00, 0x03, 0xFF, 0xE0, 0x1F, 0xFF, 0x20, 0x00, 0x00, 0x00, 0x06, 0xFF, 0xC0, 0x1F, 0xFF,
  0x70, 0x00, 0x00, 0x00, 0x0B, 0xFF, 0x80, 0x1F, 0xFF, 0xD0, 0x00, 0x00, 0x00, 0x3F, 0xFF, 0x20,
  0x1F, 0xFF, 0xFB, 0x10, 0x00, 0x03, 0xEF, 0xFB, 0x00, 0x1F, 0xFB, 0xDF, 0xFB, 0x99, 0xBF, 0xFF,
  0xE1, 0x00, 0x1F, 0xF5, 0x2C, 0xFF, 0xFF, 0xFF, 0xFD, 0x20, 0x00, 0x1F, 0xF2, 0x00, 0x6B, 0xEF,
  0xEB, 0x60, 0x00, 0x00, 0x00, 0x00, 0x02, 0x8C, 0xEF, 0xEC, 0x94, 0x00, 0x00, 0x1A, 0xFF, 0xFF,
  0xFF, 0xFF, 0xF0, 0x00, 0x0D, 0xFF, 0xFD, 0x98, 0xAE, 0xFA, 0x00, 0x0A, 0xFF, 0xE4, 0x00, 0x00,
  0x03, 0x20, 0x02, 0xFF, 0xF3, 0x00, 0x00, 0x00, 0x00, 0x00, 0x9F, 0xFA, 0x00, 0x00, 0x00, 0x00,
  0x00, 0x0D, 0xFF, 0x50, 0x00, 0x00, 0x00, 0x00, 0x00, 0xFF, 0xF1, 0x00, 0x00, 0x00, 0x00, 0x00,
  0x1F, 0xFF, 0x00, 0x00, 0x00, 0x00, 0x00, 0x01, 0xFF, 0xF0, 0x00, 0x00, 0x00, 0x00, 0x00, 0x1F,
  0xFF, 0x00, 0x00, 0x00, 0x00, 0x00, 0x00, 0xFF, 0xF1, 0x00, 0x00, 0x00, 0x00, 0x00, 0x0D, 0xFF,
  0x40, 0x00, 0x00, 0x00, 0x00, 0x00, 0x9F, 0xFA, 0x00, 0x00, 0x00, 0x00, 0x00, 0x03, 0xFF, 0xF3,
  0x00, 0x00, 0x00, 0x00, 0x00, 0x0B, 0xFF, 0xE3, 0x00, 0x00, 0x01, 0x50, 0x00, 0x1E, 0xFF, 0xFC,
  0x98, 0x9C, 0xFE, 0x00, 0x00, 0x1C, 0xFF, 0xFF, 0xFF, 0xFF, 0xE0, 0x00, 0x00, 0x03, 0x9D, 0xEF,
  0xFD, 0x83, 0x00, 0x00, 0x00, 0x00, 0x00, 0x00, 0x00, 0x00, 0xFF, 0xF0, 0x00, 0x00, 0x00, 0x00,
  0x00, 0x00, 0x00, 0xFF, 0xF0, 0x00, 0x00, 0x00, 0x00, 0x00, 0x00, 0x00, 0xFF, 0xF0, 0x00, 0x00,
  0x00, 0x00, 0x00, 0x00, 0x00, 0xFF, 0xF0, 0x00, 0x00, 0x00, 0x00, 0x00, 0x00, 0x00, 0xFF, 0xF0,
  0x00, 0x00, 0x00, 0x00, 0x00, 0x00, 0x00, 0xFF, 0xF0, 0x00, 0x00, 0x00, 0x00, 0x00, 0x00, 0x00,
  0xFF, 0xF0, 0x00, 0x00, 0x07, 0xCE, 0xFE, 0xB4, 0x00, 0xFF, 0xF0, 0x00, 0x03, 0xEF, 0xFF, 0xFF,
  0xFF, 0xA0, 0xEF, 0xF0, 0x00, 0x2F, 0xFF, 0xFB, 0x99, 0xBF, 0xFB, 0xDF, 0xF0, 0x00, 0xCF, 0xFD,
  0x20, 0x00, 0x02, 0xCF, 0xFF, 0xF0, 0x04, 0xFF, 0xF3, 0x00, 0x00, 0x00, 0x1E, 0xFF, 0xF0, 0x09,
  0xFF, 0xA0, 0x00, 0x00, 0x00, 0x08, 0xFF, 0xF0, 0x0D, 0xFF, 0x50, 0x00, 0x00, 0x00, 0x04, 0xFF,
  0xF0, 0x0F, 0xFF, 0x20, 0x00, 0x00, 0x00, 0x01, 0xFF, 0xF0, 0x1F, 0xFF, 0x00, 0x00, 0x00, 0x00,
  0x00, 0xFF, 0xF0, 0x1F, 0xFF, 0x00, 0x00, 0x00, 0x00, 0x00, 0xFF, 0xF0, 0x1F, 0xFF, 0x00, 0x00,
  0x00, 0x00, 0x00, 0xFF, 0xF0, 0x0F, 0xFF, 0x10, 0x00, 0x00, 0x00, 0x00, 0xFF, 0xF0, 0x0D, 0xFF,
  0x40, 0x00, 0x00, 0x00, 0x02, 0xFF, 0xF0, 0x0A, 0xFF, 0x90, 0x00, 0x00, 0x00, 0x06, 0xFF, 0xF0,
  0x04, 0xFF, 0xF2, 0x00, 0x00, 0x00, 0x0D, 0xFF, 0xF0, 0x00, 0xDF, 0xFD, 0x20, 0x00, 0x01, 0xBF,
  0xFF, 0xF0, 0x00, 0x3F, 0xFF, 0xFB, 0x99, 0xBF, 0xFB, 0xDF, 0xF0, 0x00, 0x03, 0xEF, 0xFF, 0xFF,
  0xFF, 0xA0, 0xAF, 0xF0, 0x00, 0x00, 0x07, 0xCE, 0xFE, 0xB4, 0x00, 0x7F, 0xF0, 0x00, 0x00, 0x04,
  0xAD, 0xFF, 0xD9, 0x30, 0x00, 0x00, 0x00, 0x0A, 0xFF, 0xFF, 0xFF, 0xFF, 0x80, 0x00, 0x00, 0x0C,
  0xFF, 0xFB, 0x99, 0xCF, 0xFF, 0x90, 0x00, 0x08, 0xFF, 0xC2, 0x00, 0x00, 0x4F, 0xFF, 0x40, 0x01,
  0xFF, 0xE1, 0x00, 0x00, 0x00, 0x6F, 0xFB, 0x00, 0x7F, 0xF7, 0x00, 0x00, 0x00, 0x00, 0xFF, 0xF1,
  0x0C, 0xFF, 0x30, 0x00, 0x00, 0x00, 0x0C, 0xFF, 0x40, 0xEF, 0xF9, 0x88, 0x88, 0x88, 0x88, 0xDF,
  0xF5, 0x0F, 0xFF, 0xFF, 0xFF, 0xFF, 0xFF, 0xFF, 0xFF, 0x61, 0xFF, 0xFF, 0xFF, 0xFF, 0xFF, 0xFF,
  0xFF, 0xF7, 0x1F, 0xFF, 0x00, 0x00, 0x00, 0x00, 0x00, 0x00, 0x00, 0xFF, 0xF1, 0x00, 0x00, 0x00,
  0x00, 0x00, 0x00, 0x0D, 0xFF, 0x50, 0x00, 0x00, 0x00, 0x00, 0x00, 0x00, 0x8F, 0xFB, 0x00, 0x00,
  0x00, 0x00, 0x00, 0x00, 0x02, 0xFF, 0xF5, 0x00, 0x00, 0x00, 0x00, 0x00, 0x00, 0x09, 0xFF, 0xF6,
  0x00, 0x00, 0x00, 0x16, 0x70, 0x00, 0x0C, 0xFF, 0xFE, 0xA8, 0x9A, 0xCF, 0xFA, 0x00, 0x00, 0x09,
  0xFF, 0xFF, 0xFF, 0xFF, 0xFF, 0x90, 0x00, 0x00, 0x02, 0x8C, 0xEF, 0xFE, 0xC8, 0x40, 0x00, 0x00,
  0x00, 0x00, 0x03, 0x78, 0x75, 0x10, 0x00, 0x00, 0x03, 0xDF, 0xFF, 0xFF, 0xF0, 0x00, 0x00, 0x2F,
  0xFF, 0xFF, 0xFF, 0xB0, 0x00, 0x00, 0xBF, 0xFD, 0x30, 0x14, 0x30, 0x00, 0x00, 0xFF, 0xF2, 0x00,
  0x00, 0x00, 0x00, 0x03, 0xFF, 0xD0, 0x00, 0x00, 0x00, 0x00, 0x04, 0xFF, 0xB0, 0x00, 0x00, 0x00,
  0x00, 0x04, 0xFF, 0xB0, 0x00, 0x00, 0x00, 0x05, 0xAF, 0xFF, 0xFF, 0xFF, 0xF4, 0x00, 0x7F, 0xFF,
  0xFF, 0xFF, 0xFF, 0xF4, 0x00, 0x48, 0x8A, 0xFF, 0xD8, 0x88, 0x82, 0x00, 0x00, 0x04, 0xFF, 0xB0,
  0x00, 0x00, 0x00, 0x00, 0x04, 0xFF, 0xB0, 0x00, 0x00, 0x00, 0x00, 0x04, 0xFF, 0xB0, 0x00, 0x00,
  0x00, 0x00, 0x04, 0xFF, 0xB0, 0x00, 0x00, 0x00, 0x00, 0x04, 0xFF, 0xB0, 0x00, 0x00, 0x00, 0x00,
  0x04, 0xFF, 0xB0, 0x00, 0x00, 0x00, 0x00, 0x04, 0xFF, 0xB0, 0x00, 0x00, 0x00, 0x00, 0x04, 0xFF,
  0xB0, 0x00, 0x00, 0x00, 0x00, 0x04, 0xFF, 0xB0, 0x00, 0x00, 0x00, 0x00, 0x04, 0xFF, 0xB0, 0x00,
  0x00, 0x00, 0x00, 0x04, 0xFF, 0xB0, 0x00, 0x00, 0x00, 0x00, 0x04, 0xFF, 0xB0, 0x00, 0x00, 0x00,
  0x00, 0x04, 0xFF, 0xB0, 0x00, 0x00, 0x00, 0x00, 0x04, 0xFF, 0xB0, 0x00, 0x00, 0x00, 0x00, 0x04,
  0xFF, 0xB0, 0x00, 0x00, 0x00, 0x00, 0x04, 0xFF, 0xB0, 0x00, 0x00, 0x00, 0x00, 0x00, 0x07, 0xCE,
  0xFE, 0xA4, 0x00, 0x6F, 0xF0, 0x00, 0x02, 0xDF, 0xFF, 0xFF, 0xFF, 0xA0, 0x9F, 0xF0, 0x00, 0x2E,
  0xFF, 0xFB, 0x99, 0xCF, 0xFB, 0xBF, 0xF0, 0x00, 0xBF, 0xFE, 0x20, 0x00, 0x02, 0xCF, 0xFF, 0xF0,
  0x03, 0xFF, 0xF2, 0x00, 0x00, 0x00, 0x1E, 0xFF, 0xF0, 0x09, 0xFF, 0xA0, 0x00, 0x00, 0x00, 0x08,
  0xFF, 0xF0, 0x0D, 0xFF, 0x50, 0x00, 0x00, 0x00, 0x03, 0xFF, 0xF0, 0x0F, 0xFF, 0x10, 0x00, 0x00,
  0x00, 0x00, 0xFF, 0xF0, 0x1F, 0xFF, 0x00, 0x00, 0x00, 0x00, 0x00, 0xFF, 0xF0, 0x1F, 0xFF, 0x00,
  0x00, 0x00, 0x00, 0x00, 0xEF, 0xF0, 0x1F, 0xFF, 0x00, 0x00, 0x00, 0x00, 0x00, 0xEF, 0xF0, 0x0F,
  0xFF, 0x10, 0x00, 0x00, 0x00, 0x00, 0xFF, 0xF0, 0x0D, 0xFF, 0x40, 0x00, 0x00, 0x00, 0x02, 0xFF,
  0xF0, 0x09, 0xFF, 0x90, 0x00, 0x00, 0x00, 0x06, 0xFF, 0xF0, 0x04, 0xFF, 0xF2, 0x00, 0x00, 0x00,
  0x0D, 0xFF, 0xF0, 0x00, 0xCF, 0xFD, 0x20, 0x00, 0x01, 0xBF, 0xFF, 0xF0, 0x00, 0x2F, 0xFF, 0xFB,
  0x99, 0xBF, 0xFB, 0xEF, 0xF0, 0x00, 0x03, 0xEF, 0xFF, 0xFF, 0xFF, 0xB1, 0xEF, 0xF0, 0x00, 0x00,
  0x07, 0xCE, 0xFE, 0xB5, 0x00, 0xEF, 0xF0, 0x00, 0x00, 0x00, 0x00, 0x00, 0x00, 0x00, 0xFF, 0xF0,
  0x00, 0x00, 0x00, 0x00, 0x00, 0x00, 0x01, 0xFF, 0xE0, 0x00, 0x00, 0x00, 0x00, 0x00, 0x00, 0x05,
  0xFF, 0xB0, 0x00, 0x00, 0x00, 0x00, 0x00, 0x00, 0x0D, 0xFF, 0x70, 0x00, 0x97, 0x10, 0x00, 0x00,
  0x01, 0xBF, 0xFF, 0x10, 0x00, 0xBF, 0xFD, 0xB9, 0x89, 0xBF, 0xFF, 0xF6, 0x00, 0x00, 0xAF, 0xFF,
  0xFF, 0xFF, 0xFF, 0xFF, 0x60, 0x00, 0x00, 0x04, 0x8B, 0xDF, 0xFF, 0xEB, 0x71, 0x00, 0x00, 0x1F,
  0xFE, 0x00, 0x00, 0x00, 0x00, 0x00, 0x00, 0x01, 0xFF, 0xE0, 0x00, 0x00, 0x00, 0x00, 0x00, 0x00,
  0x1F, 0xFE, 0x00, 0x00, 0x00, 0x00, 0x00, 0x00, 0x01, 0xFF, 0xE0, 0x00, 0x00, 0x00, 0x00, 0x00,
  0x00, 0x1F, 0xFE, 0x00, 0x00, 0x00, 0x00, 0x00, 0x00, 0x01, 0xFF, 0xE0, 0x00, 0x00, 0x00, 0x00,
  0x00, 0x00, 0x1F, 0xFE, 0x00, 0x00, 0x00, 0x00, 0x00, 0x00, 0x01, 0xFF, 0xD0, 0x04, 0xAE, 0xFF,
  0xD9, 0x20, 0x00, 0x1F, 0xFC, 0x0B, 0xFF, 0xFF, 0xFF, 0xFF, 0x60, 0x01, 0xFF, 0xCB, 0xFF, 0xB9,
  0x8B, 0xFF, 0xFF, 0x40, 0x1F, 0xFF, 0xFB, 0x10, 0x00, 0x01, 0xDF, 0xFB, 0x01, 0xFF, 0xFE, 0x00,
  0x00, 0x00, 0x03, 0xFF, 0xF0, 0x1F, 0xFF, 0x70, 0x00, 0x00, 0x00, 0x0D, 0xFF, 0x21, 0xFF, 0xF2,
  0x00, 0x00, 0x00, 0x00, 0xBF, 0xF3, 0x1F, 0xFF, 0x00, 0x00, 0x00, 0x00, 0x0B, 0xFF, 0x41, 0xFF,
  0xE0, 0x00, 0x00, 0x00, 0x00, 0xBF, 0xF4, 0x1F, 0xFE, 0x00, 0x00, 0x00, 0x00, 0x0B, 0xFF, 0x41,
  0xFF, 0xE0, 0x00, 0x00, 0x00, 0x00, 0xBF, 0xF4, 0x1F, 0xFE, 0x00, 0x00, 0x00, 0x00, 0x0B, 0xFF,
  0x41, 0xFF, 0xE0, 0x00, 0x00, 0x00, 0x00, 0xBF, 0xF4, 0x1F, 0xFE, 0x00, 0x00, 0x00, 0x00, 0x0B,
  0xFF, 0x41, 0xFF, 0xE0, 0x00, 0x00, 0x00, 0x00, 0xBF, 0xF4, 0x1F, 0xFE, 0x00, 0x00, 0x00, 0x00,
  0x0B, 0xFF, 0x41, 0xFF, 0xE0, 0x00, 0x00, 0x00, 0x00, 0xBF, 0xF4, 0x1F, 0xFE, 0x00, 0x00, 0x00,
  0x00, 0x0B, 0xFF, 0x41, 0xFF, 0xE0, 0x00, 0x00, 0x00, 0x00, 0xBF, 0xF4, 0x0B, 0xF8, 0x04, 0xFF,
  0xF1, 0x4F, 0xFF, 0x10, 0xBF, 0x80, 0x00, 0x00, 0x00, 0x00, 0x00, 0x00, 0x00, 0x01, 0xFF, 0xE0,
  0x1F, 0xFE, 0x01, 0xFF, 0xE0, 0x1F, 0xFE, 0x01, 0xFF, 0xE0, 0x1F, 0xFE, 0x01, 0xFF, 0xE0, 0x1F,
  0xFE, 0x01, 0xFF, 0xE0, 0x1F, 0xFE, 0x01, 0xFF, 0xE0, 0x1F, 0xFE, 0x01, 0xFF, 0xE0, 0x1F, 0xFE,
  0x01, 0xFF, 0xE0, 0x1F, 0xFE, 0x01, 0xFF, 0xE0, 0x1F, 0xFE, 0x01, 0xFF, 0xE0, 0x00, 0x00, 0xBF,
  0x80, 0x00, 0x04, 0xFF, 0xF1, 0x00, 0x04, 0xFF, 0xF1, 0x00, 0x00, 0xBF, 0x80, 0x00, 0x00, 0x00,
  0x00, 0x00, 0x00, 0x00, 0x00, 0x00, 0x00, 0x00, 0x00, 0x00, 0x01, 0xFF, 0xE0, 0x00, 0x01, 0xFF,
  0xE0, 0x00, 0x01, 0xFF, 0xE0, 0x00, 0x01, 0xFF, 0xE0, 0x00, 0x01, 0xFF, 0xE0, 0x00, 0x01, 0xFF,
  0xE0, 0x00, 0x01, 0xFF, 0xE0, 0x00, 0x01, 0xFF, 0xE0, 0x00, 0x01, 0xFF, 0xE0, 0x00, 0x01, 0xFF,
  0xE0, 0x00, 0x01, 0xFF, 0xE0, 0x00, 0x01, 0xFF, 0xE0, 0x00, 0x01, 0xFF, 0xE0, 0x00, 0x01, 0xFF,
  0xE0, 0x00, 0x01, 0xFF, 0xE0, 0x00, 0x01, 0xFF, 0xE0, 0x00, 0x01, 0xFF, 0xE0, 0x00, 0x01, 0xFF,
  0xE0, 0x00, 0x01, 0xFF, 0xE0, 0x00, 0x01, 0xFF, 0xE0, 0x00, 0x01, 0xFF, 0xE0, 0x00, 0x01, 0xFF,
  0xD0, 0x00, 0x03, 0xFF, 0xC0, 0x00, 0x09, 0xFF, 0x90, 0x99, 0xCF, 0xFF, 0x40, 0xFF, 0xFF, 0xFA,
  0x00, 0xEF, 0xFC, 0x60, 0x00, 0x1F, 0xFD, 0x00, 0x00, 0x00, 0x00, 0x00, 0x00, 0x1F, 0xFD, 0x00,
  0x00, 0x00, 0x00, 0x00, 0x00, 0x1F, 0xFD, 0x00, 0x00, 0x00, 0x00, 0x00, 0x00, 0x1F, 0xFD, 0x00,
  0x00, 0x00, 0x00, 0x00, 0x00, 0x1F, 0xFD, 0x00, 0x00, 0x00, 0x00, 0x00, 0x00, 0x1F, 0xFD, 0x00,
  0x00, 0x00, 0x00, 0x00, 0x00, 0x1F, 0xFD, 0x00, 0x00, 0x00, 0x00, 0x00, 0x00, 0x1F, 0xFD, 0x00,
  0x00, 0x00, 0x09, 0xFF, 0xD1, 0x1F, 0xFD, 0x00, 0x00, 0x00, 0x8F, 0xFE, 0x10, 0x1F, 0xFD, 0x00,
  0x00, 0x06, 0xFF, 0xE2, 0x00, 0x1F, 0xFD, 0x00, 0x00, 0x5F, 0xFF, 0x30, 0x00, 0x1F, 0xFD, 0x00,
  0x04, 0xFF, 0xF4, 0x00, 0x00, 0x1F, 0xFD, 0x00, 0x3F, 0xFF, 0x50, 0x00, 0x00, 0x1F, 0xFD, 0x01,
  0xEF, 0xF7, 0x00, 0x00, 0x00, 0x1F, 0xFC, 0x0C, 0xFF, 0x90, 0x00, 0x00, 0x00, 0x1F, 0xFC, 0x9F,
  0xFF, 0x30, 0x00, 0x00, 0x00, 0x1F, 0xFF, 0xFF, 0xFF, 0xE1, 0x00, 0x00, 0x00, 0x1F, 0xFF, 0xF8,
  0xDF, 0xFA, 0x00, 0x00, 0x00, 0x1F, 0xFF, 0x70, 0x2F, 0xFF, 0x60, 0x00, 0x00, 0x1F, 0xFD, 0x00,
  0x06, 0xFF, 0xF2, 0x00, 0x00, 0x1F, 0xFD, 0x00, 0x00, 0xBF, 0xFD, 0x00, 0x00, 0x1F, 0xFD, 0x00,
  0x00, 0x1E, 0xFF, 0x90, 0x00, 0x1F, 0xFD, 0x00, 0x00, 0x04, 0xFF, 0xF4, 0x00, 0x1F, 0xFD, 0x00,
  0x00, 0x00, 0x8F, 0xFE, 0x10, 0x1F, 0xFD, 0x00, 0x00, 0x00, 0x0C, 0xFF, 0xB0, 0x1F, 0xFD, 0x00,
  0x00, 0x00, 0x02, 0xFF, 0xF7, 0x1F, 0xFE, 0x1F, 0xFE, 0x1F, 0xFE, 0x1F, 0xFE, 0x1F, 0xFE, 0x1F,
  0xFE, 0x1F, 0xFE, 0x1F, 0xFE, 0x1F, 0xFE, 0x1F, 0xFE, 0x1F, 0xFE, 0x1F, 0xFE, 0x1F, 0xFE, 0x1F,
  0xFE, 0x1F, 0xFE, 0x1F, 0xFE, 0x1F, 0xFE, 0x1F, 0xFE, 0x1F, 0xFE, 0x1F, 0xFE, 0x1F, 0xFE, 0x1F,
  0xFE, 0x1F, 0xFE, 0x1F, 0xFE, 0x1F, 0xFE, 0x1F, 0xFE, 0x1F, 0xF5, 0x00, 0x6B, 0xEF, 0xEB, 0x50,
  0x00, 0x03, 0x9D, 0xFF, 0xD9, 0x20, 0x00, 0x1F, 0xF8, 0x1C, 0xFF, 0xFF, 0xFF, 0xFA, 0x00, 0x8F,
  0xFF, 0xFF, 0xFF, 0xF5, 0x00, 0x1F, 0xFB, 0xBF, 0xEA, 0x89, 0xDF, 0xFF, 0x77, 0xFF, 0xD9, 0x8A,
  0xFF, 0xFF, 0x20, 0x1F, 0xFF, 0xFA, 0x00, 0x00, 0x09, 0xFF, 0xFF, 0xF4, 0x00, 0x00, 0x2E, 0xFF,
  0x80, 0x1F, 0xFF, 0xD0, 0x00, 0x00, 0x00, 0xEF, 0xFF, 0x50, 0x00, 0x00, 0x05, 0xFF, 0xC0, 0x1F,
  0xFF, 0x60, 0x00, 0x00, 0x00, 0xAF, 0xFE, 0x00, 0x00, 0x00, 0x01, 0xFF, 0xF0, 0x1F, 0xFF, 0x20,
  0x00, 0x00, 0x00, 0x8F, 0xFA, 0x00, 0x00, 0x00, 0x00, 0xFF, 0xF0, 0x1F, 0xFF, 0x00, 0x00, 0x00,
  0x00, 0x8F, 0xF7, 0x00, 0x00, 0x00, 0x00, 0xEF, 0xF0, 0x1F, 0xFE, 0x00, 0x00, 0x00, 0x00, 0x8F,
  0xF7, 0x00, 0x00, 0x00, 0x00, 0xEF, 0xF0, 0x1F, 0xFE, 0x00, 0x00, 0x00, 0x00, 0x8F, 0xF7, 0x00,
  0x00, 0x00, 0x00, 0xEF, 0xF0, 0x1F, 0xFE, 0x00, 0x00, 0x00, 0x00, 0x8F, 0xF7, 0x00, 0x00, 0x00,
  0x00, 0xEF, 0xF0, 0x1F, 0xFE, 0x00, 0x00, 0x00, 0x00, 0x8F, 0xF7, 0x00, 0x00, 0x00, 0x00, 0xEF,
  0xF0, 0x1F, 0xFE, 0x00, 0x00, 0x00, 0x00, 0x8F, 0xF7, 0x00, 0x00, 0x00, 0x00, 0xEF, 0xF0, 0x1F,
  0xFE, 0x00, 0x00, 0x00, 0x00, 0x8F, 0xF7, 0x00, 0x00, 0x00, 0x00, 0xEF, 0xF0, 0x1F, 0xFE, 0x00,
  0x00, 0x00, 0x00, 0x8F, 0xF7, 0x00, 0x00, 0x00, 0x00, 0xEF, 0xF0, 0x1F, 0xFE, 0x00, 0x00, 0x00,
  0x00, 0x8F, 0xF7, 0x00, 0x00, 0x00, 0x00, 0xEF, 0xF0, 0x1F, 0xFE, 0x00, 0x00, 0x00, 0x00, 0x8F,
  0xF7, 0x00, 0x00, 0x00, 0x00, 0xEF, 0xF0, 0x1F, 0xFE, 0x00, 0x00, 0x00, 0x00, 0x8F, 0xF7, 0x00,
  0x00, 0x00, 0x00, 0xEF, 0xF0, 0x1F, 0xFE, 0x00, 0x00, 0x00, 0x00, 0x8F, 0xF7, 0x00, 0x00, 0x00,
  0x00, 0xEF, 0xF0, 0x1F, 0xF5, 0x00, 0x4A, 0xEF, 0xFD, 0x92, 0x00, 0x01, 0xFF, 0x81, 0xBF, 0xFF,
  0xFF, 0xFF, 0xF6, 0x00, 0x1F, 0xFB, 0xBF, 0xFB, 0x98, 0xBF, 0xFF, 0xF4, 0x01, 0xFF, 0xFF, 0xB1,
  0x00, 0x00, 0x1D, 0xFF, 0xB0, 0x1F, 0xFF, 0xE0, 0x00, 0x00, 0x00, 0x3F, 0xFF, 0x01, 0xFF, 0xF7,
  0x00, 0x00, 0x00, 0x00, 0xDF, 0xF2, 0x1F, 0xFF, 0x20, 0x00, 0x00, 0x00, 0x0B, 0xFF, 0x31, 0xFF,
  0xF0, 0x00, 0x00, 0x00, 0x00, 0xBF, 0xF4, 0x1F, 0xFE, 0x00, 0x00, 0x00, 0x00, 0x0B, 0xFF, 0x41,
  0xFF, 0xE0, 0x00, 0x00, 0x00, 0x00, 0xBF, 0xF4, 0x1F, 0xFE, 0x00, 0x00, 0x00, 0x00, 0x0B, 0xFF,
  0x41, 0xFF, 0xE0, 0x00, 0x00, 0x00, 0x00, 0xBF, 0xF4, 0x1F, 0xFE, 0x00, 0x00, 0x00, 0x00, 0x0B,
  0xFF, 0x41, 0xFF, 0xE0, 0x00, 0x00, 0x00, 0x00, 0xBF, 0xF4, 0x1F, 0xFE, 0x00, 0x00, 0x00, 0x00,
  0x0B, 0xFF, 0x41, 0xFF, 0xE0, 0x00, 0x00, 0x00, 0x00, 0xBF, 0xF4, 0x1F, 0xFE, 0x00, 0x00, 0x00,
  0x00, 0x0B, 0xFF, 0x41, 0xFF, 0xE0, 0x00, 0x00, 0x00, 0x00, 0xBF, 0xF4, 0x1F, 0xFE, 0x00, 0x00,
  0x00, 0x00, 0x0B, 0xFF, 0x40, 0x00, 0x00, 0x03, 0x9D, 0xEF, 0xEB, 0x70, 0x00, 0x00, 0x00, 0x00,
  0xAF, 0xFF, 0xFF, 0xFF, 0xFE, 0x40, 0x00, 0x00, 0x0C, 0xFF, 0xFC, 0x98, 0xAE, 0xFF, 0xF5, 0x00,
  0x00, 0x9F, 0xFE, 0x30, 0x00, 0x00, 0x8F, 0xFF, 0x20, 0x02, 0xFF, 0xF3, 0x00, 0x00, 0x00, 0x09,
  0xFF, 0xB0, 0x08, 0xFF, 0xA0, 0x00, 0x00, 0x00, 0x01, 0xFF, 0xF2, 0x0C, 0xFF, 0x50, 0x00, 0x00,
  0x00, 0x00, 0xBF, 0xF6, 0x0F, 0xFF, 0x10, 0x00, 0x00, 0x00, 0x00, 0x8F, 0xF9, 0x1F, 0xFF, 0x00,
  0x00, 0x00, 0x00, 0x00, 0x6F, 0xFA, 0x1F, 0xFF, 0x00, 0x00, 0x00, 0x00, 0x00, 0x5F, 0xFB, 0x1F,
  0xFF, 0x00, 0x00, 0x00, 0x00, 0x00, 0x6F, 0xFA, 0x0F, 0xFF, 0x20, 0x00, 0x00, 0x00, 0x00, 0x8F,
  0xF9, 0x0C, 0xFF, 0x50, 0x00, 0x00, 0x00, 0x00, 0xBF, 0xF6, 0x08, 0xFF, 0xA0, 0x00, 0x00, 0x00,
  0x01, 0xFF, 0xF2, 0x01, 0xFF, 0xF3, 0x00, 0x00, 0x00, 0x0A, 0xFF, 0xB0, 0x00, 0x8F, 0xFE, 0x40,
  0x00, 0x00, 0x8F, 0xFF, 0x30, 0x00, 0x0B, 0xFF, 0xFC, 0x98, 0xAE, 0xFF, 0xF6, 0x00, 0x00, 0x00,
  0x9F, 0xFF, 0xFF, 0xFF, 0xFE, 0x50, 0x00, 0x00, 0x00, 0x02, 0x9D, 0xFF, 0xEB, 0x70, 0x00, 0x00,
  0x1F, 0xF6, 0x00, 0x5B, 0xEF, 0xEB, 0x60, 0x00, 0x00, 0x1F, 0xF8, 0x0B, 0xFF, 0xFF, 0xFF, 0xFD,
  0x20, 0x00, 0x1F, 0xFB, 0xBF, 0xFB, 0x99, 0xCF, 0xFF, 0xE2, 0x00, 0x1F, 0xFF, 0xFA, 0x10, 0x00,
  0x03, 0xEF, 0xFB, 0x00, 0x1F, 0xFF, 0xD0, 0x00, 0x00, 0x00, 0x3F, 0xFF, 0x30, 0x1F, 0xFF, 0x60,
  0x00, 0x00, 0x00, 0x0B, 0xFF, 0x80, 0x1F, 0xFF, 0x20, 0x00, 0x00, 0x00, 0x06, 0xFF, 0xC0, 0x1F,
  0xFF, 0x00, 0x00, 0x00, 0x00, 0x03, 0xFF, 0xE0, 0x1F, 0xFE, 0x00, 0x00, 0x00, 0x00, 0x01, 0xFF,
  0xF0, 0x1F, 0xFE, 0x00, 0x00, 0x00, 0x00, 0x01, 0xFF, 0xF0, 0x1F, 0xFE, 0x00, 0x00, 0x00, 0x00,
  0x01, 0xFF, 0xF0, 0x1F, 0xFF, 0x00, 0x00, 0x00, 0x00, 0x03, 0xFF, 0xE0, 0x1F, 0xFF, 0x20, 0x00,
  0x00, 0x00, 0x07, 0xFF, 0xB0, 0x1F, 0xFF, 0x70, 0x00, 0x00, 0x00, 0x0C, 0xFF, 0x80, 0x1F, 0xFF,
  0xE0, 0x00, 0x00, 0x00, 0x5F, 0xFF, 0x20, 0x1F, 0xFF, 0xFB, 0x10, 0x00, 0x04, 0xFF, 0xFB, 0x00,
  0x1F, 0xFC, 0xDF, 0xFB, 0x99, 0xCF, 0xFF, 0xE1, 0x00, 0x1F, 0xFC, 0x1C, 0xFF, 0xFF, 0xFF, 0xFD,
  0x20, 0x00, 0x1F, 0xFD, 0x00, 0x5B, 0xEF, 0xEB, 0x60, 0x00, 0x00, 0x1F, 0xFD, 0x00, 0x00, 0x00,
  0x00, 0x00, 0x00, 0x00, 0x1F, 0xFE, 0x00, 0x00, 0x00, 0x00, 0x00, 0x00, 0x00, 0x1F, 0xFE, 0x00,
  0x00, 0x00, 0x00, 0x00, 0x00, 0x00, 0x1F, 0xFE, 0x00, 0x00, 0x00, 0x00, 0x00, 0x00, 0x00, 0x1F,
  0xFE, 0x00, 0x00, 0x00, 0x00, 0x00, 0x00, 0x00, 0x1F, 0xFE, 0x00, 0x00, 0x00, 0x00, 0x00, 0x00,
  0x00, 0x1F, 0xFE, 0x00, 0x00, 0x00, 0x00, 0x00, 0x00, 0x00, 0x1F, 0xFE, 0x00, 0x00, 0x00, 0x00,
  0x00, 0x00, 0x00, 0x00, 0x00, 0x06, 0xBE, 0xFD, 0xB4, 0x00, 0x6F, 0xF0, 0x00, 0x02, 0xDF, 0xFF,
  0xFF, 0xFF, 0xA0, 0x9F, 0xF0, 0x00, 0x2E, 0xFF, 0xFB, 0x99, 0xBF, 0xFA, 0xBF, 0xF0, 0x00, 0xCF,
  0xFD, 0x20, 0x00, 0x02, 0xCF, 0xFF, 0xF0, 0x04, 0xFF, 0xF2, 0x00, 0x00, 0x00, 0x1E, 0xFF, 0xF0,
  0x09, 0xFF, 0xA0, 0x00, 0x00, 0x00, 0x08, 0xFF, 0xF0, 0x0D, 0xFF, 0x50, 0x00, 0x00, 0x00, 0x03,
  0xFF, 0xF0, 0x0F, 0xFF, 0x20, 0x00, 0x00, 0x00, 0x01, 0xFF, 0xF0, 0x1F, 0xFF, 0x00, 0x00, 0x00,
  0x00, 0x00, 0xFF, 0xF0, 0x1F, 0xFF, 0x00, 0x00, 0x00, 0x00, 0x00, 0xFF, 0xF0, 0x1F, 0xFF, 0x00,
  0x00, 0x00, 0x00, 0x00, 0xFF, 0xF0, 0x0F, 0xFF, 0x10, 0x00, 0x00, 0x00, 0x00, 0xFF, 0xF0, 0x0D,
  0xFF, 0x40, 0x00, 0x00, 0x00, 0x02, 0xFF, 0xF0, 0x0A, 0xFF, 0x90, 0x00, 0x00, 0x00, 0x07, 0xFF,
  0xF0, 0x04, 0xFF, 0xF2, 0x00, 0x00, 0x00, 0x0D, 0xFF, 0xF0, 0x00, 0xDF, 0xFD, 0x20, 0x00, 0x01,
  0xBF, 0xFF, 0xF0, 0x00, 0x2F, 0xFF, 0xFB, 0x99, 0xBF, 0xFB, 0xDF, 0xF0, 0x00, 0x03, 0xEF, 0xFF,
  0xFF, 0xFF, 0xA0, 0xEF, 0xF0, 0x00, 0x00, 0x07, 0xCE, 0xFD, 0xA4, 0x00, 0xFF, 0xF0, 0x00, 0x00,
  0x00, 0x00, 0x00, 0x00, 0x00, 0xFF, 0xF0, 0x00, 0x00, 0x00, 0x00, 0x00, 0x00, 0x00, 0xFF, 0xF0,
  0x00, 0x00, 0x00, 0x00, 0x00, 0x00, 0x00, 0xFF, 0xF0, 0x00, 0x00, 0x00, 0x00, 0x00, 0x00, 0x00,
  0xFF, 0xF0, 0x00, 0x00, 0x00, 0x00, 0x00, 0x00, 0x00, 0xFF, 0xF0, 0x00, 0x00, 0x00, 0x00, 0x00,
  0x00, 0x00, 0xFF, 0xF0, 0x00, 0x00, 0x00, 0x00, 0x00, 0x00, 0x00, 0xFF, 0xF0, 0x00, 0x00, 0x00,
  0x00, 0x00, 0x00, 0x00, 0xFF, 0xF0, 0x1F, 0xF6, 0x00, 0x3A, 0xEF, 0xF7, 0x1F, 0xF7, 0x06, 0xFF,
  0xFF, 0xF5, 0x1F, 0xF9, 0x6F, 0xFE, 0xA8, 0xA2, 0x1F, 0xFD, 0xFF, 0x60, 0x00, 0x00, 0x1F, 0xFF,
  0xF5, 0x00, 0x00, 0x00, 0x1F, 0xFF, 0xA0, 0x00, 0x00, 0x00, 0x1F, 0xFF, 0x40, 0x00, 0x00, 0x00,
  0x1F, 0xFF, 0x00, 0x00, 0x00, 0x00, 0x1F, 0xFE, 0x00, 0x00, 0x00, 0x00, 0x1F, 0xFE, 0x00, 0x00,
  0x00, 0x00, 0x1F, 0xFE, 0x00, 0x00, 0x00, 0x00, 0x1F, 0xFE, 0x00, 0x00, 0x00, 0x00, 0x1F, 0xFE,
  0x00, 0x00, 0x00, 0x00, 0x1F, 0xFE, 0x00, 0x00, 0x00, 0x00, 0x1F, 0xFE, 0x00, 0x00, 0x00, 0x00,
  0x1F, 0xFE, 0x00, 0x00, 0x00, 0x00, 0x1F, 0xFE, 0x00, 0x00, 0x00, 0x00, 0x1F, 0xFE, 0x00, 0x00,
  0x00, 0x00, 0x1F, 0xFE, 0x00, 0x00, 0x00, 0x00, 0x00, 0x03, 0x9C, 0xFF, 0xFD, 0xA6, 0x10, 0x00,
  0x9F, 0xFF, 0xFF, 0xFF, 0xFF, 0xF3, 0x09, 0xFF, 0xFC, 0x98, 0x9C, 0xFF, 0xD0, 0x1F, 0xFF, 0x30,
  0x00, 0x00, 0x16, 0x50, 0x3F, 0xFA, 0x00, 0x00, 0x00, 0x00, 0x00, 0x2F, 0xFC, 0x00, 0x00, 0x00,
  0x00, 0x00, 0x0E, 0xFF, 0x90, 0x00, 0x00, 0x00, 0x00, 0x05, 0xFF, 0xFE, 0x81, 0x00, 0x00, 0x00,
  0x00, 0x5E, 0xFF, 0xFF, 0xB4, 0x00, 0x00, 0x00, 0x00, 0x7E, 0xFF, 0xFF, 0xD4, 0x00, 0x00, 0x00,
  0x00, 0x4B, 0xFF, 0xFF, 0x70, 0x00, 0x00, 0x00, 0x00, 0x2B, 0xFF, 0xF3, 0x00, 0x00, 0x00, 0x00,
  0x00, 0x9F, 0xF9, 0x00, 0x00, 0x00, 0x00, 0x00, 0x3F, 0xFB, 0x00, 0x00, 0x00, 0x00, 0x00, 0x4F,
  0xFA, 0x3A, 0x40, 0x00, 0x00, 0x01, 0xDF, 0xF6, 0x3F, 0xFF, 0xB9, 0x89, 0xBF, 0xFF, 0xD0, 0x3F,
  0xFF, 0xFF, 0xFF, 0xFF, 0xFC, 0x10, 0x02, 0x7B, 0xEF, 0xFF, 0xDA, 0x40, 0x00, 0x00, 0x00, 0x58,
  0x10, 0x00, 0x00, 0x00, 0x00, 0xEF, 0x20, 0x00, 0x00, 0x00, 0x03, 0xFF, 0x20, 0x00, 0x00, 0x00,
  0x08, 0xFF, 0x20, 0x00, 0x00, 0x00, 0x1D, 0xFF, 0x20, 0x00, 0x00, 0x18, 0xFF, 0xFF, 0xFF, 0xFF,
  0xF6, 0x7F, 0xFF, 0xFF, 0xFF, 0xFF, 0xF6, 0x38, 0x8F, 0xFF, 0x98, 0x88, 0x83, 0x00, 0x0E, 0xFF,
  0x20, 0x00, 0x00, 0x00, 0x0E, 0xFF, 0x20, 0x00, 0x00, 0x00, 0x0E, 0xFF, 0x20, 0x00, 0x00, 0x00,
  0x0E, 0xFF, 0x20, 0x00, 0x00, 0x00, 0x0E, 0xFF, 0x20, 0x00, 0x00, 0x00, 0x0E, 0xFF, 0x20, 0x00,
  0x00, 0x00, 0x0E, 0xFF, 0x20, 0x00, 0x00, 0x00, 0x0E, 0xFF, 0x20, 0x00, 0x00, 0x00, 0x0E, 0xFF,
  0x20, 0x00, 0x00, 0x00, 0x0E, 0xFF, 0x20, 0x00, 0x00, 0x00, 0x0D, 0xFF, 0x20, 0x00, 0x00, 0x00,
  0x0C, 0xFF, 0x50, 0x00, 0x00, 0x00, 0x09, 0xFF, 0xD0, 0x00, 0x00, 0x00, 0x03, 0xFF, 0xFE, 0x99,
  0xA7, 0x00, 0x00, 0x8F, 0xFF, 0xFF, 0xF8, 0x00, 0x00, 0x04, 0xBE, 0xFE, 0xC4, 0x5F, 0xFB, 0x00,
  0x00, 0x00, 0x00, 0x0E, 0xFF, 0x25, 0xFF, 0xB0, 0x00, 0x00, 0x00, 0x00, 0xEF, 0xF2, 0x5F, 0xFB,
  0x00, 0x00, 0x00, 0x00, 0x0E, 0xFF, 0x25, 0xFF, 0xB0, 0x00, 0x00, 0x00, 0x00, 0xEF, 0xF2, 0x5F,
  0xFB, 0x00, 0x00, 0x00, 0x00, 0x0E, 0xFF, 0x25, 0xFF, 0xB0, 0x00, 0x00, 0x00, 0x00, 0xEF, 0xF2,
  0x5F, 0xFB, 0x00, 0x00, 0x00, 0x00, 0x0E, 0xFF, 0x25, 0xFF, 0xB0, 0x00, 0x00, 0x00, 0x00, 0xEF,
  0xF2, 0x5F, 0xFB, 0x00, 0x00, 0x00, 0x00, 0x0E, 0xFF, 0x25, 0xFF, 0xB0, 0x00, 0x00, 0x00, 0x00,
  0xEF, 0xF2, 0x5F, 0xFB, 0x00, 0x00, 0x00, 0x00, 0x0E, 0xFF, 0x25, 0xFF, 0xB0, 0x00, 0x00, 0x00,
  0x00, 0xFF, 0xF2, 0x4F, 0xFB, 0x00, 0x00, 0x00, 0x00, 0x2F, 0xFF, 0x23, 0xFF, 0xD0, 0x00, 0x00,
  0x00, 0x07, 0xFF, 0xF2, 0x1F, 0xFF, 0x30, 0x00, 0x00, 0x00, 0xEF, 0xFF, 0x20, 0xCF, 0xFD, 0x10,
  0x00, 0x01, 0xBF, 0xFF, 0xF2, 0x05, 0xFF, 0xFF, 0xA8, 0x9B, 0xFF, 0xCC, 0xFF, 0x20, 0x07, 0xFF,
  0xFF, 0xFF, 0xFF, 0xC1, 0x9F, 0xF2, 0x00, 0x03, 0x9D, 0xFF, 0xEA, 0x50, 0x06, 0xFF, 0x20, 0xDF,
  0xF5, 0x00, 0x00, 0x00, 0x00, 0x01, 0xFF, 0xF1, 0x7F, 0xFB, 0x00, 0x00, 0x00, 0x00, 0x07, 0xFF,
  0xB0, 0x1F, 0xFF, 0x10, 0x00, 0x00, 0x00, 0x0C, 0xFF, 0x50, 0x0B, 0xFF, 0x60, 0x00, 0x00, 0x00,
  0x2F, 0xFF, 0x00, 0x05, 0xFF, 0xC0, 0x00, 0x00, 0x00, 0x7F, 0xF9, 0x00, 0x00, 0xFF, 0xF1, 0x00,
  0x00, 0x00, 0xDF, 0xF4, 0x00, 0x00, 0xAF, 0xF7, 0x00, 0x00, 0x02, 0xFF, 0xE0, 0x00, 0x00, 0x4F,
  0xFC, 0x00, 0x00, 0x08, 0xFF, 0x80, 0x00, 0x00, 0x0E, 0xFF, 0x20, 0x00, 0x0D, 0xFF, 0x20, 0x00,
  0x00, 0x08, 0xFF, 0x70, 0x00, 0x3F, 0xFC, 0x00, 0x00, 0x00, 0x02, 0xFF, 0xD0, 0x00, 0x8F, 0xF7,
  0x00, 0x00, 0x00, 0x00, 0xDF, 0xF2, 0x00, 0xEF, 0xF1, 0x00, 0x00, 0x00, 0x00, 0x7F, 0xF7, 0x03,
  0xFF, 0xB0, 0x00, 0x00, 0x00, 0x00, 0x1F, 0xFC, 0x08, 0xFF, 0x50, 0x00, 0x00, 0x00, 0x00, 0x0B,
  0xFF, 0x1D, 0xFF, 0x00, 0x00, 0x00, 0x00, 0x00, 0x05, 0xFF, 0x8F, 0xF9, 0x00, 0x00, 0x00, 0x00,
  0x00, 0x00, 0xFF, 0xFF, 0xF4, 0x00, 0x00, 0x00, 0x00, 0x00, 0x00, 0xAF, 0xFF, 0xE0, 0x00, 0x00,
  0x00, 0x00, 0x00, 0x00, 0x4F, 0xFF, 0x80, 0x00, 0x00, 0x00, 0x7F, 0xF9, 0x00, 0x00, 0x00, 0x06,
  0xFF, 0xF2, 0x00, 0x00, 0x00, 0x0D, 0xFF, 0x33, 0xFF, 0xD0, 0x00, 0x00, 0x00, 0xBF, 0xFF, 0x70,
  0x00, 0x00, 0x01, 0xFF, 0xE0, 0x0F, 0xFF, 0x10, 0x00, 0x00, 0x0F, 0xFF, 0xFC, 0x00, 0x00, 0x00,
  0x5F, 0xFA, 0x00, 0xBF, 0xF5, 0x00, 0x00, 0x04, 0xFF, 0xDF, 0xF1, 0x00, 0x00, 0x09, 0xFF, 0x60,
  0x07, 0xFF, 0x90, 0x00, 0x00, 0x9F, 0xF6, 0xFF, 0x50, 0x00, 0x00, 0xDF, 0xF2, 0x00, 0x2F, 0xFD,
  0x00, 0x00, 0x0E, 0xFC, 0x1F, 0xFA, 0x00, 0x00, 0x1F, 0xFE, 0x00, 0x00, 0xEF, 0xF1, 0x00, 0x03,
  0xFF, 0x80, 0xDF, 0xE0, 0x00, 0x05, 0xFF, 0x90, 0x00, 0x0A, 0xFF, 0x50, 0x00, 0x7F, 0xF4, 0x09,
  0xFF, 0x30, 0x00, 0x9F, 0xF5, 0x00, 0x00, 0x6F, 0xF9, 0x00, 0x0C, 0xFF, 0x00, 0x4F, 0xF8, 0x00,
  0x0D, 0xFF, 0x10, 0x00, 0x02, 0xFF, 0xD0, 0x01, 0xFF, 0xA0, 0x00, 0xFF, 0xC0, 0x01, 0xFF, 0xC0,
  0x00, 0x00, 0x0D, 0xFF, 0x10, 0x6F, 0xF6, 0x00, 0x0B, 0xFF, 0x10, 0x5F, 0xF8, 0x00, 0x00, 0x00,
  0x9F, 0xF4, 0x0A, 0xFF, 0x10, 0x00, 0x6F, 0xF5, 0x09, 0xFF, 0x40, 0x00, 0x00, 0x05, 0xFF, 0x80,
  0xFF, 0xC0, 0x00, 0x02, 0xFF, 0xA0, 0xDF, 0xF0, 0x00, 0x00, 0x00, 0x1F, 0xFB, 0x2F, 0xF7, 0x00,
  0x00, 0x0D, 0xFE, 0x1F, 0xFB, 0x00, 0x00, 0x00, 0x00, 0xCF, 0xF6, 0xFF, 0x20, 0x00, 0x00, 0x8F,
  0xF6, 0xFF, 0x70, 0x00, 0x00, 0x00, 0x08, 0xFF, 0xCF, 0xD0, 0x00, 0x00, 0x03, 0xFF, 0xCF, 0xF3,
  0x00, 0x00, 0x00, 0x00, 0x4F, 0xFF, 0xF8, 0x00, 0x00, 0x00, 0x0E, 0xFF, 0xFE, 0x00, 0x00, 0x00,
  0x00, 0x00, 0xFF, 0xFF, 0x30, 0x00, 0x00, 0x00, 0xAF, 0xFF, 0xA0, 0x00, 0x00, 0x00, 0x00, 0x0C,
  0xFF, 0xE0, 0x00, 0x00, 0x00, 0x05, 0xFF, 0xF6, 0x00, 0x00, 0x00, 0x0B, 0xFF, 0xA0, 0x00, 0x00,
  0x00, 0x0A, 0xFF, 0xB0, 0x01, 0xFF, 0xF4, 0x00, 0x00, 0x00, 0x4F, 0xFE, 0x10, 0x00, 0x6F, 0xFE,
  0x00, 0x00, 0x00, 0xEF, 0xF5, 0x00, 0x00, 0x0B, 0xFF, 0x90, 0x00, 0x09, 0xFF, 0xA0, 0x00, 0x00,
  0x01, 0xEF, 0xF4, 0x00, 0x3F, 0xFE, 0x10, 0x00, 0x00, 0x00, 0x5F, 0xFD, 0x00, 0xDF, 0xF5, 0x00,
  0x00, 0x00, 0x00, 0x0A, 0xFF, 0x98, 0xFF, 0xA0, 0x00, 0x00, 0x00, 0x00, 0x01, 0xEF, 0xFF, 0xFE,
  0x10, 0x00, 0x00, 0x00, 0x00, 0x00, 0x5F, 0xFF, 0xF4, 0x00, 0x00, 0x00, 0x00, 0x00, 0x00, 0x0F,
  0xFF, 0xE0, 0x00, 0x00, 0x00, 0x00, 0x00, 0x00, 0xAF, 0xFF, 0xF8, 0x00, 0x00, 0x00, 0x00, 0x00,
  0x04, 0xFF, 0xEE, 0xFF, 0x40, 0x00, 0x00, 0x00, 0x00, 0x1E, 0xFF, 0x54, 0xFF, 0xD0, 0x00, 0x00,
  0x00, 0x00, 0xAF, 0xFA, 0x00, 0xAF, 0xF9, 0x00, 0x00, 0x00, 0x05, 0xFF, 0xE1, 0x00, 0x1E, 0xFF,
  0x40, 0x00, 0x00, 0x1E, 0xFF, 0x50, 0x00, 0x05, 0xFF, 0xE1, 0x00, 0x00, 0xBF, 0xFA, 0x00, 0x00,
  0x00, 0xAF, 0xFA, 0x00, 0x06, 0xFF, 0xE1, 0x00, 0x00, 0x00, 0x1E, 0xFF, 0x50, 0x1F, 0xFF, 0x50,
  0x00, 0x00, 0x00, 0x05, 0xFF, 0xE1, 0xCF, 0xF6, 0x00, 0x00, 0x00, 0x00, 0x01, 0xFF, 0xF2, 0x6F,
  0xFC, 0x00, 0x00, 0x00, 0x00, 0x06, 0xFF, 0xC0, 0x0F, 0xFF, 0x20, 0x00, 0x00, 0x00, 0x0C, 0xFF,
  0x60, 0x09, 0xFF, 0x80, 0x00, 0x00, 0x00, 0x1F, 0xFF, 0x10, 0x03, 0xFF, 0xE0, 0x00, 0x00, 0x00,
  0x7F, 0xFA, 0x00, 0x00, 0xCF, 0xF4, 0x00, 0x00, 0x00, 0xDF, 0xF4, 0x00, 0x00, 0x6F, 0xFA, 0x00,
  0x00, 0x02, 0xFF, 0xE0, 0x00, 0x00, 0x1F, 0xFF, 0x00, 0x00, 0x08, 0xFF, 0x90, 0x00, 0x00, 0x0A,
  0xFF, 0x60, 0x00, 0x0D, 0xFF, 0x30, 0x00, 0x00, 0x03, 0xFF, 0xC0, 0x00, 0x3F, 0xFD, 0x00, 0x00,
  0x00, 0x00, 0xDF, 0xF2, 0x00, 0x9F, 0xF7, 0x00, 0x00, 0x00, 0x00, 0x7F, 0xF7, 0x00, 0xEF, 0xF1,
  0x00, 0x00, 0x00, 0x00, 0x1F, 0xFD, 0x03, 0xFF, 0xB0, 0x00, 0x00, 0x00, 0x00, 0x0A, 0xFF, 0x28,
  0xFF, 0x50, 0x00, 0x00, 0x00, 0x00, 0x04, 0xFF, 0x6D, 0xFF, 0x00, 0x00, 0x00, 0x00, 0x00, 0x00,
  0xEF, 0xCF, 0xF9, 0x00, 0x00, 0x00, 0x00, 0x00, 0x00, 0x7F, 0xFF, 0xF3, 0x00, 0x00, 0x00, 0x00,
  0x00, 0x00, 0x1F, 0xFF, 0xD0, 0x00, 0x00, 0x00, 0x00, 0x00, 0x00, 0x0B, 0xFF, 0x70, 0x00, 0x00,
  0x00, 0x00, 0x00, 0x00, 0x0E, 0xFF, 0x20, 0x00, 0x00, 0x00, 0x00, 0x00, 0x00, 0x5F, 0xFB, 0x00,
  0x00, 0x00, 0x00, 0x00, 0x00, 0x00, 0xBF, 0xF5, 0x00, 0x00, 0x00, 0x00, 0x00, 0x00, 0x04, 0xFF,
  0xE0, 0x00, 0x00, 0x00, 0x00, 0x00, 0x00, 0x3E, 0xFF, 0x60, 0x00, 0x00, 0x00, 0x00, 0x69, 0x9B,
  0xFF, 0xFC, 0x00, 0x00, 0x00, 0x00, 0x00, 0xAF, 0xFF, 0xFF, 0xD1, 0x00, 0x00, 0x00, 0x00, 0x00,
  0x7E, 0xFF, 0xC7, 0x00, 0x00, 0x00, 0x00, 0x00, 0x00, 0x1F, 0xFF, 0xFF, 0xFF, 0xFF, 0xFF, 0xF6,
  0x1F, 0xFF, 0xFF, 0xFF, 0xFF, 0xFF, 0xF6, 0x08, 0x88, 0x88, 0x88, 0x88, 0xFF, 0xF4, 0x00, 0x00,
  0x00, 0x00, 0x08, 0xFF, 0xB0, 0x00, 0x00, 0x00, 0x00, 0x3F, 0xFE, 0x10, 0x00, 0x00, 0x00, 0x00,
  0xDF, 0xF5, 0x00, 0x00, 0x00, 0x00, 0x09, 0xFF, 0xA0, 0x00, 0x00, 0x00, 0x00, 0x4F, 0xFE, 0x00,
  0x00, 0x00, 0x00, 0x01, 0xEF, 0xF4, 0x00, 0x00, 0x00, 0x00, 0x0A, 0xFF, 0x80, 0x00, 0x00, 0x00,
  0x00, 0x5F, 0xFD, 0x00, 0x00, 0x00, 0x00, 0x01, 0xEF, 0xF3, 0x00, 0x00, 0x00, 0x00, 0x0A, 0xFF,
  0x70, 0x00, 0x00, 0x00, 0x00, 0x5F, 0xFC, 0x00, 0x00, 0x00, 0x00, 0x01, 0xFF, 0xF2, 0x00, 0x00,
  0x00, 0x00, 0x0B, 0xFF, 0x60, 0x00, 0x00, 0x00, 0x00, 0x6F, 0xFF, 0x88, 0x88, 0x88, 0x88, 0x85,
  0xAF, 0xFF, 0xFF, 0xFF, 0xFF, 0xFF, 0xFA, 0xAF, 0xFF, 0xFF, 0xFF, 0xFF, 0xFF, 0xFA, 0x00, 0x00,
  0x00, 0x00, 0x6B, 0xEC, 0x00, 0x00, 0x00, 0x3E, 0xFF, 0xFD, 0x00, 0x00, 0x01, 0xFF, 0xFF, 0xB7,
  0x00, 0x00, 0x08, 0xFF, 0xD1, 0x00, 0x00, 0x00, 0x0C, 0xFF, 0x40, 0x00, 0x00, 0x00, 0x0E, 0xFF,
  0x10, 0x00, 0x00, 0x00, 0x0E, 0xFF, 0x10, 0x00, 0x00, 0x00, 0x0E, 0xFF, 0x10, 0x00, 0x00, 0x00,
  0x0E, 0xFF, 0x10, 0x00, 0x00, 0x00, 0x0E, 0xFF, 0x10, 0x00, 0x00, 0x00, 0x0E, 0xFF, 0x00, 0x00,
  0x00, 0x00, 0x0F, 0xFF, 0x00, 0x00, 0x00, 0x00, 0x5F, 0xFC, 0x00, 0x00, 0x00, 0x28, 0xFF, 0xF4,
  0x00, 0x00, 0x0F, 0xFF, 0xFC, 0x30, 0x00, 0x00, 0x0F, 0xFF, 0xB4, 0x00, 0x00, 0x00, 0x09, 0xBF,
  0xFF, 0xB0, 0x00, 0x00, 0x00, 0x01, 0xBF, 0xF8, 0x00, 0x00, 0x00, 0x00, 0x2F, 0xFE, 0x00, 0x00,
  0x00, 0x00, 0x0E, 0xFF, 0x00, 0x00, 0x00, 0x00, 0x0E, 0xFF, 0x10, 0x00, 0x00, 0x00, 0x0E, 0xFF,
  0x10, 0x00, 0x00, 0x00, 0x0E, 0xFF, 0x10, 0x00, 0x00, 0x00, 0x0E, 0xFF, 0x10, 0x00, 0x00, 0x00,
  0x0E, 0xFF, 0x10, 0x00, 0x00, 0x00, 0x0D, 0xFF, 0x20, 0x00, 0x00, 0x00, 0x0B, 0xFF, 0x80, 0x00,
  0x00, 0x00, 0x06, 0xFF, 0xF8, 0x20, 0x00, 0x00, 0x00, 0xBF, 0xFF, 0xFD, 0x00, 0x00, 0x00, 0x08,
  0xFF, 0xFD, 0x00, 0x00, 0x00, 0x00, 0x04, 0x76, 0xEF, 0x9E, 0xF9, 0xEF, 0x9E, 0xF9, 0xEF, 0x9E,
  0xF9, 0xEF, 0x9E, 0xF9, 0xEF, 0x9E, 0xF9, 0xEF, 0x9E, 0xF9, 0xEF, 0x9E, 0xF9, 0xEF, 0x9E, 0xF9,
  0xEF, 0x9E, 0xF9, 0xEF, 0x9E, 0xF9, 0xEF, 0x9E, 0xF9, 0xEF, 0x9E, 0xF9, 0xEF, 0x9E, 0xF9, 0xEF,
  0x9E, 0xF9, 0xEF, 0x9E, 0xF9, 0xEF, 0x9E, 0xF9, 0xEF, 0x9E, 0xF9, 0xEE, 0xB6, 0x00, 0x00, 0x00,
  0x0E, 0xFF, 0xFE, 0x30, 0x00, 0x00, 0x8B, 0xFF, 0xFE, 0x10, 0x00, 0x00, 0x02, 0xEF, 0xF7, 0x00,
  0x00, 0x00, 0x06, 0xFF, 0xB0, 0x00, 0x00, 0x00, 0x3F, 0xFC, 0x00, 0x00, 0x00, 0x02, 0xFF, 0xD0,
  0x00, 0x00, 0x00, 0x2F, 0xFD, 0x00, 0x00, 0x00, 0x02, 0xFF, 0xD0, 0x00, 0x00, 0x00, 0x2F, 0xFD,
  0x00, 0x00, 0x00, 0x02, 0xFF, 0xD0, 0x00, 0x00, 0x00, 0x0F, 0xFE, 0x00, 0x00, 0x00, 0x00, 0xDF,
  0xF4, 0x00, 0x00, 0x00, 0x05, 0xFF, 0xE7, 0x20, 0x00, 0x00, 0x05, 0xDF, 0xFF, 0xF0, 0x00, 0x00,
  0x04, 0xCF, 0xFF, 0x00, 0x00, 0x1B, 0xFF, 0xFB, 0x90, 0x00, 0x09, 0xFF, 0xA0, 0x00, 0x00, 0x00,
  0xFF, 0xF0, 0x00, 0x00, 0x00, 0x1F, 0xFD, 0x00, 0x00, 0x00, 0x02, 0xFF, 0xD0, 0x00, 0x00, 0x00,
  0x2F, 0xFD, 0x00, 0x00, 0x00, 0x02, 0xFF, 0xD0, 0x00, 0x00, 0x00, 0x2F, 0xFD, 0x00, 0x00, 0x00,
  0x02, 0xFF, 0xC0, 0x00, 0x00, 0x00, 0x4F, 0xFC, 0x00, 0x00, 0x00, 0x09, 0xFF, 0x90, 0x00, 0x00,
  0x29, 0xFF, 0xF4, 0x00, 0x00, 0xEF, 0xFF, 0xF9, 0x00, 0x00, 0x0E, 0xFF, 0xE6, 0x00, 0x00, 0x00,
  0x76, 0x30, 0x00, 0x00, 0x00, 0x00, 0x00, 0x15, 0x77, 0x51, 0x00, 0x00, 0x00, 0x00, 0x20, 0x6F,
  0xFF, 0xFF, 0xFC, 0x50, 0x00, 0x00, 0x8B, 0x4F, 0xFF, 0xFF, 0xFF, 0xFF, 0xFB, 0x9A, 0xEF, 0xB4,
  0xFA, 0x30, 0x14, 0xAF, 0xFF, 0xFF, 0xFF, 0xF5, 0x45, 0x00, 0x00, 0x00, 0x16, 0xBE, 0xFE, 0xA3,
  0x00, 0x0A, 0xFB, 0x16, 0xFF, 0xF7, 0x8F, 0xFF, 0x96, 0xFF, 0xF8, 0x0B, 0xFC, 0x10, 0x00, 0x00,
  0x00, 0x00, 0x00, 0x00, 0x00, 0x07, 0xF8, 0x00, 0x8F, 0x90, 0x09, 0xFA, 0x00, 0xAF, 0xA0, 0x0A,
  0xFB, 0x00, 0xBF, 0xC0, 0x0C, 0xFD, 0x00, 0xDF, 0xD0, 0x0D, 0xFE, 0x00, 0xEF, 0xF0, 0x0F, 0xFF,
  0x00, 0xFF, 0xF0, 0x0F, 0xFF, 0x11, 0xFF, 0xF2, 0x2F, 0xFF, 0x33, 0xFF, 0xF3, 0x3F, 0xFF, 0x44,
  0xFF, 0xF5, 0x00, 0x00, 0x00, 0x5F, 0xF0, 0x00, 0x00, 0x00, 0x00, 0x00, 0x5F, 0xF0, 0x00, 0x00,
  0x00, 0x00, 0x01, 0x8F, 0xF8, 0x63, 0x00, 0x00, 0x03, 0xBF, 0xFF, 0xFF, 0xFF, 0xE4, 0x00, 0x5F,
  0xFF, 0xFF, 0xFF, 0xFF, 0xF2, 0x03, 0xFF, 0xFC, 0x51, 0x01, 0x5A, 0xC0, 0x0C, 0xFF, 0xB0, 0x00,
  0x00, 0x00, 0x00, 0x4F, 0xFF, 0x10, 0x00, 0x00, 0x00, 0x00, 0x8F, 0xFA, 0x00, 0x00, 0x00, 0x00,
  0x00, 0xBF, 0xF6, 0x00, 0x00, 0x00, 0x00, 0x00, 0xDF, 0xF3, 0x00, 0x00, 0x00, 0x00, 0x00, 0xEF,
  0xF2, 0x00, 0x00, 0x00, 0x00, 0x00, 0xEF, 0xF2, 0x00, 0x00, 0x00, 0x00, 0x00, 0xDF, 0xF3, 0x00,
  0x00, 0x00, 0x00, 0x00, 0xBF, 0xF5, 0x00, 0x00, 0x00, 0x00, 0x00, 0x9F, 0xF9, 0x00, 0x00, 0x00,
  0x00, 0x00, 0x4F, 0xFE, 0x00, 0x00, 0x00, 0x00, 0x00, 0x0D, 0xFF, 0xA0, 0x00, 0x00, 0x00, 0x00,
  0x04, 0xFF, 0xFC, 0x41, 0x00, 0x37, 0xC2, 0x00, 0x7F, 0xFF, 0xFF, 0xFF, 0xFF, 0xF3, 0x00, 0x04,
  0xCF, 0xFF, 0xFF, 0xFF, 0xD1, 0x00, 0x00, 0x02, 0x8F, 0xF8, 0x63, 0x00, 0x00, 0x00, 0x00, 0x5F,
  0xF0, 0x00, 0x00, 0x00, 0x00, 0x00, 0x5F, 0xF0, 0x00, 0x00, 0x00, 0x00, 0x00, 0x5F, 0xF0, 0x00,
  0x00, 0x00, 0x00, 0x00, 0x18, 0xCE, 0xFE, 0xD9, 0x50, 0x00, 0x00, 0x00, 0x06, 0xFF, 0xFF, 0xFF,
  0xFF, 0xFE, 0x20, 0x00, 0x00, 0x5F, 0xFF, 0xEA, 0x89, 0xDF, 0xFE, 0x00, 0x00, 0x00, 0xEF, 0xF9,
  0x00, 0x00, 0x02, 0x86, 0x00, 0x00, 0x04, 0xFF, 0xD0, 0x00, 0x00, 0x00, 0x00, 0x00, 0x00, 0x07,
  0xFF, 0x90, 0x00, 0x00, 0x00, 0x00, 0x00, 0x00, 0x08, 0xFF, 0x70, 0x00, 0x00, 0x00, 0x00, 0x00,
  0x00, 0x08, 0xFF, 0x70, 0x00, 0x00, 0x00, 0x00, 0x00, 0x00, 0x08, 0xFF, 0x70, 0x00, 0x00, 0x00,
  0x00, 0x00, 0x00, 0x08, 0xFF, 0x70, 0x00, 0x00, 0x00, 0x00, 0x00, 0x00, 0x08, 0xFF, 0x70, 0x00,
  0x00, 0x00, 0x00, 0x00, 0x68, 0x8C, 0xFF, 0xB8, 0x88, 0x88, 0x83, 0x00, 0x00, 0xDF, 0xFF, 0xFF,
  0xFF, 0xFF, 0xFF, 0xF6, 0x00, 0x00, 0xDF, 0xFF, 0xFF, 0xFF, 0xFF, 0xFF, 0xF6, 0x00, 0x00, 0x00,
  0x08, 0xFF, 0x70, 0x00, 0x00, 0x00, 0x00, 0x00, 0x00, 0x08, 0xFF, 0x70, 0x00, 0x00, 0x00, 0x00,
  0x00, 0x00, 0x08, 0xFF, 0x70, 0x00, 0x00, 0x00, 0x00, 0x00, 0x00, 0x08, 0xFF, 0x70, 0x00, 0x00,
  0x00, 0x00, 0x00, 0x00, 0x09, 0xFF, 0x60, 0x00, 0x00, 0x00, 0x00, 0x00, 0x00, 0x0B, 0xFF, 0x40,
  0x00, 0x00, 0x00, 0x00, 0x00, 0x00, 0x2F, 0xFE, 0x00, 0x00, 0x00, 0x00, 0x00, 0x00, 0x01, 0xCF,
  0xF3, 0x00, 0x00, 0x00, 0x00, 0x00, 0x00, 0x7E, 0xFF, 0xB8, 0x88, 0x88, 0x88, 0x88, 0x88, 0x81,
  0xEF, 0xFF, 0xFF, 0xFF, 0xFF, 0xFF, 0xFF, 0xFF, 0xF3, 0xEF, 0xFF, 0xFF, 0xFF, 0xFF, 0xFF, 0xFF,
  0xFF, 0xF3, 0x0B, 0x30, 0x00, 0x00, 0x00, 0x00, 0x0A, 0x30, 0xBF, 0xE2, 0x18, 0xDF, 0xEB, 0x40,
  0xAF, 0xF2, 0x5F, 0xFE, 0xEF, 0xFF, 0xFF, 0xFD, 0xFF, 0xB0, 0x07, 0xFF, 0xFF, 0xB9, 0xAE, 0xFF,
  0xFC, 0x00, 0x00, 0xEF, 0xD3, 0x00, 0x00, 0x9F, 0xF5, 0x00, 0x05, 0xFF, 0x20, 0x00, 0x00, 0x0A,
  0xFC, 0x00, 0x0B, 0xF9, 0x00, 0x00, 0x00, 0x02, 0xFF, 0x20, 0x0E, 0xF6, 0x00, 0x00, 0x00, 0x00,
  0xEF, 0x50, 0x0E, 0xF6, 0x00, 0x00, 0x00, 0x00, 0xEF, 0x50, 0x0C, 0xF9, 0x00, 0x00, 0x00, 0x02,
  0xFF, 0x30, 0x06, 0xFF, 0x20, 0x00, 0x00, 0x0A, 0xFE, 0x00, 0x00, 0xEF, 0xD2, 0x00, 0x00, 0x8F,
  0xF7, 0x00, 0x05, 0xFF, 0xFF, 0xB9, 0xAE, 0xFF, 0xFB, 0x00, 0x4F, 0xFE, 0xFF, 0xFF, 0xFF, 0xFE,
  0xFF, 0x90, 0xAF, 0xE3, 0x19, 0xDF, 0xEB, 0x40, 0xBF, 0xF2, 0x0B, 0x30, 0x00, 0x00, 0x00, 0x00,
  0x0B, 0x40, 0x4F, 0xFD, 0x00, 0x00, 0x00, 0x00, 0x00, 0x07, 0xFF, 0xA0, 0xCF, 0xF6, 0x00, 0x00,
  0x00, 0x00, 0x00, 0xEF, 0xF2, 0x03, 0xFF, 0xE0, 0x00, 0x00, 0x00, 0x00, 0x8F, 0xF9, 0x00, 0x0B,
  0xFF, 0x60, 0x00, 0x00, 0x00, 0x1F, 0xFF, 0x10, 0x00, 0x3F, 0xFE, 0x00, 0x00, 0x00, 0x08, 0xFF,
  0x80, 0x00, 0x00, 0xAF, 0xF7, 0x00, 0x00, 0x01, 0xFF, 0xF1, 0x00, 0x00, 0x02, 0xFF, 0xE0, 0x00,
  0x00, 0x8F, 0xF7, 0x00, 0x00, 0x00, 0x0A, 0xFF, 0x70, 0x00, 0x1F, 0xFE, 0x00, 0x00, 0x00, 0x00,
  0x2F, 0xFE, 0x00, 0x09, 0xFF, 0x60, 0x00, 0x00, 0x00, 0x00, 0x9F, 0xF7, 0x01, 0xFF, 0xE0, 0x00,
  0x00, 0x00, 0x00, 0x01, 0xFF, 0xE0, 0x9F, 0xF6, 0x00, 0x00, 0x00, 0x00, 0x00, 0x08, 0xFF, 0x9F,
  0xFD, 0x00, 0x00, 0x00, 0x00, 0x00, 0x00, 0x1F, 0xFF, 0xFF, 0x50, 0x00, 0x00, 0x00, 0x00, 0xEF,
  0xFF, 0xFF, 0xFF, 0xFF, 0xFF, 0xF4, 0x00, 0x00, 0x0E, 0xFF, 0xFF, 0xFF, 0xFF, 0xFF, 0xFF, 0x40,
  0x00, 0x00, 0x78, 0x88, 0x8E, 0xFF, 0x98, 0x88, 0x82, 0x00, 0x00, 0x00, 0x00, 0x00, 0xCF, 0xF2,
  0x00, 0x00, 0x00, 0x00, 0x00, 0x00, 0x00, 0x0C, 0xFF, 0x20, 0x00, 0x00, 0x00, 0x00, 0x0E, 0xFF,
  0xFF, 0xFF, 0xFF, 0xFF, 0xFF, 0x40, 0x00, 0x00, 0xEF, 0xFF, 0xFF, 0xFF, 0xFF, 0xFF, 0xF4, 0x00,
  0x00, 0x07, 0x88, 0x88, 0xEF, 0xF9, 0x88, 0x88, 0x20, 0x00, 0x00, 0x00, 0x00, 0x0C, 0xFF, 0x20,
  0x00, 0x00, 0x00, 0x00, 0x00, 0x00, 0x00, 0xCF, 0xF2, 0x00, 0x00, 0x00, 0x00, 0x00, 0x00, 0x00,
  0x0C, 0xFF, 0x20, 0x00, 0x00, 0x00, 0x00, 0x00, 0x00, 0x00, 0xCF, 0xF2, 0x00, 0x00, 0x00, 0x00,
  0xEF, 0x9E, 0xF9, 0xEF, 0x9E, 0xF9, 0xEF, 0x9E, 0xF9, 0xEF, 0x9E, 0xF9, 0xEF, 0x9E, 0xF9, 0xEF,
  0x9E, 0xF9, 0xEF, 0x90, 0x00, 0x00, 0x00, 0x00, 0x00, 0x00, 0x00, 0x00, 0x00, 0x00, 0x00, 0x0E,
  0xF9, 0xEF, 0x9E, 0xF9, 0xEF, 0x9E, 0xF9, 0xEF, 0x9E, 0xF9, 0xEF, 0x9E, 0xF9, 0xEF, 0x9E, 0xF9,
  0xEF, 0x9E, 0xF9, 0x00, 0x07, 0xBE, 0xFF, 0xEC, 0x93, 0x00, 0x03, 0xEF, 0xFF, 0xFF, 0xFF, 0xFF,
  0xB0, 0x1F, 0xFF, 0xD9, 0x89, 0xAE, 0xFF, 0x70, 0x7F, 0xF9, 0x00, 0x00, 0x00, 0x4A, 0x10, 0x9F,
  0xF3, 0x00, 0x00, 0x00, 0x00, 0x00, 0x8F, 0xF8, 0x00, 0x00, 0x00, 0x00, 0x00, 0x3F, 0xFF, 0x81,
  0x00, 0x00, 0x00, 0x00, 0x08, 0xFF, 0xFF, 0x92, 0x00, 0x00, 0x00, 0x00, 0x7F, 0xFF, 0xFF, 0xC5,
  0x00, 0x00, 0x03, 0xEF, 0xFE, 0xFF, 0xFF, 0xC2, 0x00, 0x1E, 0xFD, 0x20, 0x39, 0xFF, 0xFE, 0x20,
  0x7F, 0xF2, 0x00, 0x00, 0x1B, 0xFF, 0xC0, 0xAF, 0xE0, 0x00, 0x00, 0x00, 0xCF, 0xF1, 0xAF, 0xF0,
  0x00, 0x00, 0x00, 0x7F, 0xF2, 0x8F, 0xF8, 0x00, 0x00, 0x00, 0x7F, 0xF1, 0x1F, 0xFF, 0xB2, 0x00,
  0x00, 0xDF, 0xC0, 0x04, 0xEF, 0xFF, 0xB4, 0x1C, 0xFF, 0x40, 0x00, 0x19, 0xFF, 0xFF, 0xFF, 0xF5,
  0x00, 0x00, 0x00, 0x18, 0xEF, 0xFF, 0xF5, 0x00, 0x00, 0x00, 0x00, 0x04, 0xCF, 0xFF, 0x50, 0x00,
  0x00, 0x00, 0x00, 0x07, 0xFF, 0xE0, 0x00, 0x00, 0x00, 0x00, 0x00, 0xCF, 0xF1, 0x00, 0x00, 0x00,
  0x00, 0x00, 0xCF, 0xF1, 0xB5, 0x00, 0x00, 0x00, 0x07, 0xFF, 0xD0, 0xFF, 0xFC, 0xA8, 0x8A, 0xDF,
  0xFF, 0x50, 0xFF, 0xFF, 0xFF, 0xFF, 0xFF, 0xF6, 0x00, 0x06, 0xAD, 0xFF, 0xFE, 0xB7, 0x10, 0x00,
  0x8F, 0xC0, 0x00, 0x3E, 0xE3, 0xEF, 0xF3, 0x00, 0x8F, 0xF9, 0x7F, 0xB0, 0x00, 0x3E, 0xE3, 0x00,
  0x00, 0x00, 0x00, 0x04, 0x9B, 0xCC, 0xB9, 0x50, 0x00, 0x00, 0x00, 0x00, 0x00, 0x00, 0x00, 0x18,
  0xFF, 0xFF, 0xFF, 0xFF, 0xFF, 0x91, 0x00, 0x00, 0x00, 0x00, 0x00, 0x04, 0xEF, 0xF9, 0x52, 0x00,
  0x24, 0x9E, 0xFF, 0x60, 0x00, 0x00, 0x00, 0x00, 0x7F, 0xF9, 0x10, 0x00, 0x00, 0x00, 0x00, 0x8F,
  0xF9, 0x00, 0x00, 0x00, 0x05, 0xFF, 0x40, 0x00, 0x00, 0x00, 0x00, 0x00, 0x03, 0xEF, 0x80, 0x00,
  0x00, 0x2F, 0xF4, 0x00, 0x00, 0x02, 0x57, 0x75, 0x10, 0x00, 0x2F, 0xF5, 0x00, 0x00, 0xBF, 0x70,
  0x00, 0x02, 0xBF, 0xFF, 0xFF, 0xF9, 0x00, 0x05, 0xFE, 0x00, 0x03, 0xFD, 0x00, 0x00, 0x2E, 0xFF,
  0xFF, 0xFF, 0xF9, 0x00, 0x00, 0xBF, 0x70, 0x09, 0xF6, 0x00, 0x00, 0xDF, 0xFB, 0x30, 0x15, 0xC2,
  0x00, 0x00, 0x3F, 0xD0, 0x0D, 0xF1, 0x00, 0x05, 0xFF, 0xA0, 0x00, 0x00, 0x00, 0x00, 0x00, 0x0E,
  0xF1, 0x1F, 0xD0, 0x00, 0x0A, 0xFF, 0x10, 0x00, 0x00, 0x00, 0x00, 0x00, 0x09, 0xF6, 0x3F, 0xA0,
  0x00, 0x0E, 0xFC, 0x00, 0x00, 0x00, 0x00, 0x00, 0x00, 0x07, 0xF7, 0x4F, 0x90, 0x00, 0x0F, 0xFA,
  0x00, 0x00, 0x00, 0x00, 0x00, 0x00, 0x05, 0xF9, 0x4F, 0x90, 0x00, 0x0F, 0xF9, 0x00, 0x00, 0x00,
  0x00, 0x00, 0x00, 0x05, 0xF9, 0x3F, 0xA0, 0x00, 0x0F, 0xFB, 0x00, 0x00, 0x00, 0x00, 0x00, 0x00,
  0x07, 0xF8, 0x1F, 0xD0, 0x00, 0x0D, 0xFE, 0x00, 0x00, 0x00, 0x00, 0x00, 0x00, 0x09, 0xF6, 0x0E,
  0xF1, 0x00, 0x09, 0xFF, 0x30, 0x00, 0x00, 0x00, 0x00, 0x00, 0x0D, 0xF3, 0x0A, 0xF6, 0x00, 0x03,
  0xFF, 0xD2, 0x00, 0x00, 0x01, 0x00, 0x00, 0x2F, 0xE0, 0x04, 0xFE, 0x00, 0x00, 0x9F, 0xFF, 0xB8,
  0x9B, 0xF5, 0x00, 0x00, 0xAF, 0x90, 0x00, 0xCF, 0x70, 0x00, 0x0B, 0xFF, 0xFF, 0xFF, 0xF5, 0x00,
  0x03, 0xFF, 0x10, 0x00, 0x4F, 0xF4, 0x00, 0x00, 0x5B, 0xEF, 0xFC, 0x60, 0x00, 0x1E, 0xF8, 0x00,
  0x00, 0x07, 0xFF, 0x40, 0x00, 0x00, 0x00, 0x00, 0x00, 0x02, 0xDF, 0xC0, 0x00, 0x00, 0x00, 0x9F,
  0xF8, 0x00, 0x00, 0x00, 0x00, 0x00, 0x5E, 0xFD, 0x10, 0x00, 0x00, 0x00, 0x07, 0xFF, 0xE8, 0x30,
  0x00, 0x02, 0x6C, 0xFF, 0xB0, 0x00, 0x00, 0x00, 0x00, 0x00, 0x2B, 0xFF, 0xFF, 0xEE, 0xFF, 0xFF,
  0xD5, 0x00, 0x00, 0x00, 0x00, 0x00, 0x00, 0x00, 0x27, 0xBD, 0xFF, 0xEC, 0x83, 0x00, 0x00, 0x00,
  0x00, 0x05, 0xAD, 0xFF, 0xD9, 0x10, 0x0E, 0xFB, 0x89, 0xEF, 0xD0, 0x03, 0x10, 0x00, 0x1E, 0xF4,
  0x00, 0x00, 0x00, 0x0A, 0xF7, 0x00, 0x25, 0x77, 0x8D, 0xF7, 0x1B, 0xFF, 0xFF, 0xFF, 0xF7, 0x9F,
  0xE4, 0x10, 0x0A, 0xF7, 0xDF, 0x50, 0x00, 0x0C, 0xF7, 0xCF, 0x60, 0x00, 0x4F, 0xF7, 0x7F, 0xF9,
  0x8B, 0xFD, 0xF7, 0x07, 0xDF, 0xEB, 0x44, 0xF7, 0x00, 0x00, 0x05, 0xC3, 0x00, 0x00, 0x8A, 0x10,
  0x00, 0x03, 0xFF, 0xE0, 0x00, 0x6F, 0xFB, 0x00, 0x01, 0xEF, 0xF3, 0x00, 0x4F, 0xFD, 0x10, 0x00,
  0xDF, 0xF5, 0x00, 0x2F, 0xFF, 0x20, 0x00, 0xBF, 0xF8, 0x00, 0x1D, 0xFF, 0x40, 0x00, 0x8F, 0xFB,
  0x00, 0x0C, 0xFF, 0x70, 0x00, 0x5F, 0xFD, 0x00, 0x0A, 0xFF, 0xA0, 0x00, 0x06, 0xFF, 0xC0, 0x00,
  0xAF, 0xF9, 0x00, 0x00, 0x09, 0xFF, 0xA0, 0x00, 0xDF, 0xF6, 0x00, 0x00, 0x0B, 0xFF, 0x70, 0x01,
  0xEF, 0xF4, 0x00, 0x00, 0x1D, 0xFF, 0x40, 0x03, 0xFF, 0xE2, 0x00, 0x00, 0x2E, 0xFF, 0x20, 0x05,
  0xFF, 0xD0, 0x00, 0x00, 0x4F, 0xFD, 0x00, 0x07, 0xFF, 0xA0, 0x00, 0x00, 0x6D, 0x40, 0x00, 0x0A,
  0xB2, 0x00, 0x00, 0x00, 0x00, 0x00, 0x00, 0x00, 0x00, 0x28, 0x88, 0x88, 0x88, 0x88, 0x88, 0x88,
  0x88, 0x54, 0xFF, 0xFF, 0xFF, 0xFF, 0xFF, 0xFF, 0xFF, 0xFB, 0x4F, 0xFF, 0xFF, 0xFF, 0xFF, 0xFF,
  0xFF, 0xFF, 0xB0, 0x00, 0x00, 0x00, 0x00, 0x00, 0x00, 0x0B, 0xFB, 0x00, 0x00, 0x00, 0x00, 0x00,
  0x00, 0x00, 0xBF, 0xB0, 0x00, 0x00, 0x00, 0x00, 0x00, 0x00, 0x0B, 0xFB, 0x00, 0x00, 0x00, 0x00,
  0x00, 0x00, 0x00, 0xBF, 0xB0, 0x00, 0x00, 0x00, 0x00, 0x00, 0x00, 0x0B, 0xFB, 0x00, 0x00, 0x00,
  0x00, 0x00, 0x00, 0x00, 0xBF, 0xB0, 0x00, 0x00, 0x00, 0x00, 0x00, 0x00, 0x05, 0x75, 0x58, 0x88,
  0x88, 0x88, 0x5A, 0xFF, 0xFF, 0xFF, 0xF9, 0xAF, 0xFF, 0xFF, 0xFF, 0x90, 0x00, 0x00, 0x00, 0x00,
  0x04, 0x9B, 0xCC, 0xB9, 0x50, 0x00, 0x00, 0x00, 0x00, 0x00, 0x00, 0x00, 0x18, 0xFF, 0xFF, 0xFF,
  0xFF, 0xFF, 0x91, 0x00, 0x00, 0x00, 0x00, 0x00, 0x04, 0xEF, 0xF9, 0x52, 0x00, 0x24, 0x9E, 0xFF,
  0x60, 0x00, 0x00, 0x00, 0x00, 0x7F, 0xF9, 0x10, 0x00, 0x00, 0x00, 0x00, 0x8F, 0xF9, 0x00, 0x00,
  0x00, 0x05, 0xFF, 0x40, 0x00, 0x00, 0x00, 0x00, 0x00, 0x03, 0xEF, 0x80, 0x00, 0x00, 0x2F, 0xF4,
  0x00, 0x48, 0x88, 0x87, 0x62, 0x00, 0x00, 0x2F, 0xF5, 0x00, 0x00, 0xBF, 0x70, 0x00, 0x8F, 0xFF,
  0xFF, 0xFF, 0xA0, 0x00, 0x05, 0xFE, 0x00, 0x03, 0xFD, 0x00, 0x00, 0x8F, 0xFF, 0xFF, 0xFF, 0xF9,
  0x00, 0x00, 0xBF, 0x70, 0x09, 0xF6, 0x00, 0x00, 0x8F, 0xF1, 0x01, 0x5F, 0xFF, 0x00, 0x00, 0x3F,
  0xD0, 0x0D, 0xF1, 0x00, 0x00, 0x8F, 0xF1, 0x00, 0x08, 0xFF, 0x20, 0x00, 0x0E, 0xF1, 0x1F, 0xD0,
  0x00, 0x00, 0x8F, 0xF1, 0x00, 0x07, 0xFF, 0x20, 0x00, 0x09, 0xF6, 0x3F, 0xA0, 0x00, 0x00, 0x8F,
  0xF1, 0x00, 0x1D, 0xFF, 0x00, 0x00, 0x07, 0xF7, 0x4F, 0x90, 0x00, 0x00, 0x8F, 0xF8, 0x8A, 0xEF,
  0xF8, 0x00, 0x00, 0x05, 0xF9, 0x4F, 0x90, 0x00, 0x00, 0x8F, 0xFF, 0xFF, 0xFF, 0x90, 0x00, 0x00,
  0x05, 0xF9, 0x3F, 0xA0, 0x00, 0x00, 0x8F, 0xFF, 0xFF, 0xFC, 0x00, 0x00, 0x00, 0x07, 0xF8, 0x1F,
  0xD0, 0x00, 0x00, 0x8F, 0xF1, 0x08, 0xFF, 0x50, 0x00, 0x00, 0x09, 0xF6, 0x0E, 0xF1, 0x00, 0x00,
  0x8F, 0xF1, 0x00, 0xEF, 0xE0, 0x00, 0x00, 0x0D, 0xF3, 0x0A, 0xF6, 0x00, 0x00, 0x8F, 0xF1, 0x00,
  0x6F, 0xF8, 0x00, 0x00, 0x2F, 0xE0, 0x04, 0xFE, 0x00, 0x00, 0x8F, 0xF1, 0x00, 0x0C, 0xFF, 0x20,
  0x00, 0xAF, 0x90, 0x00, 0xCF, 0x70, 0x00, 0x8F, 0xF1, 0x00, 0x03, 0xFF, 0xA0, 0x03, 0xFF, 0x10,
  0x00, 0x4F, 0xF4, 0x00, 0x7E, 0xE0, 0x00, 0x00, 0x9E, 0xE3, 0x1E, 0xF8, 0x00, 0x00, 0x07, 0xFF,
  0x40, 0x00, 0x00, 0x00, 0x00, 0x00, 0x02, 0xDF, 0xC0, 0x00, 0x00, 0x00, 0x9F, 0xF8, 0x00, 0x00,
  0x00, 0x00, 0x00, 0x5E, 0xFD, 0x10, 0x00, 0x00, 0x00, 0x07, 0xFF, 0xE8, 0x30, 0x00, 0x02, 0x6C,
  0xFF, 0xB0, 0x00, 0x00, 0x00, 0x00, 0x00, 0x2B, 0xFF, 0xFF, 0xEE, 0xFF, 0xFF, 0xD5, 0x00, 0x00,
  0x00, 0x00, 0x00, 0x00, 0x00, 0x27, 0xBD, 0xFF, 0xEC, 0x83, 0x00, 0x00, 0x00, 0x00, 0x08, 0x88,
  0x88, 0x88, 0x88, 0x88, 0x88, 0x88, 0x88, 0x01, 0xFF, 0xFF, 0xFF, 0xFF, 0xFF, 0xFF, 0xFF, 0xFF,
  0xF1, 0x1F, 0xFF, 0xFF, 0xFF, 0xFF, 0xFF, 0xFF, 0xFF, 0xFF, 0x10, 0x00, 0x05, 0xBE, 0xFD, 0x91,
  0x00, 0x00, 0x9F, 0xFF, 0xFF, 0xFE, 0x20, 0x05, 0xFF, 0xEA, 0x9B, 0xFF, 0xD0, 0x0C, 0xFC, 0x00,
  0x00, 0x4F, 0xF5, 0x0F, 0xF4, 0x00, 0x00, 0x0B, 0xF9, 0x1F, 0xF1, 0x00, 0x00, 0x09, 0xFA, 0x0F,
  0xF4, 0x00, 0x00, 0x0B, 0xF9, 0x0C, 0xFC, 0x00, 0x00, 0x4F, 0xF5, 0x05, 0xFF, 0xEA, 0x9B, 0xFF,
  0xE0, 0x00, 0x9F, 0xFF, 0xFF, 0xFE, 0x30, 0x00, 0x05, 0xBF, 0xFD, 0x91, 0x00, 0x00, 0x00, 0x00,
  0x08, 0xFE, 0x00, 0x00, 0x00, 0x00, 0x00, 0x00, 0x00, 0x8F, 0xE0, 0x00, 0x00, 0x00, 0x00, 0x00,
  0x00, 0x08, 0xFE, 0x00, 0x00, 0x00, 0x00, 0x00, 0x00, 0x00, 0x8F, 0xE0, 0x00, 0x00, 0x00, 0x00,
  0x00, 0x00, 0x08, 0xFE, 0x00, 0x00, 0x00, 0x00, 0x00, 0x00, 0x00, 0x8F, 0xE0, 0x00, 0x00, 0x00,
  0x00, 0x00, 0x00, 0x08, 0xFE, 0x00, 0x00, 0x00, 0x02, 0x88, 0x88, 0x88, 0xCF, 0xF8, 0x88, 0x88,
  0x85, 0x4F, 0xFF, 0xFF, 0xFF, 0xFF, 0xFF, 0xFF, 0xFF, 0xB4, 0xFF, 0xFF, 0xFF, 0xFF, 0xFF, 0xFF,
  0xFF, 0xFB, 0x00, 0x00, 0x00, 0x08, 0xFE, 0x00, 0x00, 0x00, 0x00, 0x00, 0x00, 0x00, 0x8F, 0xE0,
  0x00, 0x00, 0x00, 0x00, 0x00, 0x00, 0x08, 0xFE, 0x00, 0x00, 0x00, 0x00, 0x00, 0x00, 0x00, 0x8F,
  0xE0, 0x00, 0x00, 0x00, 0x00, 0x00, 0x00, 0x08, 0xFE, 0x00, 0x00, 0x00, 0x00, 0x00, 0x00, 0x00,
  0x8F, 0xE0, 0x00, 0x00, 0x00, 0x00, 0x00, 0x00, 0x08, 0xFE, 0x00, 0x00, 0x00, 0x00, 0x00, 0x00,
  0x00, 0x00, 0x00, 0x00, 0x00, 0x00, 0x28, 0x88, 0x88, 0x88, 0x88, 0x88, 0x88, 0x88, 0x64, 0xFF,
  0xFF, 0xFF, 0xFF, 0xFF, 0xFF, 0xFF, 0xFB, 0x4F, 0xFF, 0xFF, 0xFF, 0xFF, 0xFF, 0xFF, 0xFF, 0xB0,
  0x00, 0x19, 0xDF, 0xFC, 0x50, 0x00, 0x6F, 0xFF, 0xFF, 0xFF, 0x80, 0x0A, 0xFB, 0x42, 0x3C, 0xFF,
  0x20, 0x05, 0x00, 0x00, 0x2F, 0xF6, 0x00, 0x00, 0x00, 0x00, 0xFF, 0x50, 0x00, 0x00, 0x00, 0x2F,
  0xF3, 0x00, 0x00, 0x00, 0x0A, 0xFB, 0x00, 0x00, 0x00, 0x07, 0xFE, 0x20, 0x00, 0x00, 0x06, 0xFF,
  0x40, 0x00, 0x00, 0x07, 0xFF, 0x40, 0x00, 0x00, 0x07, 0xFF, 0x40, 0x00, 0x00, 0x07, 0xFF, 0x40,
  0x00, 0x00, 0x08, 0xFF, 0x51, 0x11, 0x11, 0x02, 0xFF, 0xFF, 0xFF, 0xFF, 0xF6, 0x3F, 0xFF, 0xFF,
  0xFF, 0xFF, 0x60, 0x00, 0x00, 0x01, 0x00, 0x00, 0x00, 0x06, 0xCF, 0xFF, 0xE8, 0x00, 0x1D, 0xFF,
  0xFF, 0xFF, 0xFC, 0x00, 0xBD, 0x62, 0x02, 0xAF, 0xF4, 0x00, 0x00, 0x00, 0x00, 0xFF, 0x60, 0x00,
  0x00, 0x00, 0x2F, 0xF4, 0x00, 0x00, 0x01, 0x4D, 0xFD, 0x00, 0x03, 0xFF, 0xFF, 0xFA, 0x10, 0x00,
  0x3F, 0xFF, 0xFF, 0xC5, 0x00, 0x00, 0x11, 0x25, 0xBF, 0xF5, 0x00, 0x00, 0x00, 0x00, 0xCF, 0xC0,
  0x00, 0x00, 0x00, 0x09, 0xFE, 0x00, 0x00, 0x00, 0x00, 0xDF, 0xC6, 0xD8, 0x42, 0x24, 0xBF, 0xF6,
  0x6F, 0xFF, 0xFF, 0xFF, 0xFA, 0x00, 0x6B, 0xDF, 0xFE, 0xB5, 0x00, 0x00, 0x04, 0x88, 0x81, 0x00,
  0x0E, 0xFF, 0xB0, 0x00, 0x8F, 0xFD, 0x10, 0x03, 0xFF, 0xD1, 0x00, 0x0D, 0xFE, 0x20, 0x00, 0x8F,
  0xD1, 0x00, 0x00, 0x1F, 0xFE, 0x00, 0x00, 0x00, 0x00, 0x0B, 0xFF, 0x41, 0xFF, 0xE0, 0x00, 0x00,
  0x00, 0x00, 0xBF, 0xF4, 0x1F, 0xFE, 0x00, 0x00, 0x00, 0x00, 0x0B, 0xFF, 0x41, 0xFF, 0xE0, 0x00,
  0x00, 0x00, 0x00, 0xBF, 0xF4, 0x1F, 0xFE, 0x00, 0x00, 0x00, 0x00, 0x0B, 0xFF, 0x41, 0xFF, 0xE0,
  0x00, 0x00, 0x00, 0x00, 0xBF, 0xF4, 0x1F, 0xFE, 0x00, 0x00, 0x00, 0x00, 0x0B, 0xFF, 0x41, 0xFF,
  0xE0, 0x00, 0x00, 0x00, 0x00, 0xBF, 0xF4, 0x1F, 0xFE, 0x00, 0x00, 0x00, 0x00, 0x0B, 0xFF, 0x41,
  0xFF, 0xE0, 0x00, 0x00, 0x00, 0x00, 0xBF, 0xF4, 0x1F, 0xFE, 0x00, 0x00, 0x00, 0x00, 0x0B, 0xFF,
  0x41, 0xFF, 0xE0, 0x00, 0x00, 0x00, 0x00, 0xDF, 0xF4, 0x1F, 0xFE, 0x00, 0x00, 0x00, 0x00, 0x0F,
  0xFF, 0x41, 0xFF, 0xF0, 0x00, 0x00, 0x00, 0x04, 0xFF, 0xF4, 0x1F, 0xFF, 0x50, 0x00, 0x00, 0x00,
  0xBF, 0xFF, 0x41, 0xFF, 0xFE, 0x30, 0x00, 0x00, 0x9F, 0xFF, 0xF4, 0x1F, 0xFF, 0xFF, 0xB9, 0x9B,
  0xFF, 0xEA, 0xFF, 0x41, 0xFF, 0xEF, 0xFF, 0xFF, 0xFF, 0xD2, 0x6F, 0xF4, 0x1F, 0xFC, 0x29, 0xEF,
  0xEC, 0x70, 0x03, 0xFF, 0x41, 0xFF, 0xD0, 0x00, 0x00, 0x00, 0x00, 0x00, 0x00, 0x1F, 0xFD, 0x00,
  0x00, 0x00, 0x00, 0x00, 0x00, 0x01, 0xFF, 0xD0, 0x00, 0x00, 0x00, 0x00, 0x00, 0x00, 0x1F, 0xFE,
  0x00, 0x00, 0x00, 0x00, 0x00, 0x00, 0x01, 0xFF, 0xE0, 0x00, 0x00, 0x00, 0x00, 0x00, 0x00, 0x1F,
  0xFE, 0x00, 0x00, 0x00, 0x00, 0x00, 0x00, 0x01, 0xFF, 0xE0, 0x00, 0x00, 0x00, 0x00, 0x00, 0x00,
  0x1F, 0xFE, 0x00, 0x00, 0x00, 0x00, 0x00, 0x00, 0x00, 0x00, 0x00, 0x28, 0xCE, 0xFF, 0xFF, 0xFF,
  0xFF, 0xFA, 0x00, 0x08, 0xFF, 0xFF, 0xFF, 0xFF, 0xFF, 0xFF, 0xFA, 0x00, 0x8F, 0xFF, 0xFF, 0xFF,
  0xFF, 0xA8, 0x8A, 0xFA, 0x02, 0xFF, 0xFF, 0xFF, 0xFF, 0xFF, 0x30, 0x05, 0xFA, 0x08, 0xFF, 0xFF,
  0xFF, 0xFF, 0xFF, 0x30, 0x05, 0xFA, 0x0C, 0xFF, 0xFF, 0xFF, 0xFF, 0xFF, 0x30, 0x05, 0xFA, 0x0F,
  0xFF, 0xFF, 0xFF, 0xFF, 0xFF, 0x30, 0x05, 0xFA, 0x1F, 0xFF, 0xFF, 0xFF, 0xFF, 0xFF, 0x30, 0x05,
  0xFA, 0x1F, 0xFF, 0xFF, 0xFF, 0xFF, 0xFF, 0x30, 0x05, 0xFA, 0x1F, 0xFF, 0xFF, 0xFF, 0xFF, 0xFF,
  0x30, 0x05, 0xFA, 0x1F, 0xFF, 0xFF, 0xFF, 0xFF, 0xFF, 0x30, 0x05, 0xFA, 0x0F, 0xFF, 0xFF, 0xFF,
  0xFF, 0xFF, 0x30, 0x05, 0xFA, 0x0C, 0xFF, 0xFF, 0xFF, 0xFF, 0xFF, 0x30, 0x05, 0xFA, 0x08, 0xFF,
  0xFF, 0xFF, 0xFF, 0xFF, 0x30, 0x05, 0xFA, 0x02, 0xFF, 0xFF, 0xFF, 0xFF, 0xFF, 0x30, 0x05, 0xFA,
  0x00, 0x9F, 0xFF, 0xFF, 0xFF, 0xFF, 0x30, 0x05, 0xFA, 0x00, 0x0A, 0xFF, 0xFF, 0xFF, 0xFF, 0x30,
  0x05, 0xFA, 0x00, 0x00, 0x39, 0xCE, 0xEC, 0xEF, 0x30, 0x05, 0xFA, 0x00, 0x00, 0x00, 0x00, 0x00,
  0xCF, 0x30, 0x05, 0xFA, 0x00, 0x00, 0x00, 0x00, 0x00, 0xCF, 0x30, 0x05, 0xFA, 0x00, 0x00, 0x00,
  0x00, 0x00, 0xCF, 0x30, 0x05, 0xFA, 0x00, 0x00, 0x00, 0x00, 0x00, 0xCF, 0x30, 0x05, 0xFA, 0x00,
  0x00, 0x00, 0x00, 0x00, 0xCF, 0x30, 0x05, 0xFA, 0x00, 0x00, 0x00, 0x00, 0x00, 0xCF, 0x30, 0x05,
  0xFA, 0x00, 0x00, 0x00, 0x00, 0x00, 0xCF, 0x30, 0x05, 0xFA, 0x00, 0x00, 0x00, 0x00, 0x00, 0xCF,
  0x30, 0x05, 0xFA, 0x00, 0x00, 0x00, 0x00, 0x00, 0xCF, 0x30, 0x05, 0xFA, 0x00, 0x00, 0x00, 0x00,
  0x00, 0xCF, 0x30, 0x05, 0xFA, 0x00, 0x00, 0x00, 0x00, 0x00, 0xCF, 0x30, 0x05, 0xFA, 0x00, 0x00,
  0x00, 0x00, 0x00, 0xCF, 0x30, 0x05, 0xFA, 0x00, 0x00, 0x00, 0x00, 0x00, 0xCF, 0x30, 0x05, 0xFA,
  0x00, 0x00, 0x00, 0x00, 0x00, 0x68, 0x10, 0x02, 0x85, 0x0B, 0xFB, 0x16, 0xFF, 0xF7, 0x8F, 0xFF,
  0x96, 0xFF, 0xF7, 0x0A, 0xFB, 0x00, 0x00, 0x07, 0x70, 0x00, 0x00, 0x5F, 0xA0, 0x00, 0x00, 0xCF,
  0xA2, 0x00, 0x01, 0xCF, 0xFF, 0x50, 0x00, 0x01, 0xBF, 0xF0, 0x00, 0x00, 0x4F, 0xF2, 0x00, 0x00,
  0x9F, 0xF0, 0x8F, 0xEF, 0xFF, 0x70, 0x7F, 0xFE, 0xB5, 0x00, 0x00, 0x02, 0xDF, 0xF2, 0x00, 0x5F,
  0xFF, 0xF2, 0x08, 0xFF, 0xDF, 0xF2, 0x8F, 0xF9, 0x3F, 0xF2, 0x1D, 0x50, 0x3F, 0xF2, 0x00, 0x00,
  0x3F, 0xF2, 0x00, 0x00, 0x4F, 0xF2, 0x00, 0x00, 0x4F, 0xF2, 0x00, 0x00, 0x4F, 0xF2, 0x00, 0x00,
  0x4F, 0xF2, 0x00, 0x00, 0x4F, 0xF2, 0x00, 0x00, 0x4F, 0xF2, 0x00, 0x00, 0x4F, 0xF2, 0x00, 0x00,
  0x4F, 0xF2, 0x00, 0x00, 0x4F, 0xF2, 0x00, 0x4B, 0xEF, 0xEA, 0x30, 0x00, 0x8F, 0xFA, 0x8B, 0xFF,
  0x50, 0x3F, 0xE2, 0x00, 0x04, 0xFF, 0x1A, 0xF7, 0x00, 0x00, 0x0B, 0xF7, 0xDF, 0x40, 0x00, 0x00,
  0x8F, 0xAE, 0xF4, 0x00, 0x00, 0x07, 0xFB, 0xDF, 0x50, 0x00, 0x00, 0x9F, 0xA9, 0xF8, 0x00, 0x00,
  0x0C, 0xF7, 0x3F, 0xE1, 0x00, 0x04, 0xFF, 0x10, 0x7F, 0xE9, 0x8A, 0xFF, 0x40, 0x00, 0x4B, 0xEF,
  0xEA, 0x20, 0x00, 0x07, 0xC0, 0x00, 0x01, 0xA9, 0x00, 0x00, 0x06, 0xFF, 0xB0, 0x00, 0xAF, 0xF7,
  0x00, 0x00, 0x09, 0xFF, 0x80, 0x00, 0xDF, 0xF4, 0x00, 0x00, 0x0C, 0xFF, 0x60, 0x02, 0xEF, 0xF3,
  0x00, 0x00, 0x1E, 0xFF, 0x40, 0x04, 0xFF, 0xE1, 0x00, 0x00, 0x3F, 0xFE, 0x20, 0x07, 0xFF, 0xC0,
  0x00, 0x00, 0x5F, 0xFD, 0x00, 0x09, 0xFF, 0xA0, 0x00, 0x04, 0xFF, 0xE1, 0x00, 0x9F, 0xFB, 0x00,
  0x02, 0xFF, 0xF3, 0x00, 0x6F, 0xFD, 0x10, 0x01, 0xDF, 0xF5, 0x00, 0x3F, 0xFE, 0x20, 0x00, 0xBF,
  0xF7, 0x00, 0x1E, 0xFF, 0x30, 0x00, 0x9F, 0xF9, 0x00, 0x0C, 0xFF, 0x50, 0x00, 0x5F, 0xFC, 0x00,
  0x0A, 0xFF, 0x80, 0x00, 0x00, 0x8D, 0x10, 0x00, 0x2B, 0xA0, 0x00, 0x00, 0x00, 0x00, 0x00, 0x00,
  0x00, 0x00, 0x00, 0x00, 0x00, 0x03, 0xEF, 0xF1, 0x00, 0x00, 0x00, 0x00, 0x03, 0xFF, 0x50, 0x00,
  0x00, 0x07, 0xFF, 0xFF, 0x10, 0x00, 0x00, 0x00, 0x00, 0xCF, 0xC0, 0x00, 0x00, 0x1B, 0xFF, 0xBF,
  0xF1, 0x00, 0x00, 0x00, 0x00, 0x6F, 0xF2, 0x00, 0x00, 0x09, 0xFF, 0x54, 0xFF, 0x10, 0x00, 0x00,
  0x00, 0x0E, 0xF9, 0x00, 0x00, 0x00, 0x1B, 0x20, 0x5F, 0xF1, 0x00, 0x00, 0x00, 0x09, 0xFE, 0x10,
  0x00, 0x00, 0x00, 0x00, 0x05, 0xFF, 0x10, 0x00, 0x00, 0x02, 0xFF, 0x60, 0x00, 0x00, 0x00, 0x00,
  0x00, 0x5F, 0xF1, 0x00, 0x00, 0x00, 0xBF, 0xC0, 0x00, 0x00, 0x00, 0x00, 0x00, 0x05, 0xFF, 0x10,
  0x00, 0x00, 0x5F, 0xF3, 0x00, 0x00, 0x00, 0x00, 0x00, 0x00, 0x5F, 0xF1, 0x00, 0x00, 0x0E, 0xF9,
  0x00, 0x00, 0x00, 0x00, 0x00, 0x00, 0x05, 0xFF, 0x10, 0x00, 0x08, 0xFE, 0x10, 0x00, 0x00, 0x00,
  0x00, 0x00, 0x00, 0x5F, 0xF1, 0x00, 0x02, 0xFF, 0x60, 0x00, 0x0D, 0xFF, 0x00, 0x00, 0x00, 0x05,
  0xFF, 0x10, 0x00, 0xBF, 0xD0, 0x00, 0x08, 0xFF, 0xF0, 0x00, 0x00, 0x00, 0x5F, 0xF1, 0x00, 0x4F,
  0xF3, 0x00, 0x03, 0xFF, 0xFF, 0x00, 0x00, 0x00, 0x05, 0xFF, 0x10, 0x0D, 0xFA, 0x00, 0x00, 0xDF,
  0xAF, 0xF0, 0x00, 0x00, 0x00, 0x5F, 0xF1, 0x07, 0xFF, 0x10, 0x00, 0x7F, 0x88, 0xFF, 0x00, 0x00,
  0x00, 0x00, 0x00, 0x01, 0xFF, 0x70, 0x00, 0x2F, 0xE0, 0x9F, 0xF0, 0x00, 0x00, 0x00, 0x00, 0x00,
  0xAF, 0xD0, 0x00, 0x0C, 0xF5, 0x09, 0xFF, 0x00, 0x00, 0x00, 0x00, 0x00, 0x4F, 0xF4, 0x00, 0x07,
  0xFB, 0x00, 0x9F, 0xF0, 0x00, 0x00, 0x00, 0x00, 0x0D, 0xFA, 0x00, 0x02, 0xFF, 0x10, 0x09, 0xFF,
  0x00, 0x00, 0x00, 0x00, 0x07, 0xFF, 0x20, 0x00, 0xCF, 0x71, 0x11, 0xAF, 0xF1, 0x10, 0x00, 0x00,
  0x01, 0xFF, 0x70, 0x00, 0x3F, 0xFF, 0xFF, 0xFF, 0xFF, 0xFF, 0x00, 0x00, 0x00, 0xAF, 0xD0, 0x00,
  0x03, 0xFF, 0xFF, 0xFF, 0xFF, 0xFF, 0xF0, 0x00, 0x00, 0x3F, 0xF4, 0x00, 0x00, 0x00, 0x00, 0x00,
  0x09, 0xFF, 0x00, 0x00, 0x00, 0x0D, 0xFB, 0x00, 0x00, 0x00, 0x00, 0x00, 0x00, 0x9F, 0xF0, 0x00,
  0x00, 0x06, 0xFF, 0x20, 0x00, 0x00, 0x00, 0x00, 0x00, 0x09, 0xFF, 0x00, 0x00, 0x00, 0x00, 0x7F,
  0xFA, 0x00, 0x00, 0x00, 0x00, 0x03, 0xFF, 0x50, 0x00, 0x00, 0x01, 0xBF, 0xFF, 0xA0, 0x00, 0x00,
  0x00, 0x00, 0xCF, 0xB0, 0x00, 0x00, 0x03, 0xEF, 0xED, 0xFA, 0x00, 0x00, 0x00, 0x00, 0x6F, 0xF2,
  0x00, 0x00, 0x01, 0xFF, 0xD2, 0xBF, 0xA0, 0x00, 0x00, 0x00, 0x1E, 0xF9, 0x00, 0x00, 0x00, 0x07,
  0xA0, 0x0B, 0xFA, 0x00, 0x00, 0x00, 0x09, 0xFE, 0x00, 0x00, 0x00, 0x00, 0x00, 0x00, 0xCF, 0xA0,
  0x00, 0x00, 0x02, 0xFF, 0x60, 0x00, 0x00, 0x00, 0x00, 0x00, 0x0C, 0xFA, 0x00, 0x00, 0x00, 0xCF,
  0xC0, 0x00, 0x00, 0x00, 0x00, 0x00, 0x00, 0xCF, 0xA0, 0x00, 0x00, 0x5F, 0xF3, 0x00, 0x00, 0x00,
  0x00, 0x00, 0x00, 0x0C, 0xFA, 0x00, 0x00, 0x0E, 0xF9, 0x00, 0x00, 0x00, 0x00, 0x00, 0x00, 0x00,
  0xCF, 0xA0, 0x00, 0x08, 0xFE, 0x10, 0x00, 0x00, 0x00, 0x00, 0x00, 0x00, 0x0C, 0xFA, 0x00, 0x02,
  0xFF, 0x60, 0x07, 0xCF, 0xFD, 0x81, 0x00, 0x00, 0x00, 0xCF, 0xA0, 0x00, 0xBF, 0xC0, 0x4E, 0xFF,
  0xFF, 0xFF, 0xD1, 0x00, 0x00, 0x0C, 0xFA, 0x00, 0x5F, 0xF3, 0x03, 0xFC, 0x40, 0x17, 0xFF, 0x70,
  0x00, 0x00, 0xCF, 0xA0, 0x0E, 0xFA, 0x00, 0x02, 0x00, 0x00, 0x0C, 0xFB, 0x00, 0x00, 0x0C, 0xFA,
  0x08, 0xFF, 0x10, 0x00, 0x00, 0x00, 0x00, 0xBF, 0xA0, 0x00, 0x00, 0x00, 0x02, 0xFF, 0x70, 0x00,
  0x00, 0x00, 0x00, 0x0E, 0xF6, 0x00, 0x00, 0x00, 0x00, 0xBF, 0xD0, 0x00, 0x00, 0x00, 0x00, 0x08,
  0xFE, 0x00, 0x00, 0x00, 0x00, 0x4F, 0xF4, 0x00, 0x00, 0x00, 0x00, 0x05, 0xFF, 0x30, 0x00, 0x00,
  0x00, 0x0D, 0xFA, 0x00, 0x00, 0x00, 0x00, 0x05, 0xFF, 0x40, 0x00, 0x00, 0x00, 0x07, 0xFF, 0x10,
  0x00, 0x00, 0x00, 0x06, 0xFF, 0x40, 0x00, 0x00, 0x00, 0x01, 0xFF, 0x70, 0x00, 0x00, 0x00, 0x07,
  0xFF, 0x40, 0x00, 0x00, 0x00, 0x00, 0xAF, 0xD0, 0x00, 0x00, 0x00, 0x08, 0xFE, 0x30, 0x00, 0x00,
  0x00, 0x00, 0x4F, 0xF4, 0x00, 0x00, 0x00, 0x08, 0xFF, 0xB8, 0x88, 0x88, 0x60, 0x00, 0x0D, 0xFB,
  0x00, 0x00, 0x00, 0x00, 0xEF, 0xFF, 0xFF, 0xFF, 0xFB, 0x00, 0x07, 0xFF, 0x20, 0x00, 0x00, 0x00,
  0x0E, 0xFF, 0xFF, 0xFF, 0xFF, 0xB0, 0x00, 0x03, 0x68, 0x74, 0x00, 0x00, 0x00, 0x00, 0x00, 0x00,
  0x02, 0x20, 0x00, 0x00, 0x2C, 0xFF, 0xFF, 0xFD, 0x20, 0x00, 0x00, 0x00, 0x00, 0x0C, 0xFC, 0x00,
  0x00, 0x2F, 0xFF, 0xFF, 0xFF, 0xFD, 0x00, 0x00, 0x00, 0x00, 0x05, 0xFF, 0x30, 0x00, 0x00, 0xBD,
  0x61, 0x02, 0xBF, 0xF4, 0x00, 0x00, 0x00, 0x00, 0xEF, 0x90, 0x00, 0x00, 0x00, 0x00, 0x00, 0x02,
  0xFF, 0x50, 0x00, 0x00, 0x00, 0x8F, 0xE1, 0x00, 0x00, 0x00, 0x00, 0x00, 0x00, 0x3F, 0xF3, 0x00,
  0x00, 0x00, 0x2F, 0xF6, 0x00, 0x00, 0x00, 0x00, 0x00, 0x01, 0x4D, 0xFC, 0x00, 0x00, 0x00, 0x0B,
  0xFD, 0x00, 0x00, 0x00, 0x00, 0x04, 0xFF, 0xFF, 0xFC, 0x10, 0x00, 0x00, 0x04, 0xFF, 0x30, 0x00,
  0x00, 0x00, 0x00, 0x4F, 0xFF, 0xFF, 0x92, 0x00, 0x00, 0x00, 0xDF, 0xA0, 0x00, 0x00, 0x00, 0x00,
  0x02, 0x88, 0x9C, 0xFF, 0xE2, 0x00, 0x00, 0x7F, 0xF1, 0x00, 0x00, 0x00, 0x00, 0x00, 0x00, 0x00,
  0x03, 0xEF, 0x90, 0x00, 0x1F, 0xF7, 0x00, 0x00, 0x00, 0x00, 0x00, 0x00, 0x00, 0x00, 0x0A, 0xFC,
  0x00, 0x0A, 0xFD, 0x00, 0x00, 0xAF, 0xF2, 0x00, 0x00, 0x00, 0x00, 0x00, 0xDF, 0xC0, 0x04, 0xFF,
  0x40, 0x00, 0x4F, 0xFF, 0x20, 0x07, 0xA5, 0x20, 0x03, 0xAF, 0xF8, 0x00, 0xDF, 0xB0, 0x00, 0x0E,
  0xFF, 0xF2, 0x00, 0x7F, 0xFF, 0xFF, 0xFF, 0xFE, 0x10, 0x6F, 0xF2, 0x00, 0x09, 0xF8, 0xFF, 0x20,
  0x03, 0xDF, 0xFF, 0xFF, 0xFC, 0x20, 0x1E, 0xF8, 0x00, 0x04, 0xFA, 0x5F, 0xF2, 0x00, 0x00, 0x36,
  0x88, 0x63, 0x00, 0x09, 0xFE, 0x00, 0x00, 0xEF, 0x15, 0xFF, 0x20, 0x00, 0x00, 0x00, 0x00, 0x00,
  0x03, 0xFF, 0x50, 0x00, 0x9F, 0x70, 0x6F, 0xF2, 0x00, 0x00, 0x00, 0x00, 0x00, 0x00, 0xCF, 0xC0,
  0x00, 0x3F, 0xD0, 0x06, 0xFF, 0x20, 0x00, 0x00, 0x00, 0x00, 0x00, 0x6F, 0xF2, 0x00, 0x0D, 0xF3,
  0x00, 0x6F, 0xF2, 0x00, 0x00, 0x00, 0x00, 0x00, 0x0E, 0xF9, 0x00, 0x08, 0xFA, 0x11, 0x16, 0xFF,
  0x31, 0x00, 0x00, 0x00, 0x00, 0x09, 0xFE, 0x10, 0x00, 0xFF, 0xFF, 0xFF, 0xFF, 0xFF, 0xF4, 0x00,
  0x00, 0x00, 0x02, 0xFF, 0x60, 0x00, 0x0F, 0xFF, 0xFF, 0xFF, 0xFF, 0xFF, 0x40, 0x00, 0x00, 0x00,
  0xBF, 0xC0, 0x00, 0x00, 0x00, 0x00, 0x00, 0x6F, 0xF2, 0x00, 0x00, 0x00, 0x00, 0x5F, 0xF3, 0x00,
  0x00, 0x00, 0x00, 0x00, 0x06, 0xFF, 0x20, 0x00, 0x00, 0x00, 0x0E, 0xF9, 0x00, 0x00, 0x00, 0x00,
  0x00, 0x00, 0x6F, 0xF2, 0x00, 0x00, 0x00, 0x00, 0x0A, 0xFC, 0x10, 0x00, 0x00, 0x00, 0x00, 0x04,
  0xFF, 0xF8, 0x00, 0x00, 0x00, 0x00, 0x00, 0x6F, 0xFF, 0xA0, 0x00, 0x00, 0x00, 0x00, 0x05, 0xFF,
  0xF8, 0x00, 0x00, 0x00, 0x00, 0x00, 0x0A, 0xFC, 0x10, 0x00, 0x00, 0x00, 0x00, 0x00, 0x00, 0x00,
  0x00, 0x00, 0x00, 0x00, 0x00, 0x00, 0x00, 0x00, 0x00, 0x00, 0x00, 0x00, 0x00, 0x13, 0x20, 0x00,
  0x00, 0x00, 0x00, 0x00, 0x07, 0xFE, 0x00, 0x00, 0x00, 0x00, 0x00, 0x00, 0x9F, 0xE0, 0x00, 0x00,
  0x00, 0x00, 0x00, 0x0D, 0xFC, 0x00, 0x00, 0x00, 0x00, 0x00, 0x06, 0xFF, 0x70, 0x00, 0x00, 0x00,
  0x00, 0x05, 0xFF, 0xE1, 0x00, 0x00, 0x00, 0x00, 0x07, 0xFF, 0xF4, 0x00, 0x00, 0x00, 0x00, 0x08,
  0xFF, 0xF4, 0x00, 0x00, 0x00, 0x00, 0x08, 0xFF, 0xE3, 0x00, 0x00, 0x00, 0x00, 0x04, 0xFF, 0xE2,
  0x00, 0x00, 0x00, 0x00, 0x00, 0xCF, 0xF4, 0x00, 0x00, 0x00, 0x00, 0x00, 0x0F, 0xFD, 0x00, 0x00,
  0x00, 0x00, 0x00, 0x02, 0xFF, 0xB0, 0x00, 0x00, 0x00, 0x00, 0x00, 0x2F, 0xFB, 0x00, 0x00, 0x00,
  0x00, 0x00, 0x00, 0xFF, 0xF1, 0x00, 0x00, 0x00, 0x00, 0x00, 0x0B, 0xFF, 0xC3, 0x00, 0x00, 0x16,
  0xD7, 0x00, 0x2F, 0xFF, 0xFD, 0xBB, 0xDF, 0xFF, 0xE0, 0x00, 0x4E, 0xFF, 0xFF, 0xFF, 0xFF, 0xFA,
  0x10, 0x00, 0x17, 0xCE, 0xFF, 0xDA, 0x61, 0x00, 0x00, 0x00, 0x00, 0x48, 0x87, 0x00, 0x00, 0x00,
  0x00, 0x00, 0x00, 0x00, 0x00, 0x00, 0x2F, 0xFF, 0x80, 0x00, 0x00, 0x00, 0x00, 0x00, 0x00, 0x00,
  0x00, 0x05, 0xFF, 0xF2, 0x00, 0x00, 0x00, 0x00, 0x00, 0x00, 0x00, 0x00, 0x00, 0x6F, 0xFB, 0x00,
  0x00, 0x00, 0x00, 0x00, 0x00, 0x00, 0x00, 0x00, 0x07, 0xFF, 0x60, 0x00, 0x00, 0x00, 0x00, 0x00,
  0x00, 0x00, 0x00, 0x00, 0x6F, 0xF1, 0x00, 0x00, 0x00, 0x00, 0x00, 0x00, 0x00, 0x00, 0x00, 0x00,
  0x00, 0x00, 0x00, 0x00, 0x00, 0x00, 0x00, 0x00, 0x00, 0x00, 0x00, 0x00, 0x00, 0x00, 0x00, 0x00,
  0x00, 0x00, 0x00, 0x00, 0x0B, 0xFF, 0x60, 0x00, 0x00, 0x00, 0x00, 0x00, 0x00, 0x00, 0x00, 0x1F,
  0xFF, 0xC0, 0x00, 0x00, 0x00, 0x00, 0x00, 0x00, 0x00, 0x00, 0x7F, 0xFF, 0xF2, 0x00, 0x00, 0x00,
  0x00, 0x00, 0x00, 0x00, 0x00, 0xDF, 0xDF, 0xF8, 0x00, 0x00, 0x00, 0x00, 0x00, 0x00, 0x00, 0x03,
  0xFF, 0x7D, 0xFE, 0x00, 0x00, 0x00, 0x00, 0x00, 0x00, 0x00, 0x09, 0xFF, 0x38, 0xFF, 0x40, 0x00,
  0x00, 0x00, 0x00, 0x00, 0x00, 0x0F, 0xFE, 0x03, 0xFF, 0xB0, 0x00, 0x00, 0x00, 0x00, 0x00, 0x00,
  0x5F, 0xF8, 0x00, 0xDF, 0xF1, 0x00, 0x00, 0x00, 0x00, 0x00, 0x00, 0xBF, 0xF2, 0x00, 0x7F, 0xF7,
  0x00, 0x00, 0x00, 0x00, 0x00, 0x02, 0xFF, 0xC0, 0x00, 0x1F, 0xFD, 0x00, 0x00, 0x00, 0x00, 0x00,
  0x08, 0xFF, 0x60, 0x00, 0x0B, 0xFF, 0x30, 0x00, 0x00, 0x00, 0x00, 0x0D, 0xFF, 0x10, 0x00, 0x05,
  0xFF, 0x90, 0x00, 0x00, 0x00, 0x00, 0x4F, 0xFA, 0x00, 0x00, 0x00, 0xEF, 0xE0, 0x00, 0x00, 0x00,
  0x00, 0xAF, 0xF4, 0x00, 0x00, 0x00, 0x9F, 0xF5, 0x00, 0x00, 0x00, 0x00, 0xFF, 0xFC, 0xCC, 0xCC,
  0xCC, 0xDF, 0xFB, 0x00, 0x00, 0x00, 0x06, 0xFF, 0xFF, 0xFF, 0xFF, 0xFF, 0xFF, 0xFF, 0x10, 0x00,
  0x00, 0x0C, 0xFF, 0xFF, 0xFF, 0xFF, 0xFF, 0xFF, 0xFF, 0x70, 0x00, 0x00, 0x2F, 0xFC, 0x00, 0x00,
  0x00, 0x00, 0x03, 0xFF, 0xD0, 0x00, 0x00, 0x8F, 0xF7, 0x00, 0x00, 0x00, 0x00, 0x00, 0xDF, 0xF3,
  0x00, 0x00, 0xEF, 0xF1, 0x00, 0x00, 0x00, 0x00, 0x00, 0x7F, 0xF9, 0x00, 0x04, 0xFF, 0xB0, 0x00,
  0x00, 0x00, 0x00, 0x00, 0x1F, 0xFF, 0x00, 0x0A, 0xFF, 0x50, 0x00, 0x00, 0x00, 0x00, 0x00, 0x0C,
  0xFF, 0x50, 0x1F, 0xFF, 0x00, 0x00, 0x00, 0x00, 0x00, 0x00, 0x06, 0xFF, 0xB0, 0x6F, 0xFA, 0x00,
  0x00, 0x00, 0x00, 0x00, 0x00, 0x00, 0xFF, 0xF2, 0xCF, 0xF4, 0x00, 0x00, 0x00, 0x00, 0x00, 0x00,
  0x00, 0xAF, 0xF7, 0x00, 0x00, 0x00, 0x00, 0x00, 0x00, 0x78, 0x86, 0x00, 0x00, 0x00, 0x00, 0x00,
  0x00, 0x00, 0x00, 0x04, 0xFF, 0xF6, 0x00, 0x00, 0x00, 0x00, 0x00, 0x00, 0x00, 0x00, 0x0D, 0xFF,
  0x80, 0x00, 0x00, 0x00, 0x00, 0x00, 0x00, 0x00, 0x00, 0x8F, 0xF9, 0x00, 0x00, 0x00, 0x00, 0x00,
  0x00, 0x00, 0x00, 0x03, 0xFF, 0xA0, 0x00, 0x00, 0x00, 0x00, 0x00, 0x00, 0x00, 0x00, 0x0D, 0xF9,
  0x00, 0x00, 0x00, 0x00, 0x00, 0x00, 0x00, 0x00, 0x00, 0x00, 0x00, 0x00, 0x00, 0x00, 0x00, 0x00,
  0x00, 0x00, 0x00, 0x00, 0x00, 0x00, 0x00, 0x00, 0x00, 0x00, 0x00, 0x00, 0x00, 0x00, 0x00, 0x0B,
  0xFF, 0x60, 0x00, 0x00, 0x00, 0x00, 0x00, 0x00, 0x00, 0x00, 0x1F, 0xFF, 0xC0, 0x00, 0x00, 0x00,
  0x00, 0x00, 0x00, 0x00, 0x00, 0x7F, 0xFF, 0xF2, 0x00, 0x00, 0x00, 0x00, 0x00, 0x00, 0x00, 0x00,
  0xDF, 0xDF, 0xF8, 0x00, 0x00, 0x00, 0x00, 0x00, 0x00, 0x00, 0x03, 0xFF, 0x7D, 0xFE, 0x00, 0x00,
  0x00, 0x00, 0x00, 0x00, 0x00, 0x09, 0xFF, 0x38, 0xFF, 0x40, 0x00, 0x00, 0x00, 0x00, 0x00, 0x00,
  0x0F, 0xFE, 0x03, 0xFF, 0xB0, 0x00, 0x00, 0x00, 0x00, 0x00, 0x00, 0x5F, 0xF8, 0x00, 0xDF, 0xF1,
  0x00, 0x00, 0x00, 0x00, 0x00, 0x00, 0xBF, 0xF2, 0x00, 0x7F, 0xF7, 0x00, 0x00, 0x00, 0x00, 0x00,
  0x02, 0xFF, 0xC0, 0x00, 0x1F, 0xFD, 0x00, 0x00, 0x00, 0x00, 0x00, 0x08, 0xFF, 0x60, 0x00, 0x0B,
  0xFF, 0x30, 0x00, 0x00, 0x00, 0x00, 0x0D, 0xFF, 0x10, 0x00, 0x05, 0xFF, 0x90, 0x00, 0x00, 0x00,
  0x00, 0x4F, 0xFA, 0x00, 0x00, 0x00, 0xEF, 0xE0, 0x00, 0x00, 0x00, 0x00, 0xAF, 0xF4, 0x00, 0x00,
  0x00, 0x9F, 0xF5, 0x00, 0x00, 0x00, 0x00, 0xFF, 0xFC, 0xCC, 0xCC, 0xCC, 0xDF, 0xFB, 0x00, 0x00,
  0x00, 0x06, 0xFF, 0xFF, 0xFF, 0xFF, 0xFF, 0xFF, 0xFF, 0x10, 0x00, 0x00, 0x0C, 0xFF, 0xFF, 0xFF,
  0xFF, 0xFF, 0xFF, 0xFF, 0x70, 0x00, 0x00, 0x2F, 0xFC, 0x00, 0x00, 0x00, 0x00, 0x03, 0xFF, 0xD0,
  0x00, 0x00, 0x8F, 0xF7, 0x00, 0x00, 0x00, 0x00, 0x00, 0xDF, 0xF3, 0x00, 0x00, 0xEF, 0xF1, 0x00,
  0x00, 0x00, 0x00, 0x00, 0x7F, 0xF9, 0x00, 0x04, 0xFF, 0xB0, 0x00, 0x00, 0x00, 0x00, 0x00, 0x1F,
  0xFF, 0x00, 0x0A, 0xFF, 0x50, 0x00, 0x00, 0x00, 0x00, 0x00, 0x0C, 0xFF, 0x50, 0x1F, 0xFF, 0x00,
  0x00, 0x00, 0x00, 0x00, 0x00, 0x06, 0xFF, 0xB0, 0x6F, 0xFA, 0x00, 0x00, 0x00, 0x00, 0x00, 0x00,
  0x00, 0xFF, 0xF2, 0xCF, 0xF4, 0x00, 0x00, 0x00, 0x00, 0x00, 0x00, 0x00, 0xAF, 0xF7, 0x00, 0x00,
  0x00, 0x00, 0x07, 0x88, 0x30, 0x00, 0x00, 0x00, 0x00, 0x00, 0x00, 0x00, 0x00, 0x6F, 0xFF, 0xE1,
  0x00, 0x00, 0x00, 0x00, 0x00, 0x00, 0x00, 0x03, 0xFF, 0xFF, 0xFB, 0x00, 0x00, 0x00, 0x00, 0x00,
  0x00, 0x00, 0x1E, 0xFE, 0x39, 0xFF, 0x90, 0x00, 0x00, 0x00, 0x00, 0x00, 0x01, 0xDF, 0xE2, 0x00,
  0x8F, 0xF8, 0x00, 0x00, 0x00, 0x00, 0x00, 0x0B, 0xFB, 0x10, 0x00, 0x04, 0xEF, 0x60, 0x00, 0x00,
  0x00, 0x00, 0x00, 0x00, 0x00, 0x00, 0x00, 0x00, 0x00, 0x00, 0x00, 0x00, 0x00, 0x00, 0x00, 0x00,
  0x00, 0x00, 0x00, 0x00, 0x00, 0x00, 0x00, 0x00, 0x00, 0x00, 0x0B, 0xFF, 0x60, 0x00, 0x00, 0x00,
  0x00, 0x00, 0x00, 0x00, 0x00, 0x1F, 0xFF, 0xC0, 0x00, 0x00, 0x00, 0x00, 0x00, 0x00, 0x00, 0x00,
  0x7F, 0xFF, 0xF2, 0x00, 0x00, 0x00, 0x00, 0x00, 0x00, 0x00, 0x00, 0xDF, 0xDF, 0xF8, 0x00, 0x00,
  0x00, 0x00, 0x00, 0x00, 0x00, 0x03, 0xFF, 0x7D, 0xFE, 0x00, 0x00, 0x00, 0x00, 0x00, 0x00, 0x00,
  0x09, 0xFF, 0x38, 0xFF, 0x40, 0x00, 0x00, 0x00, 0x00, 0x00, 0x00, 0x0F, 0xFE, 0x03, 0xFF, 0xB0,
  0x00, 0x00, 0x00, 0x00, 0x00, 0x00, 0x5F, 0xF8, 0x00, 0xDF, 0xF1, 0x00, 0x00, 0x00, 0x00, 0x00,
  0x00, 0xBF, 0xF2, 0x00, 0x7F, 0xF7, 0x00, 0x00, 0x00, 0x00, 0x00, 0x02, 0xFF, 0xC0, 0x00, 0x1F,
  0xFD, 0x00, 0x00, 0x00, 0x00, 0x00, 0x08, 0xFF, 0x60, 0x00, 0x0B, 0xFF, 0x30, 0x00, 0x00, 0x00,
  0x00, 0x0D, 0xFF, 0x10, 0x00, 0x05, 0xFF, 0x90, 0x00, 0x00, 0x00, 0x00, 0x4F, 0xFA, 0x00, 0x00,
  0x00, 0xEF, 0xE0, 0x00, 0x00, 0x00, 0x00, 0xAF, 0xF4, 0x00, 0x00, 0x00, 0x9F, 0xF5, 0x00, 0x00,
  0x00, 0x00, 0xFF, 0xFC, 0xCC, 0xCC, 0xCC, 0xDF, 0xFB, 0x00, 0x00, 0x00, 0x06, 0xFF, 0xFF, 0xFF,
  0xFF, 0xFF, 0xFF, 0xFF, 0x10, 0x00, 0x00, 0x0C, 0xFF, 0xFF, 0xFF, 0xFF, 0xFF, 0xFF, 0xFF, 0x70,
  0x00, 0x00, 0x2F, 0xFC, 0x00, 0x00, 0x00, 0x00, 0x03, 0xFF, 0xD0, 0x00, 0x00, 0x8F, 0xF7, 0x00,
  0x00, 0x00, 0x00, 0x00, 0xDF, 0xF3, 0x00, 0x00, 0xEF, 0xF1, 0x00, 0x00, 0x00, 0x00, 0x00, 0x7F,
  0xF9, 0x00, 0x04, 0xFF, 0xB0, 0x00, 0x00, 0x00, 0x00, 0x00, 0x1F, 0xFF, 0x00, 0x0A, 0xFF, 0x50,
  0x00, 0x00, 0x00, 0x00, 0x00, 0x0C, 0xFF, 0x50, 0x1F, 0xFF, 0x00, 0x00, 0x00, 0x00, 0x00, 0x00,
  0x06, 0xFF, 0xB0, 0x6F, 0xFA, 0x00, 0x00, 0x00, 0x00, 0x00, 0x00, 0x00, 0xFF, 0xF2, 0xCF, 0xF4,
  0x00, 0x00, 0x00, 0x00, 0x00, 0x00, 0x00, 0xAF, 0xF7, 0x00, 0x00, 0x00, 0x16, 0x74, 0x00, 0x00,
  0x06, 0x80, 0x00, 0x00, 0x00, 0x00, 0x02, 0xEF, 0xFF, 0xD4, 0x00, 0x1F, 0xD0, 0x00, 0x00, 0x00,
  0x00, 0x0A, 0xFF, 0xFF, 0xFF, 0xC9, 0xDF, 0x90, 0x00, 0x00, 0x00, 0x00, 0x1F, 0xE2, 0x06, 0xEF,
  0xFF, 0xFF, 0x10, 0x00, 0x00, 0x00, 0x00, 0x4F, 0x70, 0x00, 0x07, 0xDF, 0xC3, 0x00, 0x00, 0x00,
  0x00, 0x00, 0x00, 0x00, 0x00, 0x00, 0x00, 0x00, 0x00, 0x00, 0x00, 0x00, 0x00, 0x00, 0x00, 0x00,
  0x00, 0x00, 0x00, 0x00, 0x00, 0x00, 0x00, 0x00, 0x00, 0x00, 0x0B, 0xFF, 0x60, 0x00, 0x00, 0x00,
  0x00, 0x00, 0x00, 0x00, 0x00, 0x1F, 0xFF, 0xC0, 0x00, 0x00, 0x00, 0x00, 0x00, 0x00, 0x00, 0x00,
  0x7F, 0xFF, 0xF2, 0x00, 0x00, 0x00, 0x00, 0x00, 0x00, 0x00, 0x00, 0xDF, 0xDF, 0xF8, 0x00, 0x00,
  0x00, 0x00, 0x00, 0x00, 0x00, 0x03, 0xFF, 0x7D, 0xFE, 0x00, 0x00, 0x00, 0x00, 0x00, 0x00, 0x00,
  0x09, 0xFF, 0x38, 0xFF, 0x40, 0x00, 0x00, 0x00, 0x00, 0x00, 0x00, 0x0F, 0xFE, 0x03, 0xFF, 0xB0,
  0x00, 0x00, 0x00, 0x00, 0x00, 0x00, 0x5F, 0xF8, 0x00, 0xDF, 0xF1, 0x00, 0x00, 0x00, 0x00, 0x00,
  0x00, 0xBF, 0xF2, 0x00, 0x7F, 0xF7, 0x00, 0x00, 0x00, 0x00, 0x00, 0x02, 0xFF, 0xC0, 0x00, 0x1F,
  0xFD, 0x00, 0x00, 0x00, 0x00, 0x00, 0x08, 0xFF, 0x60, 0x00, 0x0B, 0xFF, 0x30, 0x00, 0x00, 0x00,
  0x00, 0x0D, 0xFF, 0x10, 0x00, 0x05, 0xFF, 0x90, 0x00, 0x00, 0x00, 0x00, 0x4F, 0xFA, 0x00, 0x00,
  0x00, 0xEF, 0xE0, 0x00, 0x00, 0x00, 0x00, 0xAF, 0xF4, 0x00, 0x00, 0x00, 0x9F, 0xF5, 0x00, 0x00,
  0x00, 0x00, 0xFF, 0xFC, 0xCC, 0xCC, 0xCC, 0xDF, 0xFB, 0x00, 0x00, 0x00, 0x06, 0xFF, 0xFF, 0xFF,
  0xFF, 0xFF, 0xFF, 0xFF, 0x10, 0x00, 0x00, 0x0C, 0xFF, 0xFF, 0xFF, 0xFF, 0xFF, 0xFF, 0xFF, 0x70,
  0x00, 0x00, 0x2F, 0xFC, 0x00, 0x00, 0x00, 0x00, 0x03, 0xFF, 0xD0, 0x00, 0x00, 0x8F, 0xF7, 0x00,
  0x00, 0x00, 0x00, 0x00, 0xDF, 0xF3, 0x00, 0x00, 0xEF, 0xF1, 0x00, 0x00, 0x00, 0x00, 0x00, 0x7F,
  0xF9, 0x00, 0x04, 0xFF, 0xB0, 0x00, 0x00, 0x00, 0x00, 0x00, 0x1F, 0xFF, 0x00, 0x0A, 0xFF, 0x50,
  0x00, 0x00, 0x00, 0x00, 0x00, 0x0C, 0xFF, 0x50, 0x1F, 0xFF, 0x00, 0x00, 0x00, 0x00, 0x00, 0x00,
  0x06, 0xFF, 0xB0, 0x6F, 0xFA, 0x00, 0x00, 0x00, 0x00, 0x00, 0x00, 0x00, 0xFF, 0xF2, 0xCF, 0xF4,
  0x00, 0x00, 0x00, 0x00, 0x00, 0x00, 0x00, 0xAF, 0xF7, 0x00, 0x00, 0x00, 0x8F, 0xB0, 0x00, 0x3E,
  0xE3, 0x00, 0x00, 0x00, 0x00, 0x00, 0x00, 0xEF, 0xF3, 0x00, 0x8F, 0xF9, 0x00, 0x00, 0x00, 0x00,
  0x00, 0x00, 0x8F, 0xB0, 0x00, 0x3E, 0xE3, 0x00, 0x00, 0x00, 0x00, 0x00, 0x00, 0x00, 0x00, 0x00,
  0x00, 0x00, 0x00, 0x00, 0x00, 0x00, 0x00, 0x00, 0x00, 0x00, 0x00, 0x00, 0x00, 0x00, 0x00, 0x00,
  0x00, 0x00, 0x00, 0x00, 0x00, 0x00, 0x00, 0x00, 0x00, 0x00, 0x00, 0x00, 0x00, 0x00, 0x00, 0x0B,
  0xFF, 0x60, 0x00, 0x00, 0x00, 0x00, 0x00, 0x00, 0x00, 0x00, 0x1F, 0xFF, 0xC0, 0x00, 0x00, 0x00,
  0x00, 0x00, 0x00, 0x00, 0x00, 0x7F, 0xFF, 0xF2, 0x00, 0x00, 0x00, 0x00, 0x00, 0x00, 0x00, 0x00,
  0xDF, 0xDF, 0xF8, 0x00, 0x00, 0x00, 0x00, 0x00, 0x00, 0x00, 0x03, 0xFF, 0x7D, 0xFE, 0x00, 0x00,
  0x00, 0x00, 0x00, 0x00, 0x00, 0x09, 0xFF, 0x38, 0xFF, 0x40, 0x00, 0x00, 0x00, 0x00, 0x00, 0x00,
  0x0F, 0xFE, 0x03, 0xFF, 0xB0, 0x00, 0x00, 0x00, 0x00, 0x00, 0x00, 0x5F, 0xF8, 0x00, 0xDF, 0xF1,
  0x00, 0x00, 0x00, 0x00, 0x00, 0x00, 0xBF, 0xF2, 0x00, 0x7F, 0xF7, 0x00, 0x00, 0x00, 0x00, 0x00,
  0x02, 0xFF, 0xC0, 0x00, 0x1F, 0xFD, 0x00, 0x00, 0x00, 0x00, 0x00, 0x08, 0xFF, 0x60, 0x00, 0x0B,
  0xFF, 0x30, 0x00, 0x00, 0x00, 0x00, 0x0D, 0xFF, 0x10, 0x00, 0x05, 0xFF, 0x90, 0x00, 0x00, 0x00,
  0x00, 0x4F, 0xFA, 0x00, 0x00, 0x00, 0xEF, 0xE0, 0x00, 0x00, 0x00, 0x00, 0xAF, 0xF4, 0x00, 0x00,
  0x00, 0x9F, 0xF5, 0x00, 0x00, 0x00, 0x00, 0xFF, 0xFC, 0xCC, 0xCC, 0xCC, 0xDF, 0xFB, 0x00, 0x00,
  0x00, 0x06, 0xFF, 0xFF, 0xFF, 0xFF, 0xFF, 0xFF, 0xFF, 0x10, 0x00, 0x00, 0x0C, 0xFF, 0xFF, 0xFF,
  0xFF, 0xFF, 0xFF, 0xFF, 0x70, 0x00, 0x00, 0x2F, 0xFC, 0x00, 0x00, 0x00, 0x00, 0x03, 0xFF, 0xD0,
  0x00, 0x00, 0x8F, 0xF7, 0x00, 0x00, 0x00, 0x00, 0x00, 0xDF, 0xF3, 0x00, 0x00, 0xEF, 0xF1, 0x00,
  0x00, 0x00, 0x00, 0x00, 0x7F, 0xF9, 0x00, 0x04, 0xFF, 0xB0, 0x00, 0x00, 0x00, 0x00, 0x00, 0x1F,
  0xFF, 0x00, 0x0A, 0xFF, 0x50, 0x00, 0x00, 0x00, 0x00, 0x00, 0x0C, 0xFF, 0x50, 0x1F, 0xFF, 0x00,
  0x00, 0x00, 0x00, 0x00, 0x00, 0x06, 0xFF, 0xB0, 0x6F, 0xFA, 0x00, 0x00, 0x00, 0x00, 0x00, 0x00,
  0x00, 0xFF, 0xF2, 0xCF, 0xF4, 0x00, 0x00, 0x00, 0x00, 0x00, 0x00, 0x00, 0xAF, 0xF7, 0x00, 0x00,
  0x00, 0x00, 0x5C, 0xFE, 0x91, 0x00, 0x00, 0x00, 0x00, 0x00, 0x00, 0x00, 0x05, 0xFF, 0xEF, 0xFE,
  0x10, 0x00, 0x00, 0x00, 0x00, 0x00, 0x00, 0x0C, 0xF5, 0x00, 0xBF, 0x60, 0x00, 0x00, 0x00, 0x00,
  0x00, 0x00, 0x0E, 0xE0, 0x00, 0x5F, 0x80, 0x00, 0x00, 0x00, 0x00, 0x00, 0x00, 0x0C, 0xF4, 0x00,
  0xBF, 0x60, 0x00, 0x00, 0x00, 0x00, 0x00, 0x00, 0x05, 0xFF, 0xFF, 0xFE, 0x10, 0x00, 0x00, 0x00,
  0x00, 0x00, 0x00, 0x00, 0x6F, 0xFF, 0xF1, 0x00, 0x00, 0x00, 0x00, 0x00, 0x00, 0x00, 0x00, 0x7F,
  0xFF, 0xF2, 0x00, 0x00, 0x00, 0x00, 0x00, 0x00, 0x00, 0x00, 0xDF, 0xDF, 0xF8, 0x00, 0x00, 0x00,
  0x00, 0x00, 0x00, 0x00, 0x03, 0xFF, 0x7D, 0xFE, 0x00, 0x00, 0x00, 0x00, 0x00, 0x00, 0x00, 0x09,
  0xFF, 0x38, 0xFF, 0x40, 0x00, 0x00, 0x00, 0x00, 0x00, 0x00, 0x0F, 0xFE, 0x03, 0xFF, 0xB0, 0x00,
  0x00, 0x00, 0x00, 0x00, 0x00, 0x5F, 0xF8, 0x00, 0xDF, 0xF1, 0x00, 0x00, 0x00, 0x00, 0x00, 0x00,
  0xBF, 0xF2, 0x00, 0x7F, 0xF7, 0x00, 0x00, 0x00, 0x00, 0x00, 0x02, 0xFF, 0xC0, 0x00, 0x1F, 0xFD,
  0x00, 0x00, 0x00, 0x00, 0x00, 0x08, 0xFF, 0x60, 0x00, 0x0B, 0xFF, 0x30, 0x00, 0x00, 0x00, 0x00,
  0x0D, 0xFF, 0x10, 0x00, 0x05, 0xFF, 0x90, 0x00, 0x00, 0x00, 0x00, 0x4F, 0xFA, 0x00, 0x00, 0x00,
  0xEF, 0xE0, 0x00, 0x00, 0x00, 0x00, 0xAF, 0xF4, 0x00, 0x00, 0x00, 0x9F, 0xF5, 0x00, 0x00, 0x00,
  0x00, 0xFF, 0xFC, 0xCC, 0xCC, 0xCC, 0xDF, 0xFB, 0x00, 0x00, 0x00, 0x06, 0xFF, 0xFF, 0xFF, 0xFF,
  0xFF, 0xFF, 0xFF, 0x10, 0x00, 0x00, 0x0C, 0xFF, 0xFF, 0xFF, 0xFF, 0xFF, 0xFF, 0xFF, 0x70, 0x00,
  0x00, 0x2F, 0xFC, 0x00, 0x00, 0x00, 0x00, 0x03, 0xFF, 0xD0, 0x00, 0x00, 0x8F, 0xF7, 0x00, 0x00,
  0x00, 0x00, 0x00, 0xDF, 0xF3, 0x00, 0x00, 0xEF, 0xF1, 0x00, 0x00, 0x00, 0x00, 0x00, 0x7F, 0xF9,
  0x00, 0x04, 0xFF, 0xB0, 0x00, 0x00, 0x00, 0x00, 0x00, 0x1F, 0xFF, 0x00, 0x0A, 0xFF, 0x50, 0x00,
  0x00, 0x00, 0x00, 0x00, 0x0C, 0xFF, 0x50, 0x1F, 0xFF, 0x00, 0x00, 0x00, 0x00, 0x00, 0x00, 0x06,
  0xFF, 0xB0, 0x6F, 0xFA, 0x00, 0x00, 0x00, 0x00, 0x00, 0x00, 0x00, 0xFF, 0xF2, 0xCF, 0xF4, 0x00,
  0x00, 0x00, 0x00, 0x00, 0x00, 0x00, 0xAF, 0xF7, 0x00, 0x00, 0x00, 0x00, 0x00, 0x0B, 0xFF, 0xFF,
  0xFF, 0xFF, 0xFF, 0xFF, 0xFF, 0xFE, 0x00, 0x00, 0x00, 0x00, 0x00, 0x3F, 0xFF, 0xFF, 0xFF, 0xFF,
  0xFF, 0xFF, 0xFF, 0xFE, 0x00, 0x00, 0x00, 0x00, 0x00, 0xAF, 0xF9, 0x8E, 0xFF, 0xA8, 0x88, 0x88,
  0x88, 0x87, 0x00, 0x00, 0x00, 0x00, 0x02, 0xFF, 0xD0, 0x0B, 0xFF, 0x50, 0x00, 0x00, 0x00, 0x00,
  0x00, 0x00, 0x00, 0x00, 0x09, 0xFF, 0x60, 0x0B, 0xFF, 0x50, 0x00, 0x00, 0x00, 0x00, 0x00, 0x00,
  0x00, 0x00, 0x1F, 0xFE, 0x00, 0x0B, 0xFF, 0x50, 0x00, 0x00, 0x00, 0x00, 0x00, 0x00, 0x00, 0x00,
  0x8F, 0xF8, 0x00, 0x0B, 0xFF, 0x50, 0x00, 0x00, 0x00, 0x00, 0x00, 0x00, 0x00, 0x00, 0xEF, 0xF1,
  0x00, 0x0B, 0xFF, 0x50, 0x00, 0x00, 0x00, 0x00, 0x00, 0x00, 0x00, 0x06, 0xFF, 0x90, 0x00, 0x0B,
  0xFF, 0x50, 0x00, 0x00, 0x00, 0x00, 0x00, 0x00, 0x00, 0x0E, 0xFF, 0x20, 0x00, 0x0B, 0xFF, 0x50,
  0x00, 0x00, 0x00, 0x00, 0x00, 0x00, 0x00, 0x5F, 0xFB, 0x00, 0x00, 0x0B, 0xFF, 0x50, 0x00, 0x00,
  0x00, 0x00, 0x00, 0x00, 0x00, 0xCF, 0xF4, 0x00, 0x00, 0x0B, 0xFF, 0xFF, 0xFF, 0xFF, 0xFF, 0xF4,
  0x00, 0x00, 0x04, 0xFF, 0xD0, 0x00, 0x00, 0x0B, 0xFF, 0xFF, 0xFF, 0xFF, 0xFF, 0xF4, 0x00, 0x00,
  0x0B, 0xFF, 0x60, 0x00, 0x00, 0x0B, 0xFF, 0xA8, 0x88, 0x88, 0x88, 0x82, 0x00, 0x00, 0x3F, 0xFF,
  0x88, 0x88, 0x88, 0x8E, 0xFF, 0x50, 0x00, 0x00, 0x00, 0x00, 0x00, 0x00, 0xAF, 0xFF, 0xFF, 0xFF,
  0xFF, 0xFF, 0xFF, 0x50, 0x00, 0x00, 0x00, 0x00, 0x00, 0x02, 0xFF, 0xFF, 0xFF, 0xFF, 0xFF, 0xFF,
  0xFF, 0x50, 0x00, 0x00, 0x00, 0x00, 0x00, 0x09, 0xFF, 0x80, 0x00, 0x00, 0x00, 0x0B, 0xFF, 0x50,
  0x00, 0x00, 0x00, 0x00, 0x00, 0x1F, 0xFF, 0x10, 0x00, 0x00, 0x00, 0x0B, 0xFF, 0x50, 0x00, 0x00,
  0x00, 0x00, 0x00, 0x8F, 0xFA, 0x00, 0x00, 0x00, 0x00, 0x0B, 0xFF, 0x50, 0x00, 0x00, 0x00, 0x00,
  0x00, 0xEF, 0xF2, 0x00, 0x00, 0x00, 0x00, 0x0B, 0xFF, 0x50, 0x00, 0x00, 0x00, 0x00, 0x06, 0xFF,
  0xB0, 0x00, 0x00, 0x00, 0x00, 0x0B, 0xFF, 0x50, 0x00, 0x00, 0x00, 0x00, 0x0D, 0xFF, 0x40, 0x00,
  0x00, 0x00, 0x00, 0x0B, 0xFF, 0xA8, 0x88, 0x88, 0x88, 0x87, 0x5F, 0xFC, 0x00, 0x00, 0x00, 0x00,
  0x00, 0x0B, 0xFF, 0xFF, 0xFF, 0xFF, 0xFF, 0xFE, 0xCF, 0xF5, 0x00, 0x00, 0x00, 0x00, 0x00, 0x0B,
  0xFF, 0xFF, 0xFF, 0xFF, 0xFF, 0xFE, 0x00, 0x00, 0x00, 0x05, 0xAD, 0xEF, 0xFE, 0xC9, 0x50, 0x00,
  0x00, 0x00, 0x7E, 0xFF, 0xFF, 0xFF, 0xFF, 0xFF, 0xF3, 0x00, 0x01, 0xCF, 0xFF, 0xFC, 0xA8, 0x9B,
  0xFF, 0xFE, 0x00, 0x01, 0xDF, 0xFF, 0x91, 0x00, 0x00, 0x00, 0x4B, 0x70, 0x00, 0xBF, 0xFF, 0x50,
  0x00, 0x00, 0x00, 0x00, 0x00, 0x00, 0x4F, 0xFF, 0x50, 0x00, 0x00, 0x00, 0x00, 0x00, 0x00, 0x0C,
  0xFF, 0xA0, 0x00, 0x00, 0x00, 0x00, 0x00, 0x00, 0x02, 0xFF, 0xF3, 0x00, 0x00, 0x00, 0x00, 0x00,
  0x00, 0x00, 0x7F, 0xFD, 0x00, 0x00, 0x00, 0x00, 0x00, 0x00, 0x00, 0x0A, 0xFF, 0x90, 0x00, 0x00,
  0x00, 0x00, 0x00, 0x00, 0x00, 0xCF, 0xF6, 0x00, 0x00, 0x00, 0x00, 0x00, 0x00, 0x00, 0x0E, 0xFF,
  0x50, 0x00, 0x00, 0x00, 0x00, 0x00, 0x00, 0x00, 0xEF, 0xF4, 0x00, 0x00, 0x00, 0x00, 0x00, 0x00,
  0x00, 0x0E, 0xFF, 0x50, 0x00, 0x00, 0x00, 0x00, 0x00, 0x00, 0x00, 0xDF, 0xF6, 0x00, 0x00, 0x00,
  0x00, 0x00, 0x00, 0x00, 0x0B, 0xFF, 0x90, 0x00, 0x00, 0x00, 0x00, 0x00, 0x00, 0x00, 0x8F, 0xFC,
  0x00, 0x00, 0x00, 0x00, 0x00, 0x00, 0x00, 0x04, 0xFF, 0xF2, 0x00, 0x00, 0x00, 0x00, 0x00, 0x00,
  0x00, 0x0E, 0xFF, 0x90, 0x00, 0x00, 0x00, 0x00, 0x00, 0x00, 0x00, 0x7F, 0xFF, 0x30, 0x00, 0x00,
  0x00, 0x00, 0x00, 0x00, 0x00, 0xEF, 0xFE, 0x20, 0x00, 0x00, 0x00, 0x00, 0x00, 0x00, 0x03, 0xFF,
  0xFF, 0x71, 0x00, 0x00, 0x00, 0x03, 0x30, 0x00, 0x04, 0xFF, 0xFF, 0xFC, 0xA8, 0x9A, 0xCF, 0xF7,
  0x00, 0x00, 0x02, 0xBF, 0xFF, 0xFF, 0xFF, 0xFF, 0xFF, 0x70, 0x00, 0x00, 0x00, 0x28, 0xBF, 0xFF,
  0xFE, 0xC9, 0x51, 0x00, 0x00, 0x00, 0x00, 0x00, 0x7F, 0x80, 0x00, 0x00, 0x00, 0x00, 0x00, 0x00,
  0x00, 0x0E, 0xF8, 0x10, 0x00, 0x00, 0x00, 0x00, 0x00, 0x00, 0x03, 0xCF, 0xFE, 0x40, 0x00, 0x00,
  0x00, 0x00, 0x00, 0x00, 0x00, 0x2C, 0xFE, 0x00, 0x00, 0x00, 0x00, 0x00, 0x00, 0x00, 0x00, 0x6F,
  0xF0, 0x00, 0x00, 0x00, 0x00, 0x00, 0x00, 0x00, 0x1B, 0xFE, 0x00, 0x00, 0x00, 0x00, 0x00, 0x00,
  0xAE, 0xEF, 0xFF, 0x50, 0x00, 0x00, 0x00, 0x00, 0x00, 0x09, 0xFF, 0xEA, 0x40, 0x00, 0x00, 0x00,
  0x00, 0x07, 0x88, 0x50, 0x00, 0x00, 0x00, 0x00, 0x09, 0xFF, 0xF1, 0x00, 0x00, 0x00, 0x00, 0x00,
  0xBF, 0xFA, 0x00, 0x00, 0x00, 0x00, 0x00, 0x0C, 0xFF, 0x40, 0x00, 0x00, 0x00, 0x00, 0x01, 0xDF,
  0xE1, 0x00, 0x00, 0x00, 0x00, 0x00, 0x1B, 0xFA, 0x00, 0x00, 0x00, 0x00, 0x00, 0x00, 0x00, 0x00,
  0x00, 0x00, 0x00, 0x00, 0x00, 0x00, 0x00, 0x00, 0xBF, 0xFF, 0xFF, 0xFF, 0xFF, 0xFF, 0xFD, 0xBF,
  0xFF, 0xFF, 0xFF, 0xFF, 0xFF, 0xFD, 0xBF, 0xFB, 0x88, 0x88, 0x88, 0x88, 0x87, 0xBF, 0xF5, 0x00,
  0x00, 0x00, 0x00, 0x00, 0xBF, 0xF5, 0x00, 0x00, 0x00, 0x00, 0x00, 0xBF, 0xF5, 0x00, 0x00, 0x00,
  0x00, 0x00, 0xBF, 0xF5, 0x00, 0x00, 0x00, 0x00, 0x00, 0xBF, 0xF5, 0x00, 0x00, 0x00, 0x00, 0x00,
  0xBF, 0xF5, 0x00, 0x00, 0x00, 0x00, 0x00, 0xBF, 0xF5, 0x00, 0x00, 0x00, 0x00, 0x00, 0xBF, 0xF5,
  0x00, 0x00, 0x00, 0x00, 0x00, 0xBF, 0xFF, 0xFF, 0xFF, 0xFF, 0xFF, 0xF4, 0xBF, 0xFF, 0xFF, 0xFF,
  0xFF, 0xFF, 0xF4, 0xBF, 0xFB, 0x88, 0x88, 0x88, 0x88, 0x82, 0xBF, 0xF5, 0x00, 0x00, 0x00, 0x00,
  0x00, 0xBF, 0xF5, 0x00, 0x00, 0x00, 0x00, 0x00, 0xBF, 0xF5, 0x00, 0x00, 0x00, 0x00, 0x00, 0xBF,
  0xF5, 0x00, 0x00, 0x00, 0x00, 0x00, 0xBF, 0xF5, 0x00, 0x00, 0x00, 0x00, 0x00, 0xBF, 0xF5, 0x00,
  0x00, 0x00, 0x00, 0x00, 0xBF, 0xF5, 0x00, 0x00, 0x00, 0x00, 0x00, 0xBF, 0xF5, 0x00, 0x00, 0x00,
  0x00, 0x00, 0xBF, 0xFB, 0x88, 0x88, 0x88, 0x88, 0x87, 0xBF, 0xFF, 0xFF, 0xFF, 0xFF, 0xFF, 0xFD,
  0xBF, 0xFF, 0xFF, 0xFF, 0xFF, 0xFF, 0xFD, 0x00, 0x00, 0x00, 0x00, 0x28, 0x88, 0x30, 0x00, 0x00,
  0x00, 0x00, 0xBF, 0xFD, 0x10, 0x00, 0x00, 0x00, 0x05, 0xFF, 0xF2, 0x00, 0x00, 0x00, 0x00, 0x1E,
  0xFF, 0x30, 0x00, 0x00, 0x00, 0x00, 0xAF, 0xF4, 0x00, 0x00, 0x00, 0x00, 0x04, 0xFE, 0x30, 0x00,
  0x00, 0x00, 0x00, 0x00, 0x00, 0x00, 0x00, 0x00, 0x00, 0x00, 0x00, 0x00, 0x00, 0x00, 0x00, 0xBF,
  0xFF, 0xFF, 0xFF, 0xFF, 0xFF, 0xFD, 0xBF, 0xFF, 0xFF, 0xFF, 0xFF, 0xFF, 0xFD, 0xBF, 0xFB, 0x88,
  0x88, 0x88, 0x88, 0x87, 0xBF, 0xF5, 0x00, 0x00, 0x00, 0x00, 0x00, 0xBF, 0xF5, 0x00, 0x00, 0x00,
  0x00, 0x00, 0xBF, 0xF5, 0x00, 0x00, 0x00, 0x00, 0x00, 0xBF, 0xF5, 0x00, 0x00, 0x00, 0x00, 0x00,
  0xBF, 0xF5, 0x00, 0x00, 0x00, 0x00, 0x00, 0xBF, 0xF5, 0x00, 0x00, 0x00, 0x00, 0x00, 0xBF, 0xF5,
  0x00, 0x00, 0x00, 0x00, 0x00, 0xBF, 0xF5, 0x00, 0x00, 0x00, 0x00, 0x00, 0xBF, 0xFF, 0xFF, 0xFF,
  0xFF, 0xFF, 0xF4, 0xBF, 0xFF, 0xFF, 0xFF, 0xFF, 0xFF, 0xF4, 0xBF, 0xFB, 0x88, 0x88, 0x88, 0x88,
  0x82, 0xBF, 0xF5, 0x00, 0x00, 0x00, 0x00, 0x00, 0xBF, 0xF5, 0x00, 0x00, 0x00, 0x00, 0x00, 0xBF,
  0xF5, 0x00, 0x00, 0x00, 0x00, 0x00, 0xBF, 0xF5, 0x00, 0x00, 0x00, 0x00, 0x00, 0xBF, 0xF5, 0x00,
  0x00, 0x00, 0x00, 0x00, 0xBF, 0xF5, 0x00, 0x00, 0x00, 0x00, 0x00, 0xBF, 0xF5, 0x00, 0x00, 0x00,
  0x00, 0x00, 0xBF, 0xF5, 0x00, 0x00, 0x00, 0x00, 0x00, 0xBF, 0xFB, 0x88, 0x88, 0x88, 0x88, 0x87,
  0xBF, 0xFF, 0xFF, 0xFF, 0xFF, 0xFF, 0xFD, 0xBF, 0xFF, 0xFF, 0xFF, 0xFF, 0xFF, 0xFD, 0x00, 0x00,
  0x02, 0x88, 0x70, 0x00, 0x00, 0x00, 0x00, 0x0D, 0xFF, 0xF8, 0x00, 0x00, 0x00, 0x00, 0xAF, 0xFF,
  0xFF, 0x40, 0x00, 0x00, 0x07, 0xFF, 0xA3, 0xEF, 0xF3, 0x00, 0x00, 0x5F, 0xF9, 0x00, 0x2D, 0xFE,
  0x20, 0x03, 0xFF, 0x50, 0x00, 0x00, 0xAF, 0xE0, 0x00, 0x00, 0x00, 0x00, 0x00, 0x00, 0x00, 0x00,
  0x00, 0x00, 0x00, 0x00, 0x00, 0x00, 0xBF, 0xFF, 0xFF, 0xFF, 0xFF, 0xFF, 0xFD, 0xBF, 0xFF, 0xFF,
  0xFF, 0xFF, 0xFF, 0xFD, 0xBF, 0xFB, 0x88, 0x88, 0x88, 0x88, 0x87, 0xBF, 0xF5, 0x00, 0x00, 0x00,
  0x00, 0x00, 0xBF, 0xF5, 0x00, 0x00, 0x00, 0x00, 0x00, 0xBF, 0xF5, 0x00, 0x00, 0x00, 0x00, 0x00,
  0xBF, 0xF5, 0x00, 0x00, 0x00, 0x00, 0x00, 0xBF, 0xF5, 0x00, 0x00, 0x00, 0x00, 0x00, 0xBF, 0xF5,
  0x00, 0x00, 0x00, 0x00, 0x00, 0xBF, 0xF5, 0x00, 0x00, 0x00, 0x00, 0x00, 0xBF, 0xF5, 0x00, 0x00,
  0x00, 0x00, 0x00, 0xBF, 0xFF, 0xFF, 0xFF, 0xFF, 0xFF, 0xF4, 0xBF, 0xFF, 0xFF, 0xFF, 0xFF, 0xFF,
  0xF4, 0xBF, 0xFB, 0x88, 0x88, 0x88, 0x88, 0x82, 0xBF, 0xF5, 0x00, 0x00, 0x00, 0x00, 0x00, 0xBF,
  0xF5, 0x00, 0x00, 0x00, 0x00, 0x00, 0xBF, 0xF5, 0x00, 0x00, 0x00, 0x00, 0x00, 0xBF, 0xF5, 0x00,
  0x00, 0x00, 0x00, 0x00, 0xBF, 0xF5, 0x00, 0x00, 0x00, 0x00, 0x00, 0xBF, 0xF5, 0x00, 0x00, 0x00,
  0x00, 0x00, 0xBF, 0xF5, 0x00, 0x00, 0x00, 0x00, 0x00, 0xBF, 0xF5, 0x00, 0x00, 0x00, 0x00, 0x00,
  0xBF, 0xFB, 0x88, 0x88, 0x88, 0x88, 0x87, 0xBF, 0xFF, 0xFF, 0xFF, 0xFF, 0xFF, 0xFD, 0xBF, 0xFF,
  0xFF, 0xFF, 0xFF, 0xFF, 0xFD, 0x00, 0x1D, 0xF6, 0x00, 0x09, 0xFB, 0x00, 0x00, 0x5F, 0xFC, 0x00,
  0x0F, 0xFF, 0x20, 0x00, 0x1D, 0xF6, 0x00, 0x08, 0xFA, 0x00, 0x00, 0x00, 0x00, 0x00, 0x00, 0x00,
  0x00, 0x00, 0x00, 0x00, 0x00, 0x00, 0x00, 0x00, 0x00, 0x00, 0x00, 0x00, 0x00, 0x00, 0x00, 0xBF,
  0xFF, 0xFF, 0xFF, 0xFF, 0xFF, 0xFD, 0xBF, 0xFF, 0xFF, 0xFF, 0xFF, 0xFF, 0xFD, 0xBF, 0xFB, 0x88,
  0x88, 0x88, 0x88, 0x87, 0xBF, 0xF5, 0x00, 0x00, 0x00, 0x00, 0x00, 0xBF, 0xF5, 0x00, 0x00, 0x00,
  0x00, 0x00, 0xBF, 0xF5, 0x00, 0x00, 0x00, 0x00, 0x00, 0xBF, 0xF5, 0x00, 0x00, 0x00, 0x00, 0x00,
  0xBF, 0xF5, 0x00, 0x00, 0x00, 0x00, 0x00, 0xBF, 0xF5, 0x00, 0x00, 0x00, 0x00, 0x00, 0xBF, 0xF5,
  0x00, 0x00, 0x00, 0x00, 0x00, 0xBF, 0xF5, 0x00, 0x00, 0x00, 0x00, 0x00, 0xBF, 0xFF, 0xFF, 0xFF,
  0xFF, 0xFF, 0xF4, 0xBF, 0xFF, 0xFF, 0xFF, 0xFF, 0xFF, 0xF4, 0xBF, 0xFB, 0x88, 0x88, 0x88, 0x88,
  0x82, 0xBF, 0xF5, 0x00, 0x00, 0x00, 0x00, 0x00, 0xBF, 0xF5, 0x00, 0x00, 0x00, 0x00, 0x00, 0xBF,
  0xF5, 0x00, 0x00, 0x00, 0x00, 0x00, 0xBF, 0xF5, 0x00, 0x00, 0x00, 0x00, 0x00, 0xBF, 0xF5, 0x00,
  0x00, 0x00, 0x00, 0x00, 0xBF, 0xF5, 0x00, 0x00, 0x00, 0x00, 0x00, 0xBF, 0xF5, 0x00, 0x00, 0x00,
  0x00, 0x00, 0xBF, 0xF5, 0x00, 0x00, 0x00, 0x00, 0x00, 0xBF, 0xFB, 0x88, 0x88, 0x88, 0x88, 0x87,
  0xBF, 0xFF, 0xFF, 0xFF, 0xFF, 0xFF, 0xFD, 0xBF, 0xFF, 0xFF, 0xFF, 0xFF, 0xFF, 0xFD, 0x58, 0x87,
  0x00, 0x00, 0x00, 0x3F, 0xFF, 0x70, 0x00, 0x00, 0x05, 0xFF, 0xF1, 0x00, 0x00, 0x00, 0x7F, 0xFB,
  0x00, 0x00, 0x00, 0x07, 0xFF, 0x60, 0x00, 0x00, 0x00, 0x6F, 0xF1, 0x00, 0x00, 0x00, 0x00, 0x00,
  0x00, 0x00, 0x00, 0x00, 0x00, 0x00, 0xAF, 0xFF, 0xFF, 0xFF, 0xF2, 0xAF, 0xFF, 0xFF, 0xFF, 0xF1,
  0x04, 0x7E, 0xFF, 0xB5, 0x10, 0x00, 0x0C, 0xFF, 0x40, 0x00, 0x00, 0x0C, 0xFF, 0x40, 0x00, 0x00,
  0x0C, 0xFF, 0x40, 0x00, 0x00, 0x0C, 0xFF, 0x40, 0x00, 0x00, 0x0C, 0xFF, 0x40, 0x00, 0x00, 0x0C,
  0xFF, 0x40, 0x00, 0x00, 0x0C, 0xFF, 0x40, 0x00, 0x00, 0x0C, 0xFF, 0x40, 0x00, 0x00, 0x0C, 0xFF,
  0x40, 0x00, 0x00, 0x0C, 0xFF, 0x40, 0x00, 0x00, 0x0C, 0xFF, 0x40, 0x00, 0x00, 0x0C, 0xFF, 0x40,
  0x00, 0x00, 0x0C, 0xFF, 0x40, 0x00, 0x00, 0x0C, 0xFF, 0x40, 0x00, 0x00, 0x0C, 0xFF, 0x40, 0x00,
  0x00, 0x0C, 0xFF, 0x40, 0x00, 0x00, 0x0C, 0xFF, 0x40, 0x00, 0x00, 0x0C, 0xFF, 0x40, 0x00, 0x00,
  0x0C, 0xFF, 0x40, 0x00, 0x01, 0x4D, 0xFF, 0x82, 0x00, 0x8F, 0xFF, 0xFF, 0xFF, 0xE1, 0xAF, 0xFF,
  0xFF, 0xFF, 0xF2, 0x00, 0x00, 0x00, 0x78, 0x86, 0x00, 0x00, 0x05, 0xFF, 0xF5, 0x00, 0x00, 0x0E,
  0xFF, 0x80, 0x00, 0x00, 0x8F, 0xF9, 0x00, 0x00, 0x03, 0xFF, 0xA0, 0x00, 0x00, 0x0E, 0xF8, 0x00,
  0x00, 0x00, 0x00, 0x00, 0x00, 0x00, 0x00, 0x00, 0x00, 0x00, 0x00, 0xAF, 0xFF, 0xFF, 0xFF, 0xF2,
  0xAF, 0xFF, 0xFF, 0xFF, 0xF1, 0x04, 0x7E, 0xFF, 0xB5, 0x10, 0x00, 0x0C, 0xFF, 0x40, 0x00, 0x00,
  0x0C, 0xFF, 0x40, 0x00, 0x00, 0x0C, 0xFF, 0x40, 0x00, 0x00, 0x0C, 0xFF, 0x40, 0x00, 0x00, 0x0C,
  0xFF, 0x40, 0x00, 0x00, 0x0C, 0xFF, 0x40, 0x00, 0x00, 0x0C, 0xFF, 0x40, 0x00, 0x00, 0x0C, 0xFF,
  0x40, 0x00, 0x00, 0x0C, 0xFF, 0x40, 0x00, 0x00, 0x0C, 0xFF, 0x40, 0x00, 0x00, 0x0C, 0xFF, 0x40,
  0x00, 0x00, 0x0C, 0xFF, 0x40, 0x00, 0x00, 0x0C, 0xFF, 0x40, 0x00, 0x00, 0x0C, 0xFF, 0x40, 0x00,
  0x00, 0x0C, 0xFF, 0x40, 0x00, 0x00, 0x0C, 0xFF, 0x40, 0x00, 0x00, 0x0C, 0xFF, 0x40, 0x00, 0x00,
  0x0C, 0xFF, 0x40, 0x00, 0x00, 0x0C, 0xFF, 0x40, 0x00, 0x01, 0x4D, 0xFF, 0x82, 0x00, 0x8F, 0xFF,
  0xFF, 0xFF, 0xE1, 0xAF, 0xFF, 0xFF, 0xFF, 0xF2, 0x00, 0x00, 0x78, 0x83, 0x00, 0x00, 0x00, 0x07,
  0xFF, 0xFE, 0x10, 0x00, 0x00, 0x3F, 0xFF, 0xFF, 0xB0, 0x00, 0x02, 0xEF, 0xE3, 0xAF, 0xF9, 0x00,
  0x1D, 0xFD, 0x20, 0x08, 0xFF, 0x70, 0xCF, 0xB1, 0x00, 0x00, 0x5E, 0xF5, 0x00, 0x00, 0x00, 0x00,
  0x00, 0x00, 0x00, 0x00, 0x00, 0x00, 0x00, 0x00, 0x0A, 0xFF, 0xFF, 0xFF, 0xFF, 0x20, 0x0A, 0xFF,
  0xFF, 0xFF, 0xFF, 0x10, 0x00, 0x47, 0xEF, 0xFB, 0x51, 0x00, 0x00, 0x00, 0xCF, 0xF4, 0x00, 0x00,
  0x00, 0x00, 0xCF, 0xF4, 0x00, 0x00, 0x00, 0x00, 0xCF, 0xF4, 0x00, 0x00, 0x00, 0x00, 0xCF, 0xF4,
  0x00, 0x00, 0x00, 0x00, 0xCF, 0xF4, 0x00, 0x00, 0x00, 0x00, 0xCF, 0xF4, 0x00, 0x00, 0x00, 0x00,
  0xCF, 0xF4, 0x00, 0x00, 0x00, 0x00, 0xCF, 0xF4, 0x00, 0x00, 0x00, 0x00, 0xCF, 0xF4, 0x00, 0x00,
  0x00, 0x00, 0xCF, 0xF4, 0x00, 0x00, 0x00, 0x00, 0xCF, 0xF4, 0x00, 0x00, 0x00, 0x00, 0xCF, 0xF4,
  0x00, 0x00, 0x00, 0x00, 0xCF, 0xF4, 0x00, 0x00, 0x00, 0x00, 0xCF, 0xF4, 0x00, 0x00, 0x00, 0x00,
  0xCF, 0xF4, 0x00, 0x00, 0x00, 0x00, 0xCF, 0xF4, 0x00, 0x00, 0x00, 0x00, 0xCF, 0xF4, 0x00, 0x00,
  0x00, 0x00, 0xCF, 0xF4, 0x00, 0x00, 0x00, 0x00, 0xCF, 0xF4, 0x00, 0x00, 0x00, 0x14, 0xDF, 0xF8,
  0x20, 0x00, 0x08, 0xFF, 0xFF, 0xFF, 0xFE, 0x10, 0x0A, 0xFF, 0xFF, 0xFF, 0xFF, 0x20, 0x8F, 0xB0,
  0x00, 0x3E, 0xE3, 0xFF, 0xF2, 0x00, 0x8F, 0xF8, 0x8F, 0xB0, 0x00, 0x3E, 0xE3, 0x00, 0x00, 0x00,
  0x00, 0x00, 0x00, 0x00, 0x00, 0x00, 0x00, 0x00, 0x00, 0x00, 0x00, 0x00, 0xAF, 0xFF, 0xFF, 0xFF,
  0xF2, 0xAF, 0xFF, 0xFF, 0xFF, 0xF1, 0x04, 0x7E, 0xFF, 0xB5, 0x10, 0x00, 0x0C, 0xFF, 0x40, 0x00,
  0x00, 0x0C, 0xFF, 0x40, 0x00, 0x00, 0x0C, 0xFF, 0x40, 0x00, 0x00, 0x0C, 0xFF, 0x40, 0x00, 0x00,
  0x0C, 0xFF, 0x40, 0x00, 0x00, 0x0C, 0xFF, 0x40, 0x00, 0x00, 0x0C, 0xFF, 0x40, 0x00, 0x00, 0x0C,
  0xFF, 0x40, 0x00, 0x00, 0x0C, 0xFF, 0x40, 0x00, 0x00, 0x0C, 0xFF, 0x40, 0x00, 0x00, 0x0C, 0xFF,
  0x40, 0x00, 0x00, 0x0C, 0xFF, 0x40, 0x00, 0x00, 0x0C, 0xFF, 0x40, 0x00, 0x00, 0x0C, 0xFF, 0x40,
  0x00, 0x00, 0x0C, 0xFF, 0x40, 0x00, 0x00, 0x0C, 0xFF, 0x40, 0x00, 0x00, 0x0C, 0xFF, 0x40, 0x00,
  0x00, 0x0C, 0xFF, 0x40, 0x00, 0x00, 0x0C, 0xFF, 0x40, 0x00, 0x01, 0x4D, 0xFF, 0x82, 0x00, 0x8F,
  0xFF, 0xFF, 0xFF, 0xE1, 0xAF, 0xFF, 0xFF, 0xFF, 0xF2, 0x00, 0x7F, 0xFF, 0xFF, 0xFF, 0xFE, 0xC8,
  0x40, 0x00, 0x00, 0x00, 0x00, 0x7F, 0xFF, 0xFF, 0xFF, 0xFF, 0xFF, 0xFD, 0x50, 0x00, 0x00, 0x00,
  0x7F, 0xFC, 0x88, 0x88, 0x9B, 0xFF, 0xFF, 0xFA, 0x00, 0x00, 0x00, 0x7F, 0xF9, 0x00, 0x00, 0x00,
  0x04, 0xBF, 0xFF, 0xC0, 0x00, 0x00, 0x7F, 0xF9, 0x00, 0x00, 0x00, 0x00, 0x07, 0xFF, 0xF9, 0x00,
  0x00, 0x7F, 0xF9, 0x00, 0x00, 0x00, 0x00, 0x00, 0x7F, 0xFF, 0x30, 0x00, 0x7F, 0xF9, 0x00, 0x00,
  0x00, 0x00, 0x00, 0x0B, 0xFF, 0xB0, 0x00, 0x7F, 0xF9, 0x00, 0x00, 0x00, 0x00, 0x00, 0x04, 0xFF,
  0xF1, 0x00, 0x7F, 0xF9, 0x00, 0x00, 0x00, 0x00, 0x00, 0x00, 0xFF, 0xF5, 0x00, 0x7F, 0xF9, 0x00,
  0x00, 0x00, 0x00, 0x00, 0x00, 0xBF, 0xF8, 0x00, 0x7F, 0xF9, 0x00, 0x00, 0x00, 0x00, 0x00, 0x00,
  0x9F, 0xFA, 0x88, 0xCF, 0xFC, 0x88, 0x88, 0x85, 0x00, 0x00, 0x00, 0x8F, 0xFB, 0xFF, 0xFF, 0xFF,
  0xFF, 0xFF, 0xFA, 0x00, 0x00, 0x00, 0x8F, 0xFB, 0xFF, 0xFF, 0xFF, 0xFF, 0xFF, 0xFA, 0x00, 0x00,
  0x00, 0x8F, 0xFA, 0x00, 0x7F, 0xF9, 0x00, 0x00, 0x00, 0x00, 0x00, 0x00, 0xAF, 0xF9, 0x00, 0x7F,
  0xF9, 0x00, 0x00, 0x00, 0x00, 0x00, 0x00, 0xDF, 0xF7, 0x00, 0x7F, 0xF9, 0x00, 0x00, 0x00, 0x00,
  0x00, 0x00, 0xFF, 0xF3, 0x00, 0x7F, 0xF9, 0x00, 0x00, 0x00, 0x00, 0x00, 0x06, 0xFF, 0xF0, 0x00,
  0x7F, 0xF9, 0x00, 0x00, 0x00, 0x00, 0x00, 0x0D, 0xFF, 0x90, 0x00, 0x7F, 0xF9, 0x00, 0x00, 0x00,
  0x00, 0x00, 0x9F, 0xFF, 0x10, 0x00, 0x7F, 0xF9, 0x00, 0x00, 0x00, 0x00, 0x09, 0xFF, 0xF7, 0x00,
  0x00, 0x7F, 0xF9, 0x00, 0x00, 0x00, 0x06, 0xDF, 0xFF, 0x90, 0x00, 0x00, 0x7F, 0xFC, 0x88, 0x89,
  0xAD, 0xFF, 0xFF, 0xF7, 0x00, 0x00, 0x00, 0x7F, 0xFF, 0xFF, 0xFF, 0xFF, 0xFF, 0xFA, 0x30, 0x00,
  0x00, 0x00, 0x7F, 0xFF, 0xFF, 0xFF, 0xED, 0xA6, 0x20, 0x00, 0x00, 0x00, 0x00, 0x00, 0x00, 0x68,
  0x50, 0x00, 0x00, 0x58, 0x10, 0x00, 0x00, 0x00, 0x1D, 0xFF, 0xFE, 0x50, 0x00, 0xEF, 0x00, 0x00,
  0x00, 0x00, 0x9F, 0xFF, 0xFF, 0xFD, 0x9C, 0xFA, 0x00, 0x00, 0x00, 0x00, 0xFF, 0x30, 0x5D, 0xFF,
  0xFF, 0xF2, 0x00, 0x00, 0x00, 0x03, 0xF9, 0x00, 0x00, 0x6D, 0xFD, 0x40, 0x00, 0x00, 0x00, 0x00,
  0x00, 0x00, 0x00, 0x00, 0x00, 0x00, 0x00, 0x00, 0x00, 0x00, 0x00, 0x00, 0x00, 0x00, 0x00, 0x00,
  0x00, 0x00, 0xBF, 0xFF, 0x20, 0x00, 0x00, 0x00, 0x00, 0x00, 0x5F, 0xF8, 0xBF, 0xFF, 0xC0, 0x00,
  0x00, 0x00, 0x00, 0x00, 0x5F, 0xF8, 0xBF, 0xFF, 0xF7, 0x00, 0x00, 0x00, 0x00, 0x00, 0x5F, 0xF8,
  0xBF, 0xFF, 0xFF, 0x20, 0x00, 0x00, 0x00, 0x00, 0x5F, 0xF8, 0xBF, 0xEE, 0xFF, 0xB0, 0x00, 0x00,
  0x00, 0x00, 0x5F, 0xF8, 0xBF, 0xE4, 0xFF, 0xF5, 0x00, 0x00, 0x00, 0x00, 0x5F, 0xF8, 0xBF, 0xF0,
  0xAF, 0xFE, 0x10, 0x00, 0x00, 0x00, 0x5F, 0xF8, 0xBF, 0xF0, 0x1F, 0xFF, 0xA0, 0x00, 0x00, 0x00,
  0x5F, 0xF8, 0xBF, 0xF0, 0x06, 0xFF, 0xF4, 0x00, 0x00, 0x00, 0x5F, 0xF8, 0xBF, 0xF1, 0x00, 0xCF,
  0xFE, 0x00, 0x00, 0x00, 0x5F, 0xF8, 0xBF, 0xF1, 0x00, 0x2F, 0xFF, 0x90, 0x00, 0x00, 0x5F, 0xF8,
  0xBF, 0xF1, 0x00, 0x08, 0xFF, 0xF3, 0x00, 0x00, 0x5F, 0xF8, 0xBF, 0xF2, 0x00, 0x00, 0xDF, 0xFD,
  0x00, 0x00, 0x5F, 0xF8, 0xBF, 0xF2, 0x00, 0x00, 0x4F, 0xFF, 0x80, 0x00, 0x4F, 0xF8, 0xBF, 0xF2,
  0x00, 0x00, 0x0A, 0xFF, 0xF3, 0x00, 0x4F, 0xF8, 0xBF, 0xF2, 0x00, 0x00, 0x01, 0xEF, 0xFC, 0x00,
  0x4F, 0xF8, 0xBF, 0xF2, 0x00, 0x00, 0x00, 0x6F, 0xFF, 0x70, 0x3F, 0xF8, 0xBF, 0xF2, 0x00, 0x00,
  0x00, 0x0C, 0xFF, 0xF2, 0x3F, 0xF8, 0xBF, 0xF2, 0x00, 0x00, 0x00, 0x02, 0xFF, 0xFB, 0x2F, 0xF8,
  0xBF, 0xF2, 0x00, 0x00, 0x00, 0x00, 0x7F, 0xFF, 0x8F, 0xF8, 0xBF, 0xF2, 0x00, 0x00, 0x00, 0x00,
  0x0D, 0xFF, 0xFF, 0xF8, 0xBF, 0xF2, 0x00, 0x00, 0x00, 0x00, 0x03, 0xFF, 0xFF, 0xF8, 0xBF, 0xF2,
  0x00, 0x00, 0x00, 0x00, 0x00, 0x9F, 0xFF, 0xF8, 0xBF, 0xF2, 0x00, 0x00, 0x00, 0x00, 0x00, 0x1E,
  0xFF, 0xF8, 0xBF, 0xF2, 0x00, 0x00, 0x00, 0x00, 0x00, 0x05, 0xFF, 0xF8, 0x00, 0x00, 0x00, 0x08,
  0x88, 0x40, 0x00, 0x00, 0x00, 0x00, 0x00, 0x00, 0x00, 0x00, 0x00, 0xAF, 0xFE, 0x10, 0x00, 0x00,
  0x00, 0x00, 0x00, 0x00, 0x00, 0x00, 0x00, 0xCF, 0xF9, 0x00, 0x00, 0x00, 0x00, 0x00, 0x00, 0x00,
  0x00, 0x00, 0x01, 0xDF, 0xF3, 0x00, 0x00, 0x00, 0x00, 0x00, 0x00, 0x00, 0x00, 0x00, 0x01, 0xDF,
  0xD0, 0x00, 0x00, 0x00, 0x00, 0x00, 0x00, 0x00, 0x00, 0x00, 0x01, 0xCF, 0x90, 0x00, 0x00, 0x00,
  0x00, 0x00, 0x00, 0x00, 0x00, 0x00, 0x00, 0x00, 0x00, 0x00, 0x00, 0x00, 0x00, 0x00, 0x00, 0x00,
  0x00, 0x00, 0x00, 0x00, 0x00, 0x00, 0x00, 0x00, 0x00, 0x00, 0x00, 0x27, 0xBE, 0xFF, 0xED, 0xA5,
  0x00, 0x00, 0x00, 0x00, 0x00, 0x01, 0xAF, 0xFF, 0xFF, 0xFF, 0xFF, 0xFE, 0x60, 0x00, 0x00, 0x00,
  0x04, 0xEF, 0xFF, 0xFB, 0x98, 0xAC, 0xFF, 0xFF, 0xA0, 0x00, 0x00, 0x03, 0xFF, 0xFE, 0x50, 0x00,
  0x00, 0x01, 0x9F, 0xFF, 0xA0, 0x00, 0x00, 0xEF, 0xFD, 0x10, 0x00, 0x00, 0x00, 0x00, 0x4F, 0xFF,
  0x60, 0x00, 0x7F, 0xFF, 0x10, 0x00, 0x00, 0x00, 0x00, 0x00, 0x7F, 0xFE, 0x00, 0x0E, 0xFF, 0x70,
  0x00, 0x00, 0x00, 0x00, 0x00, 0x00, 0xEF, 0xF6, 0x04, 0xFF, 0xF1, 0x00, 0x00, 0x00, 0x00, 0x00,
  0x00, 0x08, 0xFF, 0xC0, 0x8F, 0xFC, 0x00, 0x00, 0x00, 0x00, 0x00, 0x00, 0x00, 0x3F, 0xFF, 0x0B,
  0xFF, 0x80, 0x00, 0x00, 0x00, 0x00, 0x00, 0x00, 0x00, 0xFF, 0xF3, 0xDF, 0xF6, 0x00, 0x00, 0x00,
  0x00, 0x00, 0x00, 0x00, 0x0D, 0xFF, 0x5E, 0xFF, 0x50, 0x00, 0x00, 0x00, 0x00, 0x00, 0x00, 0x00,
  0xCF, 0xF7, 0xEF, 0xF4, 0x00, 0x00, 0x00, 0x00, 0x00, 0x00, 0x00, 0x0C, 0xFF, 0x7E, 0xFF, 0x50,
  0x00, 0x00, 0x00, 0x00, 0x00, 0x00, 0x00, 0xCF, 0xF7, 0xDF, 0xF6, 0x00, 0x00, 0x00, 0x00, 0x00,
  0x00, 0x00, 0x0D, 0xFF, 0x5A, 0xFF, 0x90, 0x00, 0x00, 0x00, 0x00, 0x00, 0x00, 0x00, 0xFF, 0xF3,
  0x7F, 0xFC, 0x00, 0x00, 0x00, 0x00, 0x00, 0x00, 0x00, 0x3F, 0xFF, 0x03, 0xFF, 0xF1, 0x00, 0x00,
  0x00, 0x00, 0x00, 0x00, 0x08, 0xFF, 0xC0, 0x0E, 0xFF, 0x70, 0x00, 0x00, 0x00, 0x00, 0x00, 0x00,
  0xEF, 0xF6, 0x00, 0x7F, 0xFF, 0x10, 0x00, 0x00, 0x00, 0x00, 0x00, 0x7F, 0xFE, 0x00, 0x00, 0xDF,
  0xFD, 0x10, 0x00, 0x00, 0x00, 0x00, 0x5F, 0xFF, 0x60, 0x00, 0x03, 0xFF, 0xFE, 0x50, 0x00, 0x00,
  0x01, 0x9F, 0xFF, 0xA0, 0x00, 0x00, 0x04, 0xEF, 0xFF, 0xFB, 0x98, 0xAC, 0xFF, 0xFF, 0xA0, 0x00,
  0x00, 0x00, 0x02, 0xAF, 0xFF, 0xFF, 0xFF, 0xFF, 0xFE, 0x60, 0x00, 0x00, 0x00, 0x00, 0x00, 0x27,
  0xBE, 0xFF, 0xED, 0xA5, 0x00, 0x00, 0x00, 0x00, 0x00, 0x00, 0x00, 0x00, 0x00, 0x00, 0x38, 0x88,
  0x20, 0x00, 0x00, 0x00, 0x00, 0x00, 0x00, 0x00, 0x00, 0x0D, 0xFF, 0xD0, 0x00, 0x00, 0x00, 0x00,
  0x00, 0x00, 0x00, 0x00, 0x06, 0xFF, 0xE2, 0x00, 0x00, 0x00, 0x00, 0x00, 0x00, 0x00, 0x00, 0x01,
  0xFF, 0xE2, 0x00, 0x00, 0x00, 0x00, 0x00, 0x00, 0x00, 0x00, 0x00, 0xBF, 0xF3, 0x00, 0x00, 0x00,
  0x00, 0x00, 0x00, 0x00, 0x00, 0x00, 0x5F, 0xE2, 0x00, 0x00, 0x00, 0x00, 0x00, 0x00, 0x00, 0x00,
  0x00, 0x00, 0x00, 0x00, 0x00, 0x00, 0x00, 0x00, 0x00, 0x00, 0x00, 0x00, 0x00, 0x00, 0x00, 0x00,
  0x00, 0x00, 0x00, 0x00, 0x00, 0x00, 0x00, 0x27, 0xBE, 0xFF, 0xED, 0xA5, 0x00, 0x00, 0x00, 0x00,
  0x00, 0x01, 0xAF, 0xFF, 0xFF, 0xFF, 0xFF, 0xFE, 0x60, 0x00, 0x00, 0x00, 0x04, 0xEF, 0xFF, 0xFB,
  0x98, 0xAC, 0xFF, 0xFF, 0xA0, 0x00, 0x00, 0x03, 0xFF, 0xFE, 0x50, 0x00, 0x00, 0x01, 0x9F, 0xFF,
  0xA0, 0x00, 0x00, 0xEF, 0xFD, 0x10, 0x00, 0x00, 0x00, 0x00, 0x4F, 0xFF, 0x60, 0x00, 0x7F, 0xFF,
  0x10, 0x00, 0x00, 0x00, 0x00, 0x00, 0x7F, 0xFE, 0x00, 0x0E, 0xFF, 0x70, 0x00, 0x00, 0x00, 0x00,
  0x00, 0x00, 0xEF, 0xF6, 0x04, 0xFF, 0xF1, 0x00, 0x00, 0x00, 0x00, 0x00, 0x00, 0x08, 0xFF, 0xC0,
  0x8F, 0xFC, 0x00, 0x00, 0x00, 0x00, 0x00, 0x00, 0x00, 0x3F, 0xFF, 0x0B, 0xFF, 0x80, 0x00, 0x00,
  0x00, 0x00, 0x00, 0x00, 0x00, 0xFF, 0xF3, 0xDF, 0xF6, 0x00, 0x00, 0x00, 0x00, 0x00, 0x00, 0x00,
  0x0D, 0xFF, 0x5E, 0xFF, 0x50, 0x00, 0x00, 0x00, 0x00, 0x00, 0x00, 0x00, 0xCF, 0xF7, 0xEF, 0xF4,
  0x00, 0x00, 0x00, 0x00, 0x00, 0x00, 0x00, 0x0C, 0xFF, 0x7E, 0xFF, 0x50, 0x00, 0x00, 0x00, 0x00,
  0x00, 0x00, 0x00, 0xCF, 0xF7, 0xDF, 0xF6, 0x00, 0x00, 0x00, 0x00, 0x00, 0x00, 0x00, 0x0D, 0xFF,
  0x5A, 0xFF, 0x90, 0x00, 0x00, 0x00, 0x00, 0x00, 0x00, 0x00, 0xFF, 0xF3, 0x7F, 0xFC, 0x00, 0x00,
  0x00, 0x00, 0x00, 0x00, 0x00, 0x3F, 0xFF, 0x03, 0xFF, 0xF1, 0x00, 0x00, 0x00, 0x00, 0x00, 0x00,
  0x08, 0xFF, 0xC0, 0x0E, 0xFF, 0x70, 0x00, 0x00, 0x00, 0x00, 0x00, 0x00, 0xEF, 0xF6, 0x00, 0x7F,
  0xFF, 0x10, 0x00, 0x00, 0x00, 0x00, 0x00, 0x7F, 0xFE, 0x00, 0x00, 0xDF, 0xFD, 0x10, 0x00, 0x00,
  0x00, 0x00, 0x5F, 0xFF, 0x60, 0x00, 0x03, 0xFF, 0xFE, 0x50, 0x00, 0x00, 0x01, 0x9F, 0xFF, 0xA0,
  0x00, 0x00, 0x04, 0xEF, 0xFF, 0xFB, 0x98, 0xAC, 0xFF, 0xFF, 0xA0, 0x00, 0x00, 0x00, 0x02, 0xAF,
  0xFF, 0xFF, 0xFF, 0xFF, 0xFE, 0x60, 0x00, 0x00, 0x00, 0x00, 0x00, 0x27, 0xBE, 0xFF, 0xED, 0xA5,
  0x00, 0x00, 0x00, 0x00, 0x00, 0x00, 0x00, 0x00, 0x03, 0x88, 0x70, 0x00, 0x00, 0x00, 0x00, 0x00,
  0x00, 0x00, 0x00, 0x01, 0xEF, 0xFF, 0x70, 0x00, 0x00, 0x00, 0x00, 0x00, 0x00, 0x00, 0x00, 0xBF,
  0xFF, 0xFF, 0x30, 0x00, 0x00, 0x00, 0x00, 0x00, 0x00, 0x00, 0x8F, 0xF9, 0x3E, 0xFE, 0x20, 0x00,
  0x00, 0x00, 0x00, 0x00, 0x00, 0x6F, 0xF8, 0x00, 0x2E, 0xFD, 0x10, 0x00, 0x00, 0x00, 0x00, 0x00,
  0x4F, 0xF5, 0x00, 0x00, 0x1A, 0xFD, 0x00, 0x00, 0x00, 0x00, 0x00, 0x00, 0x00, 0x00, 0x00, 0x00,
  0x00, 0x00, 0x00, 0x00, 0x00, 0x00, 0x00, 0x00, 0x00, 0x00, 0x00, 0x00, 0x00, 0x00, 0x00, 0x00,
  0x00, 0x00, 0x00, 0x27, 0xBE, 0xFF, 0xED, 0xA5, 0x00, 0x00, 0x00, 0x00, 0x00, 0x01, 0xAF, 0xFF,
  0xFF, 0xFF, 0xFF, 0xFE, 0x60, 0x00, 0x00, 0x00, 0x04, 0xEF, 0xFF, 0xFB, 0x98, 0xAC, 0xFF, 0xFF,
  0xA0, 0x00, 0x00, 0x03, 0xFF, 0xFE, 0x50, 0x00, 0x00, 0x01, 0x9F, 0xFF, 0xA0, 0x00, 0x00, 0xEF,
  0xFD, 0x10, 0x00, 0x00, 0x00, 0x00, 0x4F, 0xFF, 0x60, 0x00, 0x7F, 0xFF, 0x10, 0x00, 0x00, 0x00,
  0x00, 0x00, 0x7F, 0xFE, 0x00, 0x0E, 0xFF, 0x70, 0x00, 0x00, 0x00, 0x00, 0x00, 0x00, 0xEF, 0xF6,
  0x04, 0xFF, 0xF1, 0x00, 0x00, 0x00, 0x00, 0x00, 0x00, 0x08, 0xFF, 0xC0, 0x8F, 0xFC, 0x00, 0x00,
  0x00, 0x00, 0x00, 0x00, 0x00, 0x3F, 0xFF, 0x0B, 0xFF, 0x80, 0x00, 0x00, 0x00, 0x00, 0x00, 0x00,
  0x00, 0xFF, 0xF3, 0xDF, 0xF6, 0x00, 0x00, 0x00, 0x00, 0x00, 0x00, 0x00, 0x0D, 0xFF, 0x5E, 0xFF,
  0x50, 0x00, 0x00, 0x00, 0x00, 0x00, 0x00, 0x00, 0xCF, 0xF7, 0xEF, 0xF4, 0x00, 0x00, 0x00, 0x00,
  0x00, 0x00, 0x00, 0x0C, 0xFF, 0x7E, 0xFF, 0x50, 0x00, 0x00, 0x00, 0x00, 0x00, 0x00, 0x00, 0xCF,
  0xF7, 0xDF, 0xF6, 0x00, 0x00, 0x00, 0x00, 0x00, 0x00, 0x00, 0x0D, 0xFF, 0x5A, 0xFF, 0x90, 0x00,
  0x00, 0x00, 0x00, 0x00, 0x00, 0x00, 0xFF, 0xF3, 0x7F, 0xFC, 0x00, 0x00, 0x00, 0x00, 0x00, 0x00,
  0x00, 0x3F, 0xFF, 0x03, 0xFF, 0xF1, 0x00, 0x00, 0x00, 0x00, 0x00, 0x00, 0x08, 0xFF, 0xC0, 0x0E,
  0xFF, 0x70, 0x00, 0x00, 0x00, 0x00, 0x00, 0x00, 0xEF, 0xF6, 0x00, 0x7F, 0xFF, 0x10, 0x00, 0x00,
  0x00, 0x00, 0x00, 0x7F, 0xFE, 0x00, 0x00, 0xDF, 0xFD, 0x10, 0x00, 0x00, 0x00, 0x00, 0x5F, 0xFF,
  0x60, 0x00, 0x03, 0xFF, 0xFE, 0x50, 0x00, 0x00, 0x01, 0x9F, 0xFF, 0xA0, 0x00, 0x00, 0x04, 0xEF,
  0xFF, 0xFB, 0x98, 0xAC, 0xFF, 0xFF, 0xA0, 0x00, 0x00, 0x00, 0x02, 0xAF, 0xFF, 0xFF, 0xFF, 0xFF,
  0xFE, 0x60, 0x00, 0x00, 0x00, 0x00, 0x00, 0x27, 0xBE, 0xFF, 0xED, 0xA5, 0x00, 0x00, 0x00, 0x00,
  0x00, 0x00, 0x00, 0x03, 0x76, 0x10, 0x00, 0x01, 0x84, 0x00, 0x00, 0x00, 0x00, 0x00, 0x08, 0xFF,
  0xFF, 0x91, 0x00, 0x8F, 0x50, 0x00, 0x00, 0x00, 0x00, 0x03, 0xFF, 0xFF, 0xFF, 0xF9, 0xAF, 0xF1,
  0x00, 0x00, 0x00, 0x00, 0x00, 0x9F, 0x80, 0x2A, 0xFF, 0xFF, 0xF8, 0x00, 0x00, 0x00, 0x00, 0x00,
  0x0D, 0xF0, 0x00, 0x03, 0xBF, 0xE8, 0x00, 0x00, 0x00, 0x00, 0x00, 0x00, 0x00, 0x00, 0x00, 0x00,
  0x00, 0x00, 0x00, 0x00, 0x00, 0x00, 0x00, 0x00, 0x00, 0x00, 0x00, 0x00, 0x00, 0x00, 0x00, 0x00,
  0x00, 0x00, 0x00, 0x02, 0x7B, 0xEF, 0xFE, 0xDA, 0x50, 0x00, 0x00, 0x00, 0x00, 0x00, 0x1A, 0xFF,
  0xFF, 0xFF, 0xFF, 0xFF, 0xE6, 0x00, 0x00, 0x00, 0x00, 0x4E, 0xFF, 0xFF, 0xB9, 0x8A, 0xCF, 0xFF,
  0xFA, 0x00, 0x00, 0x00, 0x3F, 0xFF, 0xE5, 0x00, 0x00, 0x00, 0x19, 0xFF, 0xFA, 0x00, 0x00, 0x0E,
  0xFF, 0xD1, 0x00, 0x00, 0x00, 0x00, 0x04, 0xFF, 0xF6, 0x00, 0x07, 0xFF, 0xF1, 0x00, 0x00, 0x00,
  0x00, 0x00, 0x07, 0xFF, 0xE0, 0x00, 0xEF, 0xF7, 0x00, 0x00, 0x00, 0x00, 0x00, 0x00, 0x0E, 0xFF,
  0x60, 0x4F, 0xFF, 0x10, 0x00, 0x00, 0x00, 0x00, 0x00, 0x00, 0x8F, 0xFC, 0x08, 0xFF, 0xC0, 0x00,
  0x00, 0x00, 0x00, 0x00, 0x00, 0x03, 0xFF, 0xF0, 0xBF, 0xF8, 0x00, 0x00, 0x00, 0x00, 0x00, 0x00,
  0x00, 0x0F, 0xFF, 0x3D, 0xFF, 0x60, 0x00, 0x00, 0x00, 0x00, 0x00, 0x00, 0x00, 0xDF, 0xF5, 0xEF,
  0xF5, 0x00, 0x00, 0x00, 0x00, 0x00, 0x00, 0x00, 0x0C, 0xFF, 0x7E, 0xFF, 0x40, 0x00, 0x00, 0x00,
  0x00, 0x00, 0x00, 0x00, 0xCF, 0xF7, 0xEF, 0xF5, 0x00, 0x00, 0x00, 0x00, 0x00, 0x00, 0x00, 0x0C,
  0xFF, 0x7D, 0xFF, 0x60, 0x00, 0x00, 0x00, 0x00, 0x00, 0x00, 0x00, 0xDF, 0xF5, 0xAF, 0xF9, 0x00,
  0x00, 0x00, 0x00, 0x00, 0x00, 0x00, 0x0F, 0xFF, 0x37, 0xFF, 0xC0, 0x00, 0x00, 0x00, 0x00, 0x00,
  0x00, 0x03, 0xFF, 0xF0, 0x3F, 0xFF, 0x10, 0x00, 0x00, 0x00, 0x00, 0x00, 0x00, 0x8F, 0xFC, 0x00,
  0xEF, 0xF7, 0x00, 0x00, 0x00, 0x00, 0x00, 0x00, 0x0E, 0xFF, 0x60, 0x07, 0xFF, 0xF1, 0x00, 0x00,
  0x00, 0x00, 0x00, 0x07, 0xFF, 0xE0, 0x00, 0x0D, 0xFF, 0xD1, 0x00, 0x00, 0x00, 0x00, 0x05, 0xFF,
  0xF6, 0x00, 0x00, 0x3F, 0xFF, 0xE5, 0x00, 0x00, 0x00, 0x19, 0xFF, 0xFA, 0x00, 0x00, 0x00, 0x4E,
  0xFF, 0xFF, 0xB9, 0x8A, 0xCF, 0xFF, 0xFA, 0x00, 0x00, 0x00, 0x00, 0x2A, 0xFF, 0xFF, 0xFF, 0xFF,
  0xFF, 0xE6, 0x00, 0x00, 0x00, 0x00, 0x00, 0x02, 0x7B, 0xEF, 0xFE, 0xDA, 0x50, 0x00, 0x00, 0x00,
  0x00, 0x00, 0x00, 0x2D, 0xE5, 0x00, 0x0A, 0xFA, 0x00, 0x00, 0x00, 0x00, 0x00, 0x00, 0x06, 0xFF,
  0xB0, 0x00, 0xFF, 0xF0, 0x00, 0x00, 0x00, 0x00, 0x00, 0x00, 0x2D, 0xE5, 0x00, 0x0A, 0xF9, 0x00,
  0x00, 0x00, 0x00, 0x00, 0x00, 0x00, 0x00, 0x00, 0x00, 0x00, 0x00, 0x00, 0x00, 0x00, 0x00, 0x00,
  0x00, 0x00, 0x00, 0x00, 0x00, 0x00, 0x00, 0x00, 0x00, 0x00, 0x00, 0x00, 0x00, 0x00, 0x00, 0x00,
  0x00, 0x00, 0x00, 0x00, 0x00, 0x00, 0x00, 0x00, 0x27, 0xBE, 0xFF, 0xED, 0xA5, 0x00, 0x00, 0x00,
  0x00, 0x00, 0x01, 0xAF, 0xFF, 0xFF, 0xFF, 0xFF, 0xFE, 0x60, 0x00, 0x00, 0x00, 0x04, 0xEF, 0xFF,
  0xFB, 0x98, 0xAC, 0xFF, 0xFF, 0xA0, 0x00, 0x00, 0x03, 0xFF, 0xFE, 0x50, 0x00, 0x00, 0x01, 0x9F,
  0xFF, 0xA0, 0x00, 0x00, 0xEF, 0xFD, 0x10, 0x00, 0x00, 0x00, 0x00, 0x4F, 0xFF, 0x60, 0x00, 0x7F,
  0xFF, 0x10, 0x00, 0x00, 0x00, 0x00, 0x00, 0x7F, 0xFE, 0x00, 0x0E, 0xFF, 0x70, 0x00, 0x00, 0x00,
  0x00, 0x00, 0x00, 0xEF, 0xF6, 0x04, 0xFF, 0xF1, 0x00, 0x00, 0x00, 0x00, 0x00, 0x00, 0x08, 0xFF,
  0xC0, 0x8F, 0xFC, 0x00, 0x00, 0x00, 0x00, 0x00, 0x00, 0x00, 0x3F, 0xFF, 0x0B, 0xFF, 0x80, 0x00,
  0x00, 0x00, 0x00, 0x00, 0x00, 0x00, 0xFF, 0xF3, 0xDF, 0xF6, 0x00, 0x00, 0x00, 0x00, 0x00, 0x00,
  0x00, 0x0D, 0xFF, 0x5E, 0xFF, 0x50, 0x00, 0x00, 0x00, 0x00, 0x00, 0x00, 0x00, 0xCF, 0xF7, 0xEF,
  0xF4, 0x00, 0x00, 0x00, 0x00, 0x00, 0x00, 0x00, 0x0C, 0xFF, 0x7E, 0xFF, 0x50, 0x00, 0x00, 0x00,
  0x00, 0x00, 0x00, 0x00, 0xCF, 0xF7, 0xDF, 0xF6, 0x00, 0x00, 0x00, 0x00, 0x00, 0x00, 0x00, 0x0D,
  0xFF, 0x5A, 0xFF, 0x90, 0x00, 0x00, 0x00, 0x00, 0x00, 0x00, 0x00, 0xFF, 0xF3, 0x7F, 0xFC, 0x00,
  0x00, 0x00, 0x00, 0x00, 0x00, 0x00, 0x3F, 0xFF, 0x03, 0xFF, 0xF1, 0x00, 0x00, 0x00, 0x00, 0x00,
  0x00, 0x08, 0xFF, 0xC0, 0x0E, 0xFF, 0x70, 0x00, 0x00, 0x00, 0x00, 0x00, 0x00, 0xEF, 0xF6, 0x00,
  0x7F, 0xFF, 0x10, 0x00, 0x00, 0x00, 0x00, 0x00, 0x7F, 0xFE, 0x00, 0x00, 0xDF, 0xFD, 0x10, 0x00,
  0x00, 0x00, 0x00, 0x5F, 0xFF, 0x60, 0x00, 0x03, 0xFF, 0xFE, 0x50, 0x00, 0x00, 0x01, 0x9F, 0xFF,
  0xA0, 0x00, 0x00, 0x04, 0xEF, 0xFF, 0xFB, 0x98, 0xAC, 0xFF, 0xFF, 0xA0, 0x00, 0x00, 0x00, 0x02,
  0xAF, 0xFF, 0xFF, 0xFF, 0xFF, 0xFE, 0x60, 0x00, 0x00, 0x00, 0x00, 0x00, 0x27, 0xBE, 0xFF, 0xED,
  0xA5, 0x00, 0x00, 0x00, 0x00, 0x02, 0x10, 0x00, 0x00, 0x00, 0x00, 0x04, 0x00, 0x2E, 0xD1, 0x00,
  0x00, 0x00, 0x00, 0x8F, 0x70, 0x8F, 0xFD, 0x10, 0x00, 0x00, 0x08, 0xFF, 0xD0, 0x09, 0xFF, 0xD1,
  0x00, 0x00, 0x8F, 0xFD, 0x10, 0x00, 0x9F, 0xFD, 0x10, 0x08, 0xFF, 0xD1, 0x00, 0x00, 0x08, 0xFF,
  0xD1, 0x8F, 0xFD, 0x10, 0x00, 0x00, 0x00, 0x8F, 0xFE, 0xFF, 0xD1, 0x00, 0x00, 0x00, 0x00, 0x08,
  0xFF, 0xFD, 0x10, 0x00, 0x00, 0x00, 0x00, 0x08, 0xFF, 0xFD, 0x10, 0x00, 0x00, 0x00, 0x00, 0x8F,
  0xFF, 0xFF, 0xD1, 0x00, 0x00, 0x00, 0x08, 0xFF, 0xD1, 0x9F, 0xFD, 0x10, 0x00, 0x00, 0x8F, 0xFD,
  0x10, 0x09, 0xFF, 0xD1, 0x00, 0x08, 0xFF, 0xD1, 0x00, 0x00, 0x9F, 0xFD, 0x10, 0x7F, 0xFD, 0x10,
  0x00, 0x00, 0x09, 0xFF, 0xD0, 0x2E, 0xD1, 0x00, 0x00, 0x00, 0x00, 0x8F, 0x70, 0x02, 0x10, 0x00,
  0x00, 0x00, 0x00, 0x04, 0x00, 0x00, 0x00, 0x00, 0x00, 0x00, 0x00, 0x00, 0x00, 0x00, 0x35, 0x00,
  0x00, 0x00, 0x00, 0x02, 0x7B, 0xEF, 0xFE, 0xD9, 0x50, 0x0D, 0xFA, 0x00, 0x00, 0x00, 0x1A, 0xFF,
  0xFF, 0xFF, 0xFF, 0xFF, 0xEC, 0xFF, 0x60, 0x00, 0x00, 0x4E, 0xFF, 0xFF, 0xB9, 0x89, 0xDF, 0xFF,
  0xFF, 0xB0, 0x00, 0x00, 0x3F, 0xFF, 0xE5, 0x00, 0x00, 0x00, 0x2B, 0xFF, 0xF9, 0x00, 0x00, 0x0D,
  0xFF, 0xD1, 0x00, 0x00, 0x00, 0x00, 0xBF, 0xFF, 0xF5, 0x00, 0x07, 0xFF, 0xF1, 0x00, 0x00, 0x00,
  0x00, 0x6F, 0xFE, 0xFF, 0xE0, 0x00, 0xEF, 0xF7, 0x00, 0x00, 0x00, 0x00, 0x2F, 0xFD, 0x1E, 0xFF,
  0x60, 0x3F, 0xFF, 0x10, 0x00, 0x00, 0x00, 0x0C, 0xFF, 0x30, 0x8F, 0xFC, 0x08, 0xFF, 0xC0, 0x00,
  0x00, 0x00, 0x08, 0xFF, 0x70, 0x03, 0xFF, 0xF0, 0xBF, 0xF8, 0x00, 0x00, 0x00, 0x03, 0xFF, 0xC0,
  0x00, 0x0F, 0xFF, 0x3D, 0xFF, 0x60, 0x00, 0x00, 0x00, 0xDF, 0xF2, 0x00, 0x00, 0xDF, 0xF5, 0xEF,
  0xF5, 0x00, 0x00, 0x00, 0x9F, 0xF6, 0x00, 0x00, 0x0C, 0xFF, 0x6E, 0xFF, 0x40, 0x00, 0x00, 0x5F,
  0xFB, 0x00, 0x00, 0x00, 0xCF, 0xF7, 0xDF, 0xF5, 0x00, 0x00, 0x1E, 0xFE, 0x10, 0x00, 0x00, 0x0C,
  0xFF, 0x6C, 0xFF, 0x60, 0x00, 0x0B, 0xFF, 0x40, 0x00, 0x00, 0x00, 0xDF, 0xF5, 0xBF, 0xF8, 0x00,
  0x06, 0xFF, 0x90, 0x00, 0x00, 0x00, 0x0F, 0xFF, 0x37, 0xFF, 0xC0, 0x02, 0xFF, 0xD0, 0x00, 0x00,
  0x00, 0x03, 0xFF, 0xF0, 0x4F, 0xFF, 0x10, 0xCF, 0xF3, 0x00, 0x00, 0x00, 0x00, 0x8F, 0xFC, 0x00,
  0xEF, 0xF7, 0x8F, 0xF7, 0x00, 0x00, 0x00, 0x00, 0x0E, 0xFF, 0x60, 0x08, 0xFF, 0xFF, 0xFC, 0x00,
  0x00, 0x00, 0x00, 0x07, 0xFF, 0xE0, 0x00, 0x1E, 0xFF, 0xFF, 0x20, 0x00, 0x00, 0x00, 0x05, 0xFF,
  0xF6, 0x00, 0x00, 0x4F, 0xFF, 0xE5, 0x00, 0x00, 0x00, 0x19, 0xFF, 0xFA, 0x00, 0x00, 0x05, 0xFF,
  0xFF, 0xFE, 0xB9, 0x8A, 0xCF, 0xFF, 0xFA, 0x00, 0x00, 0x01, 0xEF, 0xEB, 0xFF, 0xFF, 0xFF, 0xFF,
  0xFF, 0xE6, 0x00, 0x00, 0x00, 0x6F, 0xF4, 0x03, 0x8B, 0xEF, 0xFE, 0xDA, 0x50, 0x00, 0x00, 0x00,
  0x00, 0x36, 0x00, 0x00, 0x00, 0x00, 0x00, 0x00, 0x00, 0x00, 0x00, 0x00, 0x00, 0x00, 0x07, 0x88,
  0x50, 0x00, 0x00, 0x00, 0x00, 0x00, 0x00, 0x00, 0x8F, 0xFF, 0x20, 0x00, 0x00, 0x00, 0x00, 0x00,
  0x00, 0x00, 0xBF, 0xFB, 0x00, 0x00, 0x00, 0x00, 0x00, 0x00, 0x00, 0x00, 0xCF, 0xF5, 0x00, 0x00,
  0x00, 0x00, 0x00, 0x00, 0x00, 0x00, 0xCF, 0xE1, 0x00, 0x00, 0x00, 0x00, 0x00, 0x00, 0x00, 0x00,
  0xBF, 0xB0, 0x00, 0x00, 0x00, 0x00, 0x00, 0x00, 0x00, 0x00, 0x00, 0x00, 0x00, 0x00, 0x00, 0x00,
  0x00, 0x00, 0x00, 0x00, 0x00, 0x00, 0x00, 0x00, 0xFF, 0xF2, 0x00, 0x00, 0x00, 0x00, 0x00, 0x04,
  0xFF, 0xCF, 0xFF, 0x20, 0x00, 0x00, 0x00, 0x00, 0x00, 0x4F, 0xFC, 0xFF, 0xF2, 0x00, 0x00, 0x00,
  0x00, 0x00, 0x04, 0xFF, 0xCF, 0xFF, 0x20, 0x00, 0x00, 0x00, 0x00, 0x00, 0x4F, 0xFC, 0xFF, 0xF2,
  0x00, 0x00, 0x00, 0x00, 0x00, 0x04, 0xFF, 0xCF, 0xFF, 0x20, 0x00, 0x00, 0x00, 0x00, 0x00, 0x4F,
  0xFC, 0xFF, 0xF2, 0x00, 0x00, 0x00, 0x00, 0x00, 0x04, 0xFF, 0xCF, 0xFF, 0x20, 0x00, 0x00, 0x00,
  0x00, 0x00, 0x4F, 0xFC, 0xFF, 0xF2, 0x00, 0x00, 0x00, 0x00, 0x00, 0x04, 0xFF, 0xCF, 0xFF, 0x20,
  0x00, 0x00, 0x00, 0x00, 0x00, 0x4F, 0xFC, 0xFF, 0xF2, 0x00, 0x00, 0x00, 0x00, 0x00, 0x04, 0xFF,
  0xCF, 0xFF, 0x20, 0x00, 0x00, 0x00, 0x00, 0x00, 0x4F, 0xFC, 0xFF, 0xF2, 0x00, 0x00, 0x00, 0x00,
  0x00, 0x04, 0xFF, 0xCF, 0xFF, 0x20, 0x00, 0x00, 0x00, 0x00, 0x00, 0x4F, 0xFC, 0xFF, 0xF2, 0x00,
  0x00, 0x00, 0x00, 0x00, 0x04, 0xFF, 0xCE, 0xFF, 0x20, 0x00, 0x00, 0x00, 0x00, 0x00, 0x4F, 0xFC,
  0xEF, 0xF2, 0x00, 0x00, 0x00, 0x00, 0x00, 0x04, 0xFF, 0xBD, 0xFF, 0x30, 0x00, 0x00, 0x00, 0x00,
  0x00, 0x6F, 0xFA, 0xAF, 0xF7, 0x00, 0x00, 0x00, 0x00, 0x00, 0x09, 0xFF, 0x75, 0xFF, 0xD0, 0x00,
  0x00, 0x00, 0x00, 0x01, 0xFF, 0xF2, 0x0E, 0xFF, 0x70, 0x00, 0x00, 0x00, 0x00, 0xAF, 0xFC, 0x00,
  0x5F, 0xFF, 0x91, 0x00, 0x00, 0x01, 0xAF, 0xFF, 0x30, 0x00, 0x8F, 0xFF, 0xFC, 0x98, 0x9C, 0xFF,
  0xFF, 0x50, 0x00, 0x00, 0x6E, 0xFF, 0xFF, 0xFF, 0xFF, 0xFD, 0x30, 0x00, 0x00, 0x00, 0x06, 0xAD,
  0xFF, 0xFD, 0xA5, 0x00, 0x00, 0x00, 0x00, 0x00, 0x00, 0x00, 0x00, 0x28, 0x88, 0x30, 0x00, 0x00,
  0x00, 0x00, 0x00, 0x00, 0x0A, 0xFF, 0xE1, 0x00, 0x00, 0x00, 0x00, 0x00, 0x00, 0x04, 0xFF, 0xF3,
  0x00, 0x00, 0x00, 0x00, 0x00, 0x00, 0x00, 0xDF, 0xF4, 0x00, 0x00, 0x00, 0x00, 0x00, 0x00, 0x00,
  0x9F, 0xF5, 0x00, 0x00, 0x00, 0x00, 0x00, 0x00, 0x00, 0x3F, 0xE4, 0x00, 0x00, 0x00, 0x00, 0x00,
  0x00, 0x00, 0x00, 0x00, 0x00, 0x00, 0x00, 0x00, 0x00, 0x00, 0x00, 0x00, 0x00, 0x00, 0x00, 0x00,
  0x00, 0x00, 0xFF, 0xF2, 0x00, 0x00, 0x00, 0x00, 0x00, 0x04, 0xFF, 0xCF, 0xFF, 0x20, 0x00, 0x00,
  0x00, 0x00, 0x00, 0x4F, 0xFC, 0xFF, 0xF2, 0x00, 0x00, 0x00, 0x00, 0x00, 0x04, 0xFF, 0xCF, 0xFF,
  0x20, 0x00, 0x00, 0x00, 0x00, 0x00, 0x4F, 0xFC, 0xFF, 0xF2, 0x00, 0x00, 0x00, 0x00, 0x00, 0x04,
  0xFF, 0xCF, 0xFF, 0x20, 0x00, 0x00, 0x00, 0x00, 0x00, 0x4F, 0xFC, 0xFF, 0xF2, 0x00, 0x00, 0x00,
  0x00, 0x00, 0x04, 0xFF, 0xCF, 0xFF, 0x20, 0x00, 0x00, 0x00, 0x00, 0x00, 0x4F, 0xFC, 0xFF, 0xF2,
  0x00, 0x00, 0x00, 0x00, 0x00, 0x04, 0xFF, 0xCF, 0xFF, 0x20, 0x00, 0x00, 0x00, 0x00, 0x00, 0x4F,
  0xFC, 0xFF, 0xF2, 0x00, 0x00, 0x00, 0x00, 0x00, 0x04, 0xFF, 0xCF, 0xFF, 0x20, 0x00, 0x00, 0x00,
  0x00, 0x00, 0x4F, 0xFC, 0xFF, 0xF2, 0x00, 0x00, 0x00, 0x00, 0x00, 0x04, 0xFF, 0xCF, 0xFF, 0x20,
  0x00, 0x00, 0x00, 0x00, 0x00, 0x4F, 0xFC, 0xFF, 0xF2, 0x00, 0x00, 0x00, 0x00, 0x00, 0x04, 0xFF,
  0xCE, 0xFF, 0x20, 0x00, 0x00, 0x00, 0x00, 0x00, 0x4F, 0xFC, 0xEF, 0xF2, 0x00, 0x00, 0x00, 0x00,
  0x00, 0x04, 0xFF, 0xBD, 0xFF, 0x30, 0x00, 0x00, 0x00, 0x00, 0x00, 0x6F, 0xFA, 0xAF, 0xF7, 0x00,
  0x00, 0x00, 0x00, 0x00, 0x09, 0xFF, 0x75, 0xFF, 0xD0, 0x00, 0x00, 0x00, 0x00, 0x01, 0xFF, 0xF2,
  0x0E, 0xFF, 0x70, 0x00, 0x00, 0x00, 0x00, 0xAF, 0xFC, 0x00, 0x5F, 0xFF, 0x91, 0x00, 0x00, 0x01,
  0xAF, 0xFF, 0x30, 0x00, 0x8F, 0xFF, 0xFC, 0x98, 0x9C, 0xFF, 0xFF, 0x50, 0x00, 0x00, 0x6E, 0xFF,
  0xFF, 0xFF, 0xFF, 0xFD, 0x30, 0x00, 0x00, 0x00, 0x06, 0xAD, 0xFF, 0xFD, 0xA5, 0x00, 0x00, 0x00,
  0x00, 0x00, 0x00, 0x02, 0x88, 0x70, 0x00, 0x00, 0x00, 0x00, 0x00, 0x00, 0x00, 0xCF, 0xFF, 0x90,
  0x00, 0x00, 0x00, 0x00, 0x00, 0x00, 0x9F, 0xFF, 0xFF, 0x60, 0x00, 0x00, 0x00, 0x00, 0x00, 0x6F,
  0xFB, 0x2D, 0xFF, 0x40, 0x00, 0x00, 0x00, 0x00, 0x4F, 0xFA, 0x00, 0x1C, 0xFF, 0x30, 0x00, 0x00,
  0x00, 0x2F, 0xF6, 0x00, 0x00, 0x09, 0xFE, 0x10, 0x00, 0x00, 0x00, 0x00, 0x00, 0x00, 0x00, 0x00,
  0x00, 0x00, 0x00, 0x00, 0x00, 0x00, 0x00, 0x00, 0x00, 0x00, 0x00, 0x00, 0xFF, 0xF2, 0x00, 0x00,
  0x00, 0x00, 0x00, 0x04, 0xFF, 0xCF, 0xFF, 0x20, 0x00, 0x00, 0x00, 0x00, 0x00, 0x4F, 0xFC, 0xFF,
  0xF2, 0x00, 0x00, 0x00, 0x00, 0x00, 0x04, 0xFF, 0xCF, 0xFF, 0x20, 0x00, 0x00, 0x00, 0x00, 0x00,
  0x4F, 0xFC, 0xFF, 0xF2, 0x00, 0x00, 0x00, 0x00, 0x00, 0x04, 0xFF, 0xCF, 0xFF, 0x20, 0x00, 0x00,
  0x00, 0x00, 0x00, 0x4F, 0xFC, 0xFF, 0xF2, 0x00, 0x00, 0x00, 0x00, 0x00, 0x04, 0xFF, 0xCF, 0xFF,
  0x20, 0x00, 0x00, 0x00, 0x00, 0x00, 0x4F, 0xFC, 0xFF, 0xF2, 0x00, 0x00, 0x00, 0x00, 0x00, 0x04,
  0xFF, 0xCF, 0xFF, 0x20, 0x00, 0x00, 0x00, 0x00, 0x00, 0x4F, 0xFC, 0xFF, 0xF2, 0x00, 0x00, 0x00,
  0x00, 0x00, 0x04, 0xFF, 0xCF, 0xFF, 0x20, 0x00, 0x00, 0x00, 0x00, 0x00, 0x4F, 0xFC, 0xFF, 0xF2,
  0x00, 0x00, 0x00, 0x00, 0x00, 0x04, 0xFF, 0xCF, 0xFF, 0x20, 0x00, 0x00, 0x00, 0x00, 0x00, 0x4F,
  0xFC, 0xFF, 0xF2, 0x00, 0x00, 0x00, 0x00, 0x00, 0x04, 0xFF, 0xCE, 0xFF, 0x20, 0x00, 0x00, 0x00,
  0x00, 0x00, 0x4F, 0xFC, 0xEF, 0xF2, 0x00, 0x00, 0x00, 0x00, 0x00, 0x04, 0xFF, 0xBD, 0xFF, 0x30,
  0x00, 0x00, 0x00, 0x00, 0x00, 0x6F, 0xFA, 0xAF, 0xF7, 0x00, 0x00, 0x00, 0x00, 0x00, 0x09, 0xFF,
  0x75, 0xFF, 0xD0, 0x00, 0x00, 0x00, 0x00, 0x01, 0xFF, 0xF2, 0x0E, 0xFF, 0x70, 0x00, 0x00, 0x00,
  0x00, 0xAF, 0xFC, 0x00, 0x5F, 0xFF, 0x91, 0x00, 0x00, 0x01, 0xAF, 0xFF, 0x30, 0x00, 0x8F, 0xFF,
  0xFC, 0x98, 0x9C, 0xFF, 0xFF, 0x50, 0x00, 0x00, 0x6E, 0xFF, 0xFF, 0xFF, 0xFF, 0xFD, 0x30, 0x00,
  0x00, 0x00, 0x06, 0xAD, 0xFF, 0xFD, 0xA5, 0x00, 0x00, 0x00, 0x00, 0x00, 0x1C, 0xF7, 0x00, 0x08,
  0xFB, 0x00, 0x00, 0x00, 0x00, 0x04, 0xFF, 0xD0, 0x00, 0xEF, 0xF3, 0x00, 0x00, 0x00, 0x00, 0x0C,
  0xF7, 0x00, 0x07, 0xFB, 0x00, 0x00, 0x00, 0x00, 0x00, 0x00, 0x00, 0x00, 0x00, 0x00, 0x00, 0x00,
  0x00, 0x00, 0x00, 0x00, 0x00, 0x00, 0x00, 0x00, 0x00, 0x00, 0x00, 0x00, 0x00, 0x00, 0x00, 0x00,
  0x00, 0x00, 0x00, 0xFF, 0xF2, 0x00, 0x00, 0x00, 0x00, 0x00, 0x04, 0xFF, 0xCF, 0xFF, 0x20, 0x00,
  0x00, 0x00, 0x00, 0x00, 0x4F, 0xFC, 0xFF, 0xF2, 0x00, 0x00, 0x00, 0x00, 0x00, 0x04, 0xFF, 0xCF,
  0xFF, 0x20, 0x00, 0x00, 0x00, 0x00, 0x00, 0x4F, 0xFC, 0xFF, 0xF2, 0x00, 0x00, 0x00, 0x00, 0x00,
  0x04, 0xFF, 0xCF, 0xFF, 0x20, 0x00, 0x00, 0x00, 0x00, 0x00, 0x4F, 0xFC, 0xFF, 0xF2, 0x00, 0x00,
  0x00, 0x00, 0x00, 0x04, 0xFF, 0xCF, 0xFF, 0x20, 0x00, 0x00, 0x00, 0x00, 0x00, 0x4F, 0xFC, 0xFF,
  0xF2, 0x00, 0x00, 0x00, 0x00, 0x00, 0x04, 0xFF, 0xCF, 0xFF, 0x20, 0x00, 0x00, 0x00, 0x00, 0x00,
  0x4F, 0xFC, 0xFF, 0xF2, 0x00, 0x00, 0x00, 0x00, 0x00, 0x04, 0xFF, 0xCF, 0xFF, 0x20, 0x00, 0x00,
  0x00, 0x00, 0x00, 0x4F, 0xFC, 0xFF, 0xF2, 0x00, 0x00, 0x00, 0x00, 0x00, 0x04, 0xFF, 0xCF, 0xFF,
  0x20, 0x00, 0x00, 0x00, 0x00, 0x00, 0x4F, 0xFC, 0xFF, 0xF2, 0x00, 0x00, 0x00, 0x00, 0x00, 0x04,
  0xFF, 0xCE, 0xFF, 0x20, 0x00, 0x00, 0x00, 0x00, 0x00, 0x4F, 0xFC, 0xEF, 0xF2, 0x00, 0x00, 0x00,
  0x00, 0x00, 0x04, 0xFF, 0xBD, 0xFF, 0x30, 0x00, 0x00, 0x00, 0x00, 0x00, 0x6F, 0xFA, 0xAF, 0xF7,
  0x00, 0x00, 0x00, 0x00, 0x00, 0x09, 0xFF, 0x75, 0xFF, 0xD0, 0x00, 0x00, 0x00, 0x00, 0x01, 0xFF,
  0xF2, 0x0E, 0xFF, 0x70, 0x00, 0x00, 0x00, 0x00, 0xAF, 0xFC, 0x00, 0x5F, 0xFF, 0x91, 0x00, 0x00,
  0x01, 0xAF, 0xFF, 0x30, 0x00, 0x8F, 0xFF, 0xFC, 0x98, 0x9C, 0xFF, 0xFF, 0x50, 0x00, 0x00, 0x6E,
  0xFF, 0xFF, 0xFF, 0xFF, 0xFD, 0x30, 0x00, 0x00, 0x00, 0x06, 0xAD, 0xFF, 0xFD, 0xA5, 0x00, 0x00,
  0x00, 0x00, 0x00, 0x00, 0x00, 0x00, 0x07, 0x88, 0x50, 0x00, 0x00, 0x00, 0x00, 0x00, 0x00, 0x00,
  0x7F, 0xFF, 0x30, 0x00, 0x00, 0x00, 0x00, 0x00, 0x00, 0x01, 0xFF, 0xF5, 0x00, 0x00, 0x00, 0x00,
  0x00, 0x00, 0x00, 0x0B, 0xFF, 0x70, 0x00, 0x00, 0x00, 0x00, 0x00, 0x00, 0x00, 0x6F, 0xF7, 0x00,
  0x00, 0x00, 0x00, 0x00, 0x00, 0x00, 0x01, 0xFF, 0x60, 0x00, 0x00, 0x00, 0x00, 0x00, 0x00, 0x00,
  0x00, 0x00, 0x00, 0x00, 0x00, 0x00, 0x00, 0x00, 0x00, 0x00, 0x00, 0x00, 0x00, 0x00, 0x00, 0x00,
  0x00, 0xBF, 0xF9, 0x00, 0x00, 0x00, 0x00, 0x00, 0x05, 0xFF, 0xE0, 0x3F, 0xFF, 0x20, 0x00, 0x00,
  0x00, 0x00, 0x0D, 0xFF, 0x70, 0x0B, 0xFF, 0xA0, 0x00, 0x00, 0x00, 0x00, 0x6F, 0xFE, 0x00, 0x02,
  0xFF, 0xF2, 0x00, 0x00, 0x00, 0x00, 0xEF, 0xF6, 0x00, 0x00, 0xAF, 0xFB, 0x00, 0x00, 0x00, 0x06,
  0xFF, 0xD0, 0x00, 0x00, 0x2F, 0xFF, 0x30, 0x00, 0x00, 0x0E, 0xFF, 0x50, 0x00, 0x00, 0x09, 0xFF,
  0xC0, 0x00, 0x00, 0x7F, 0xFD, 0x00, 0x00, 0x00, 0x01, 0xFF, 0xF4, 0x00, 0x01, 0xFF, 0xF4, 0x00,
  0x00, 0x00, 0x00, 0x9F, 0xFC, 0x00, 0x08, 0xFF, 0xC0, 0x00, 0x00, 0x00, 0x00, 0x1F, 0xFF, 0x50,
  0x1F, 0xFF, 0x30, 0x00, 0x00, 0x00, 0x00, 0x08, 0xFF, 0xD0, 0x9F, 0xFB, 0x00, 0x00, 0x00, 0x00,
  0x00, 0x01, 0xEF, 0xF8, 0xFF, 0xF3, 0x00, 0x00, 0x00, 0x00, 0x00, 0x00, 0x7F, 0xFF, 0xFF, 0xA0,
  0x00, 0x00, 0x00, 0x00, 0x00, 0x00, 0x0E, 0xFF, 0xFF, 0x20, 0x00, 0x00, 0x00, 0x00, 0x00, 0x00,
  0x07, 0xFF, 0xF9, 0x00, 0x00, 0x00, 0x00, 0x00, 0x00, 0x00, 0x00, 0xFF, 0xF3, 0x00, 0x00, 0x00,
  0x00, 0x00, 0x00, 0x00, 0x00, 0xEF, 0xF2, 0x00, 0x00, 0x00, 0x00, 0x00, 0x00, 0x00, 0x00, 0xEF,
  0xF2, 0x00, 0x00, 0x00, 0x00, 0x00, 0x00, 0x00, 0x00, 0xEF, 0xF2, 0x00, 0x00, 0x00, 0x00, 0x00,
  0x00, 0x00, 0x00, 0xEF, 0xF2, 0x00, 0x00, 0x00, 0x00, 0x00, 0x00, 0x00, 0x00, 0xEF, 0xF2, 0x00,
  0x00, 0x00, 0x00, 0x00, 0x00, 0x00, 0x00, 0xEF, 0xF2, 0x00, 0x00, 0x00, 0x00, 0x00, 0x00, 0x00,
  0x00, 0xEF, 0xF2, 0x00, 0x00, 0x00, 0x00, 0x00, 0x00, 0x00, 0x00, 0xEF, 0xF2, 0x00, 0x00, 0x00,
  0x00, 0x00, 0x00, 0x00, 0x00, 0xEF, 0xF2, 0x00, 0x00, 0x00, 0x00, 0xBF, 0xF5, 0x00, 0x00, 0x00,
  0x00, 0x00, 0x00, 0xBF, 0xF5, 0x00, 0x00, 0x00, 0x00, 0x00, 0x00, 0xBF, 0xF5, 0x00, 0x00, 0x00,
  0x00, 0x00, 0x00, 0xBF, 0xF5, 0x00, 0x00, 0x00, 0x00, 0x00, 0x00, 0xBF, 0xFB, 0x88, 0x87, 0x64,
  0x10, 0x00, 0x00, 0xBF, 0xFF, 0xFF, 0xFF, 0xFF, 0xFC, 0x60, 0x00, 0xBF, 0xFF, 0xFF, 0xFF, 0xFF,
  0xFF, 0xFB, 0x00, 0xBF, 0xF5, 0x00, 0x00, 0x26, 0xCF, 0xFF, 0xA0, 0xBF, 0xF5, 0x00, 0x00, 0x00,
  0x08, 0xFF, 0xF3, 0xBF, 0xF5, 0x00, 0x00, 0x00, 0x00, 0xDF, 0xF8, 0xBF, 0xF5, 0x00, 0x00, 0x00,
  0x00, 0x7F, 0xFB, 0xBF, 0xF5, 0x00, 0x00, 0x00, 0x00, 0x5F, 0xFD, 0xBF, 0xF5, 0x00, 0x00, 0x00,
  0x00, 0x6F, 0xFC, 0xBF, 0xF5, 0x00, 0x00, 0x00, 0x00, 0x8F, 0xFA, 0xBF, 0xF5, 0x00, 0x00, 0x00,
  0x00, 0xEF, 0xF5, 0xBF, 0xF5, 0x00, 0x00, 0x00, 0x0A, 0xFF, 0xE0, 0xBF, 0xF5, 0x00, 0x01, 0x37,
  0xDF, 0xFF, 0x50, 0xBF, 0xFF, 0xFF, 0xFF, 0xFF, 0xFF, 0xF5, 0x00, 0xBF, 0xFF, 0xFF, 0xFF, 0xFF,
  0xF9, 0x10, 0x00, 0xBF, 0xFB, 0x88, 0x87, 0x63, 0x00, 0x00, 0x00, 0xBF, 0xF5, 0x00, 0x00, 0x00,
  0x00, 0x00, 0x00, 0xBF, 0xF5, 0x00, 0x00, 0x00, 0x00, 0x00, 0x00, 0xBF, 0xF5, 0x00, 0x00, 0x00,
  0x00, 0x00, 0x00, 0xBF, 0xF5, 0x00, 0x00, 0x00, 0x00, 0x00, 0x00, 0xBF, 0xF5, 0x00, 0x00, 0x00,
  0x00, 0x00, 0x00, 0x00, 0x00, 0x59, 0xDE, 0xFF, 0xDA, 0x40, 0x00, 0x00, 0x00, 0x2C, 0xFF, 0xFF,
  0xFF, 0xFF, 0xFC, 0x20, 0x00, 0x01, 0xDF, 0xFF, 0xC9, 0x8A, 0xDF, 0xFF, 0xE1, 0x00, 0x08, 0xFF,
  0xE3, 0x00, 0x00, 0x03, 0xEF, 0xF7, 0x00, 0x0E, 0xFF, 0x40, 0x00, 0x00, 0x00, 0x6F, 0xFA, 0x00,
  0x0F, 0xFF, 0x00, 0x00, 0x00, 0x00, 0x5F, 0xFB, 0x00, 0x1F, 0xFE, 0x00, 0x00, 0x00, 0x00, 0x8F,
  0xF8, 0x00, 0x1F, 0xFE, 0x00, 0x00, 0x00, 0x05, 0xFF, 0xE1, 0x00, 0x1F, 0xFE, 0x00, 0x00, 0x00,
  0x6F, 0xFF, 0x40, 0x00, 0x1F, 0xFE, 0x00, 0x00, 0x07, 0xFF, 0xF4, 0x00, 0x00, 0x1F, 0xFE, 0x00,
  0x00, 0x5F, 0xFE, 0x30, 0x00, 0x00, 0x1F, 0xFE, 0x00, 0x00, 0xCF, 0xF3, 0x00, 0x00, 0x00, 0x1F,
  0xFE, 0x00, 0x00, 0xDF, 0xF0, 0x00, 0x00, 0x00, 0x1F, 0xFE, 0x00, 0x00, 0xBF, 0xF8, 0x00, 0x00,
  0x00, 0x1F, 0xFE, 0x00, 0x00, 0x4F, 0xFF, 0xA0, 0x00, 0x00, 0x1F, 0xFE, 0x00, 0x00, 0x08, 0xFF,
  0xFE, 0x30, 0x00, 0x1F, 0xFE, 0x00, 0x00, 0x00, 0x6F, 0xFF, 0xF6, 0x00, 0x1F, 0xFE, 0x00, 0x00,
  0x00, 0x02, 0xCF, 0xFF, 0x60, 0x1F, 0xFE, 0x00, 0x00, 0x00, 0x00, 0x09, 0xFF, 0xF3, 0x1F, 0xFE,
  0x00, 0x00, 0x00, 0x00, 0x00, 0xAF, 0xFA, 0x1F, 0xFE, 0x00, 0x00, 0x00, 0x00, 0x00, 0x2F, 0xFD,
  0x1F, 0xFE, 0x00, 0x00, 0x00, 0x00, 0x00, 0x0F, 0xFE, 0x1F, 0xFE, 0x00, 0x00, 0x00, 0x00, 0x00,
  0x2F, 0xFD, 0x1F, 0xFE, 0x00, 0x48, 0x10, 0x00, 0x00, 0xBF, 0xF9, 0x1F, 0xFE, 0x00, 0x5F, 0xFC,
  0x98, 0x9E, 0xFF, 0xF2, 0x1F, 0xFE, 0x00, 0x5F, 0xFF, 0xFF, 0xFF, 0xFF, 0x50, 0x1F, 0xFE, 0x00,
  0x05, 0xAD, 0xFF, 0xFC, 0x81, 0x00, 0x00, 0x00, 0x68, 0x86, 0x00, 0x00, 0x00, 0x00, 0x00, 0x00,
  0x6F, 0xFF, 0x30, 0x00, 0x00, 0x00, 0x00, 0x00, 0x09, 0xFF, 0xC0, 0x00, 0x00, 0x00, 0x00, 0x00,
  0x00, 0xAF, 0xF7, 0x00, 0x00, 0x00, 0x00, 0x00, 0x00, 0x0B, 0xFF, 0x20, 0x00, 0x00, 0x00, 0x00,
  0x00, 0x00, 0x9F, 0xD0, 0x00, 0x00, 0x00, 0x00, 0x00, 0x00, 0x00, 0x00, 0x00, 0x00, 0x00, 0x00,
  0x00, 0x00, 0x00, 0x00, 0x00, 0x00, 0x00, 0x00, 0x38, 0xCE, 0xFF, 0xDA, 0x40, 0x00, 0x00, 0x2C,
  0xFF, 0xFF, 0xFF, 0xFF, 0xFA, 0x00, 0x00, 0x1F, 0xFF, 0xC9, 0x8A, 0xEF, 0xFF, 0x70, 0x00, 0x09,
  0x71, 0x00, 0x00, 0x08, 0xFF, 0xE0, 0x00, 0x00, 0x00, 0x00, 0x00, 0x00, 0xEF, 0xF2, 0x00, 0x00,
  0x00, 0x00, 0x00, 0x00, 0xAF, 0xF4, 0x00, 0x00, 0x00, 0x00, 0x00, 0x00, 0x9F, 0xF4, 0x00, 0x00,
  0x02, 0x57, 0x78, 0x88, 0xDF, 0xF5, 0x00, 0x06, 0xDF, 0xFF, 0xFF, 0xFF, 0xFF, 0xF5, 0x01, 0xCF,
  0xFF, 0xFF, 0xFF, 0xFF, 0xFF, 0xF5, 0x0A, 0xFF, 0xFA, 0x52, 0x00, 0x00, 0xAF, 0xF5, 0x1F, 0xFF,
  0x60, 0x00, 0x00, 0x00, 0xAF, 0xF5, 0x5F, 0xFD, 0x00, 0x00, 0x00, 0x00, 0xBF, 0xF5, 0x6F, 0xFB,
  0x00, 0x00, 0x00, 0x00, 0xFF, 0xF5, 0x5F, 0xFD, 0x00, 0x00, 0x00, 0x07, 0xFF, 0xF5, 0x2F, 0xFF,
  0x60, 0x00, 0x00, 0x8F, 0xFF, 0xF5, 0x0B, 0xFF, 0xFC, 0x99, 0xBF, 0xFD, 0x7F, 0xF5, 0x01, 0xDF,
  0xFF, 0xFF, 0xFF, 0xD2, 0x2F, 0xF5, 0x00, 0x06, 0xCF, 0xFE, 0xC7, 0x00, 0x0F, 0xF5, 0x00, 0x00,
  0x00, 0x00, 0x01, 0x88, 0x84, 0x00, 0x00, 0x00, 0x00, 0x00, 0x09, 0xFF, 0xF2, 0x00, 0x00, 0x00,
  0x00, 0x00, 0x2F, 0xFF, 0x40, 0x00, 0x00, 0x00, 0x00, 0x00, 0xCF, 0xF5, 0x00, 0x00, 0x00, 0x00,
  0x00, 0x07, 0xFF, 0x60, 0x00, 0x00, 0x00, 0x00, 0x00, 0x2F, 0xF5, 0x00, 0x00, 0x00, 0x00, 0x00,
  0x00, 0x00, 0x00, 0x00, 0x00, 0x00, 0x00, 0x00, 0x00, 0x00, 0x00, 0x00, 0x00, 0x00, 0x00, 0x00,
  0x38, 0xCE, 0xFF, 0xDA, 0x40, 0x00, 0x00, 0x2C, 0xFF, 0xFF, 0xFF, 0xFF, 0xFA, 0x00, 0x00, 0x1F,
  0xFF, 0xC9, 0x8A, 0xEF, 0xFF, 0x70, 0x00, 0x09, 0x71, 0x00, 0x00, 0x08, 0xFF, 0xE0, 0x00, 0x00,
  0x00, 0x00, 0x00, 0x00, 0xEF, 0xF2, 0x00, 0x00, 0x00, 0x00, 0x00, 0x00, 0xAF, 0xF4, 0x00, 0x00,
  0x00, 0x00, 0x00, 0x00, 0x9F, 0xF4, 0x00, 0x00, 0x02, 0x57, 0x78, 0x88, 0xDF, 0xF5, 0x00, 0x06,
  0xDF, 0xFF, 0xFF, 0xFF, 0xFF, 0xF5, 0x01, 0xCF, 0xFF, 0xFF, 0xFF, 0xFF, 0xFF, 0xF5, 0x0A, 0xFF,
  0xFA, 0x52, 0x00, 0x00, 0xAF, 0xF5, 0x1F, 0xFF, 0x60, 0x00, 0x00, 0x00, 0xAF, 0xF5, 0x5F, 0xFD,
  0x00, 0x00, 0x00, 0x00, 0xBF, 0xF5, 0x6F, 0xFB, 0x00, 0x00, 0x00, 0x00, 0xFF, 0xF5, 0x5F, 0xFD,
  0x00, 0x00, 0x00, 0x07, 0xFF, 0xF5, 0x2F, 0xFF, 0x60, 0x00, 0x00, 0x8F, 0xFF, 0xF5, 0x0B, 0xFF,
  0xFC, 0x99, 0xBF, 0xFD, 0x7F, 0xF5, 0x01, 0xDF, 0xFF, 0xFF, 0xFF, 0xD2, 0x2F, 0xF5, 0x00, 0x06,
  0xCF, 0xFE, 0xC7, 0x00, 0x0F, 0xF5, 0x00, 0x00, 0x00, 0x18, 0x88, 0x10, 0x00, 0x00, 0x00, 0x00,
  0x00, 0xAF, 0xFF, 0xB0, 0x00, 0x00, 0x00, 0x00, 0x07, 0xFF, 0xFF, 0xF7, 0x00, 0x00, 0x00, 0x00,
  0x4F, 0xFC, 0x2C, 0xFF, 0x50, 0x00, 0x00, 0x03, 0xFF, 0xB0, 0x00, 0xBF, 0xF4, 0x00, 0x00, 0x1E,
  0xF8, 0x00, 0x00, 0x07, 0xFF, 0x20, 0x00, 0x00, 0x00, 0x00, 0x00, 0x00, 0x00, 0x00, 0x00, 0x00,
  0x00, 0x00, 0x00, 0x00, 0x00, 0x00, 0x00, 0x00, 0x38, 0xCE, 0xFF, 0xDA, 0x40, 0x00, 0x00, 0x2C,
  0xFF, 0xFF, 0xFF, 0xFF, 0xFA, 0x00, 0x00, 0x1F, 0xFF, 0xC9, 0x8A, 0xEF, 0xFF, 0x70, 0x00, 0x09,
  0x71, 0x00, 0x00, 0x08, 0xFF, 0xE0, 0x00, 0x00, 0x00, 0x00, 0x00, 0x00, 0xEF, 0xF2, 0x00, 0x00,
  0x00, 0x00, 0x00, 0x00, 0xAF, 0xF4, 0x00, 0x00, 0x00, 0x00, 0x00, 0x00, 0x9F, 0xF4, 0x00, 0x00,
  0x02, 0x57, 0x78, 0x88, 0xDF, 0xF5, 0x00, 0x06, 0xDF, 0xFF, 0xFF, 0xFF, 0xFF, 0xF5, 0x01, 0xCF,
  0xFF, 0xFF, 0xFF, 0xFF, 0xFF, 0xF5, 0x0A, 0xFF, 0xFA, 0x52, 0x00, 0x00, 0xAF, 0xF5, 0x1F, 0xFF,
  0x60, 0x00, 0x00, 0x00, 0xAF, 0xF5, 0x5F, 0xFD, 0x00, 0x00, 0x00, 0x00, 0xBF, 0xF5, 0x6F, 0xFB,
  0x00, 0x00, 0x00, 0x00, 0xFF, 0xF5, 0x5F, 0xFD, 0x00, 0x00, 0x00, 0x07, 0xFF, 0xF5, 0x2F, 0xFF,
  0x60, 0x00, 0x00, 0x8F, 0xFF, 0xF5, 0x0B, 0xFF, 0xFC, 0x99, 0xBF, 0xFD, 0x7F, 0xF5, 0x01, 0xDF,
  0xFF, 0xFF, 0xFF, 0xD2, 0x2F, 0xF5, 0x00, 0x06, 0xCF, 0xFE, 0xC7, 0x00, 0x0F, 0xF5, 0x00, 0x00,
  0x27, 0x73, 0x00, 0x00, 0x08, 0x60, 0x00, 0x04, 0xFF, 0xFF, 0xB2, 0x00, 0x4F, 0x90, 0x00, 0x0E,
  0xFF, 0xFF, 0xFF, 0xB9, 0xFF, 0x50, 0x00, 0x5F, 0xC1, 0x18, 0xFF, 0xFF, 0xFC, 0x00, 0x00, 0x8F,
  0x30, 0x00, 0x19, 0xEF, 0xA1, 0x00, 0x00, 0x00, 0x00, 0x00, 0x00, 0x00, 0x00, 0x00, 0x00, 0x00,
  0x00, 0x00, 0x00, 0x00, 0x00, 0x00, 0x00, 0x00, 0x38, 0xCE, 0xFF, 0xDA, 0x40, 0x00, 0x00, 0x2C,
  0xFF, 0xFF, 0xFF, 0xFF, 0xFA, 0x00, 0x00, 0x1F, 0xFF, 0xC9, 0x8A, 0xEF, 0xFF, 0x70, 0x00, 0x09,
  0x71, 0x00, 0x00, 0x08, 0xFF, 0xE0, 0x00, 0x00, 0x00, 0x00, 0x00, 0x00, 0xEF, 0xF2, 0x00, 0x00,
  0x00, 0x00, 0x00, 0x00, 0xAF, 0xF4, 0x00, 0x00, 0x00, 0x00, 0x00, 0x00, 0x9F, 0xF4, 0x00, 0x00,
  0x02, 0x57, 0x78, 0x88, 0xDF, 0xF5, 0x00, 0x06, 0xDF, 0xFF, 0xFF, 0xFF, 0xFF, 0xF5, 0x01, 0xCF,
  0xFF, 0xFF, 0xFF, 0xFF, 0xFF, 0xF5, 0x0A, 0xFF, 0xFA, 0x52, 0x00, 0x00, 0xAF, 0xF5, 0x1F, 0xFF,
  0x60, 0x00, 0x00, 0x00, 0xAF, 0xF5, 0x5F, 0xFD, 0x00, 0x00, 0x00, 0x00, 0xBF, 0xF5, 0x6F, 0xFB,
  0x00, 0x00, 0x00, 0x00, 0xFF, 0xF5, 0x5F, 0xFD, 0x00, 0x00, 0x00, 0x07, 0xFF, 0xF5, 0x2F, 0xFF,
  0x60, 0x00, 0x00, 0x8F, 0xFF, 0xF5, 0x0B, 0xFF, 0xFC, 0x99, 0xBF, 0xFD, 0x7F, 0xF5, 0x01, 0xDF,
  0xFF, 0xFF, 0xFF, 0xD2, 0x2F, 0xF5, 0x00, 0x06, 0xCF, 0xFE, 0xC7, 0x00, 0x0F, 0xF5, 0x00, 0x00,
  0xBF, 0x80, 0x00, 0x6F, 0xC1, 0x00, 0x00, 0x02, 0xFF, 0xF0, 0x00, 0xCF, 0xF5, 0x00, 0x00, 0x00,
  0xBF, 0x80, 0x00, 0x6F, 0xC1, 0x00, 0x00, 0x00, 0x00, 0x00, 0x00, 0x00, 0x00, 0x00, 0x00, 0x00,
  0x00, 0x00, 0x00, 0x00, 0x00, 0x00, 0x00, 0x00, 0x00, 0x00, 0x00, 0x00, 0x00, 0x00, 0x00, 0x00,
  0x38, 0xCE, 0xFF, 0xDA, 0x40, 0x00, 0x00, 0x2C, 0xFF, 0xFF, 0xFF, 0xFF, 0xFA, 0x00, 0x00, 0x1F,
  0xFF, 0xC9, 0x8A, 0xEF, 0xFF, 0x70, 0x00, 0x09, 0x71, 0x00, 0x00, 0x08, 0xFF, 0xE0, 0x00, 0x00,
  0x00, 0x00, 0x00, 0x00, 0xEF, 0xF2, 0x00, 0x00, 0x00, 0x00, 0x00, 0x00, 0xAF, 0xF4, 0x00, 0x00,
  0x00, 0x00, 0x00, 0x00, 0x9F, 0xF4, 0x00, 0x00, 0x02, 0x57, 0x78, 0x88, 0xDF, 0xF5, 0x00, 0x06,
  0xDF, 0xFF, 0xFF, 0xFF, 0xFF, 0xF5, 0x01, 0xCF, 0xFF, 0xFF, 0xFF, 0xFF, 0xFF, 0xF5, 0x0A, 0xFF,
  0xFA, 0x52, 0x00, 0x00, 0xAF, 0xF5, 0x1F, 0xFF, 0x60, 0x00, 0x00, 0x00, 0xAF, 0xF5, 0x5F, 0xFD,
  0x00, 0x00, 0x00, 0x00, 0xBF, 0xF5, 0x6F, 0xFB, 0x00, 0x00, 0x00, 0x00, 0xFF, 0xF5, 0x5F, 0xFD,
  0x00, 0x00, 0x00, 0x07, 0xFF, 0xF5, 0x2F, 0xFF, 0x60, 0x00, 0x00, 0x8F, 0xFF, 0xF5, 0x0B, 0xFF,
  0xFC, 0x99, 0xBF, 0xFD, 0x7F, 0xF5, 0x01, 0xDF, 0xFF, 0xFF, 0xFF, 0xD2, 0x2F, 0xF5, 0x00, 0x06,
  0xCF, 0xFE, 0xC7, 0x00, 0x0F, 0xF5, 0x00, 0x00, 0x00, 0x7D, 0xFD, 0x70, 0x00, 0x00, 0x00, 0x00,
  0x0A, 0xFF, 0xEF, 0xFB, 0x00, 0x00, 0x00, 0x00, 0x1F, 0xE2, 0x02, 0xEF, 0x20, 0x00, 0x00, 0x00,
  0x2F, 0xA0, 0x00, 0xAF, 0x40, 0x00, 0x00, 0x00, 0x1F, 0xE1, 0x01, 0xEF, 0x20, 0x00, 0x00, 0x00,
  0x09, 0xFF, 0xEF, 0xFB, 0x00, 0x00, 0x00, 0x00, 0x00, 0x7D, 0xFD, 0x70, 0x00, 0x00, 0x00, 0x00,
  0x00, 0x00, 0x00, 0x00, 0x00, 0x00, 0x00, 0x00, 0x00, 0x00, 0x00, 0x00, 0x00, 0x00, 0x00, 0x00,
  0x38, 0xCE, 0xFF, 0xDA, 0x40, 0x00, 0x00, 0x2C, 0xFF, 0xFF, 0xFF, 0xFF, 0xFA, 0x00, 0x00, 0x1F,
  0xFF, 0xC9, 0x8A, 0xEF, 0xFF, 0x70, 0x00, 0x09, 0x71, 0x00, 0x00, 0x08, 0xFF, 0xE0, 0x00, 0x00,
  0x00, 0x00, 0x00, 0x00, 0xEF, 0xF2, 0x00, 0x00, 0x00, 0x00, 0x00, 0x00, 0xAF, 0xF4, 0x00, 0x00,
  0x00, 0x00, 0x00, 0x00, 0x9F, 0xF4, 0x00, 0x00, 0x02, 0x57, 0x78, 0x88, 0xDF, 0xF5, 0x00, 0x06,
  0xDF, 0xFF, 0xFF, 0xFF, 0xFF, 0xF5, 0x01, 0xCF, 0xFF, 0xFF, 0xFF, 0xFF, 0xFF, 0xF5, 0x0A, 0xFF,
  0xFA, 0x52, 0x00, 0x00, 0xAF, 0xF5, 0x1F, 0xFF, 0x60, 0x00, 0x00, 0x00, 0xAF, 0xF5, 0x5F, 0xFD,
  0x00, 0x00, 0x00, 0x00, 0xBF, 0xF5, 0x6F, 0xFB, 0x00, 0x00, 0x00, 0x00, 0xFF, 0xF5, 0x5F, 0xFD,
  0x00, 0x00, 0x00, 0x07, 0xFF, 0xF5, 0x2F, 0xFF, 0x60, 0x00, 0x00, 0x8F, 0xFF, 0xF5, 0x0B, 0xFF,
  0xFC, 0x99, 0xBF, 0xFD, 0x7F, 0xF5, 0x01, 0xDF, 0xFF, 0xFF, 0xFF, 0xD2, 0x2F, 0xF5, 0x00, 0x06,
  0xCF, 0xFE, 0xC7, 0x00, 0x0F, 0xF5, 0x00, 0x00, 0x5A, 0xDF, 0xFE, 0xB5, 0x00, 0x00, 0x4A, 0xEF,
  0xEB, 0x60, 0x00, 0x00, 0x07, 0xFF, 0xFF, 0xFF, 0xFF, 0xFB, 0x00, 0xAF, 0xFF, 0xFF, 0xFF, 0xC1,
  0x00, 0x00, 0x8F, 0xFE, 0xB9, 0x9B, 0xFF, 0xF9, 0xAF, 0xFE, 0xA8, 0xAF, 0xFF, 0xD0, 0x00, 0x02,
  0xB4, 0x00, 0x00, 0x03, 0xEF, 0xFF, 0xFA, 0x00, 0x00, 0x1C, 0xFF, 0x80, 0x00, 0x00, 0x00, 0x00,
  0x00, 0x06, 0xFF, 0xFD, 0x00, 0x00, 0x00, 0x3F, 0xFF, 0x00, 0x00, 0x00, 0x00, 0x00, 0x00, 0x2F,
  0xFF, 0x60, 0x00, 0x00, 0x00, 0xCF, 0xF4, 0x00, 0x00, 0x00, 0x00, 0x00, 0x01, 0xFF, 0xF2, 0x00,
  0x00, 0x00, 0x0A, 0xFF, 0x70, 0x00, 0x00, 0x35, 0x78, 0x88, 0x9F, 0xFF, 0x98, 0x88, 0x88, 0x88,
  0xCF, 0xF9, 0x00, 0x08, 0xEF, 0xFF, 0xFF, 0xFF, 0xFF, 0xFF, 0xFF, 0xFF, 0xFF, 0xFF, 0xFF, 0xA0,
  0x1D, 0xFF, 0xFF, 0xFF, 0xFF, 0xFF, 0xFF, 0xFF, 0xFF, 0xFF, 0xFF, 0xFF, 0xFA, 0x0B, 0xFF, 0xF9,
  0x41, 0x00, 0x02, 0xFF, 0xF0, 0x00, 0x00, 0x00, 0x00, 0x00, 0x02, 0xFF, 0xF5, 0x00, 0x00, 0x00,
  0x2F, 0xFF, 0x10, 0x00, 0x00, 0x00, 0x00, 0x00, 0x5F, 0xFD, 0x00, 0x00, 0x00, 0x03, 0xFF, 0xF4,
  0x00, 0x00, 0x00, 0x00, 0x00, 0x06, 0xFF, 0xA0, 0x00, 0x00, 0x00, 0x7F, 0xFF, 0x90, 0x00, 0x00,
  0x00, 0x00, 0x00, 0x5F, 0xFD, 0x00, 0x00, 0x00, 0x1E, 0xFF, 0xFF, 0x20, 0x00, 0x00, 0x00, 0x00,
  0x02, 0xFF, 0xF5, 0x00, 0x00, 0x2C, 0xFE, 0x9F, 0xFE, 0x30, 0x00, 0x00, 0x04, 0x80, 0x0B, 0xFF,
  0xFC, 0x99, 0xCF, 0xFF, 0x30, 0xCF, 0xFF, 0xC9, 0x89, 0xBE, 0xFD, 0x00, 0x1C, 0xFF, 0xFF, 0xFF,
  0xFE, 0x30, 0x00, 0xAF, 0xFF, 0xFF, 0xFF, 0xFF, 0xC0, 0x00, 0x06, 0xCF, 0xFE, 0xC7, 0x00, 0x00,
  0x00, 0x39, 0xDE, 0xFF, 0xDA, 0x50, 0x00, 0x00, 0x00, 0x02, 0x8C, 0xEF, 0xEC, 0x94, 0x00, 0x00,
  0x1A, 0xFF, 0xFF, 0xFF, 0xFF, 0xF0, 0x00, 0x0D, 0xFF, 0xFD, 0x98, 0xAE, 0xFA, 0x00, 0x0A, 0xFF,
  0xE4, 0x00, 0x00, 0x03, 0x20, 0x02, 0xFF, 0xF3, 0x00, 0x00, 0x00, 0x00, 0x00, 0x9F, 0xFA, 0x00,
  0x00, 0x00, 0x00, 0x00, 0x0D, 0xFF, 0x50, 0x00, 0x00, 0x00, 0x00, 0x00, 0xFF, 0xF1, 0x00, 0x00,
  0x00, 0x00, 0x00, 0x1F, 0xFF, 0x00, 0x00, 0x00, 0x00, 0x00, 0x01, 0xFF, 0xF0, 0x00, 0x00, 0x00,
  0x00, 0x00, 0x1F, 0xFF, 0x00, 0x00, 0x00, 0x00, 0x00, 0x00, 0xFF, 0xF1, 0x00, 0x00, 0x00, 0x00,
  0x00, 0x0D, 0xFF, 0x40, 0x00, 0x00, 0x00, 0x00, 0x00, 0x9F, 0xFA, 0x00, 0x00, 0x00, 0x00, 0x00,
  0x03, 0xFF, 0xF3, 0x00, 0x00, 0x00, 0x00, 0x00, 0x0B, 0xFF, 0xE3, 0x00, 0x00, 0x01, 0x50, 0x00,
  0x1E, 0xFF, 0xFC, 0x98, 0x9C, 0xFE, 0x00, 0x00, 0x1C, 0xFF, 0xFF, 0xFF, 0xFF, 0xE0, 0x00, 0x00,
  0x03, 0x9E, 0xFF, 0xFD, 0x83, 0x00, 0x00, 0x00, 0x00, 0x8F, 0x70, 0x00, 0x00, 0x00, 0x00, 0x00,
  0x0F, 0xF7, 0x10, 0x00, 0x00, 0x00, 0x00, 0x04, 0xDF, 0xFE, 0x30, 0x00, 0x00, 0x00, 0x00, 0x00,
  0x2D, 0xFC, 0x00, 0x00, 0x00, 0x00, 0x00, 0x00, 0x7F, 0xF0, 0x00, 0x00, 0x00, 0x00, 0x00, 0x1C,
  0xFC, 0x00, 0x00, 0x00, 0x00, 0xBE, 0xFF, 0xFF, 0x40, 0x00, 0x00, 0x00, 0x0A, 0xFF, 0xEA, 0x30,
  0x00, 0x00, 0x00, 0x00, 0x58, 0x87, 0x00, 0x00, 0x00, 0x00, 0x00, 0x00, 0x04, 0xFF, 0xF6, 0x00,
  0x00, 0x00, 0x00, 0x00, 0x00, 0x07, 0xFF, 0xE0, 0x00, 0x00, 0x00, 0x00, 0x00, 0x00, 0x08, 0xFF,
  0x90, 0x00, 0x00, 0x00, 0x00, 0x00, 0x00, 0x09, 0xFF, 0x40, 0x00, 0x00, 0x00, 0x00, 0x00, 0x00,
  0x07, 0xFE, 0x00, 0x00, 0x00, 0x00, 0x00, 0x00, 0x00, 0x00, 0x00, 0x00, 0x00, 0x00, 0x00, 0x00,
  0x00, 0x00, 0x00, 0x00, 0x00, 0x00, 0x00, 0x00, 0x04, 0xAD, 0xFF, 0xD9, 0x30, 0x00, 0x00, 0x00,
  0x0A, 0xFF, 0xFF, 0xFF, 0xFF, 0x80, 0x00, 0x00, 0x0C, 0xFF, 0xFB, 0x99, 0xCF, 0xFF, 0x90, 0x00,
  0x08, 0xFF, 0xC2, 0x00, 0x00, 0x4F, 0xFF, 0x40, 0x01, 0xFF, 0xE1, 0x00, 0x00, 0x00, 0x6F, 0xFB,
  0x00, 0x7F, 0xF7, 0x00, 0x00, 0x00, 0x00, 0xFF, 0xF1, 0x0C, 0xFF, 0x30, 0x00, 0x00, 0x00, 0x0C,
  0xFF, 0x40, 0xEF, 0xF9, 0x88, 0x88, 0x88, 0x88, 0xDF, 0xF5, 0x0F, 0xFF, 0xFF, 0xFF, 0xFF, 0xFF,
  0xFF, 0xFF, 0x61, 0xFF, 0xFF, 0xFF, 0xFF, 0xFF, 0xFF, 0xFF, 0xF7, 0x1F, 0xFF, 0x00, 0x00, 0x00,
  0x00, 0x00, 0x00, 0x00, 0xFF, 0xF1, 0x00, 0x00, 0x00, 0x00, 0x00, 0x00, 0x0D, 0xFF, 0x50, 0x00,
  0x00, 0x00, 0x00, 0x00, 0x00, 0x8F, 0xFB, 0x00, 0x00, 0x00, 0x00, 0x00, 0x00, 0x02, 0xFF, 0xF5,
  0x00, 0x00, 0x00, 0x00, 0x00, 0x00, 0x09, 0xFF, 0xF6, 0x00, 0x00, 0x00, 0x16, 0x70, 0x00, 0x0C,
  0xFF, 0xFE, 0xA8, 0x9A, 0xCF, 0xFA, 0x00, 0x00, 0x09, 0xFF, 0xFF, 0xFF, 0xFF, 0xFF, 0x90, 0x00,
  0x00, 0x02, 0x8C, 0xEF, 0xFE, 0xC8, 0x40, 0x00, 0x00, 0x00, 0x00, 0x00, 0x00, 0x78, 0x85, 0x00,
  0x00, 0x00, 0x00, 0x00, 0x00, 0x6F, 0xFF, 0x40, 0x00, 0x00, 0x00, 0x00, 0x00, 0x1E, 0xFF, 0x60,
  0x00, 0x00, 0x00, 0x00, 0x00, 0x0A, 0xFF, 0x80, 0x00, 0x00, 0x00, 0x00, 0x00, 0x05, 0xFF, 0x80,
  0x00, 0x00, 0x00, 0x00, 0x00, 0x00, 0xEF, 0x70, 0x00, 0x00, 0x00, 0x00, 0x00, 0x00, 0x00, 0x00,
  0x00, 0x00, 0x00, 0x00, 0x00, 0x00, 0x00, 0x00, 0x00, 0x00, 0x00, 0x00, 0x00, 0x00, 0x04, 0xAD,
  0xFF, 0xD9, 0x30, 0x00, 0x00, 0x00, 0x0A, 0xFF, 0xFF, 0xFF, 0xFF, 0x80, 0x00, 0x00, 0x0C, 0xFF,
  0xFB, 0x99, 0xCF, 0xFF, 0x90, 0x00, 0x08, 0xFF, 0xC2, 0x00, 0x00, 0x4F, 0xFF, 0x40, 0x01, 0xFF,
  0xE1, 0x00, 0x00, 0x00, 0x6F, 0xFB, 0x00, 0x7F, 0xF7, 0x00, 0x00, 0x00, 0x00, 0xFF, 0xF1, 0x0C,
  0xFF, 0x30, 0x00, 0x00, 0x00, 0x0C, 0xFF, 0x40, 0xEF, 0xF9, 0x88, 0x88, 0x88, 0x88, 0xDF, 0xF5,
  0x0F, 0xFF, 0xFF, 0xFF, 0xFF, 0xFF, 0xFF, 0xFF, 0x61, 0xFF, 0xFF, 0xFF, 0xFF, 0xFF, 0xFF, 0xFF,
  0xF7, 0x1F, 0xFF, 0x00, 0x00, 0x00, 0x00, 0x00, 0x00, 0x00, 0xFF, 0xF1, 0x00, 0x00, 0x00, 0x00,
  0x00, 0x00, 0x0D, 0xFF, 0x50, 0x00, 0x00, 0x00, 0x00, 0x00, 0x00, 0x8F, 0xFB, 0x00, 0x00, 0x00,
  0x00, 0x00, 0x00, 0x02, 0xFF, 0xF5, 0x00, 0x00, 0x00, 0x00, 0x00, 0x00, 0x09, 0xFF, 0xF6, 0x00,
  0x00, 0x00, 0x16, 0x70, 0x00, 0x0C, 0xFF, 0xFE, 0xA8, 0x9A, 0xCF, 0xFA, 0x00, 0x00, 0x09, 0xFF,
  0xFF, 0xFF, 0xFF, 0xFF, 0x90, 0x00, 0x00, 0x02, 0x8C, 0xEF, 0xFE, 0xC8, 0x40, 0x00, 0x00, 0x00,
  0x00, 0x07, 0x88, 0x20, 0x00, 0x00, 0x00, 0x00, 0x00, 0x08, 0xFF, 0xFD, 0x00, 0x00, 0x00, 0x00,
  0x00, 0x05, 0xFF, 0xFF, 0xFA, 0x00, 0x00, 0x00, 0x00, 0x03, 0xFF, 0xE3, 0xBF, 0xF7, 0x00, 0x00,
  0x00, 0x02, 0xEF, 0xD1, 0x00, 0xAF, 0xF6, 0x00, 0x00, 0x00, 0xDF, 0x90, 0x00, 0x00, 0x6F, 0xF4,
  0x00, 0x00, 0x00, 0x00, 0x00, 0x00, 0x00, 0x00, 0x00, 0x00, 0x00, 0x00, 0x00, 0x00, 0x00, 0x00,
  0x00, 0x00, 0x00, 0x00, 0x04, 0xAD, 0xFF, 0xD9, 0x30, 0x00, 0x00, 0x00, 0x0A, 0xFF, 0xFF, 0xFF,
  0xFF, 0x80, 0x00, 0x00, 0x0C, 0xFF, 0xFB, 0x99, 0xCF, 0xFF, 0x90, 0x00, 0x08, 0xFF, 0xC2, 0x00,
  0x00, 0x4F, 0xFF, 0x40, 0x01, 0xFF, 0xE1, 0x00, 0x00, 0x00, 0x6F, 0xFB, 0x00, 0x7F, 0xF7, 0x00,
  0x00, 0x00, 0x00, 0xFF, 0xF1, 0x0C, 0xFF, 0x30, 0x00, 0x00, 0x00, 0x0C, 0xFF, 0x40, 0xEF, 0xF9,
  0x88, 0x88, 0x88, 0x88, 0xDF, 0xF5, 0x0F, 0xFF, 0xFF, 0xFF, 0xFF, 0xFF, 0xFF, 0xFF, 0x61, 0xFF,
  0xFF, 0xFF, 0xFF, 0xFF, 0xFF, 0xFF, 0xF7, 0x1F, 0xFF, 0x00, 0x00, 0x00, 0x00, 0x00, 0x00, 0x00,
  0xFF, 0xF1, 0x00, 0x00, 0x00, 0x00, 0x00, 0x00, 0x0D, 0xFF, 0x50, 0x00, 0x00, 0x00, 0x00, 0x00,
  0x00, 0x8F, 0xFB, 0x00, 0x00, 0x00, 0x00, 0x00, 0x00, 0x02, 0xFF, 0xF5, 0x00, 0x00, 0x00, 0x00,
  0x00, 0x00, 0x09, 0xFF, 0xF6, 0x00, 0x00, 0x00, 0x16, 0x70, 0x00, 0x0C, 0xFF, 0xFE, 0xA8, 0x9A,
  0xCF, 0xFA, 0x00, 0x00, 0x09, 0xFF, 0xFF, 0xFF, 0xFF, 0xFF, 0x90, 0x00, 0x00, 0x02, 0x8C, 0xEF,
  0xFE, 0xC8, 0x40, 0x00, 0x00, 0x00, 0xAF, 0xA0, 0x00, 0x4E, 0xD2, 0x00, 0x00, 0x00, 0x0F, 0xFF,
  0x10, 0x0A, 0xFF, 0x70, 0x00, 0x00, 0x00, 0x9F, 0xA0, 0x00, 0x4E, 0xD2, 0x00, 0x00, 0x00, 0x00,
  0x00, 0x00, 0x00, 0x00, 0x00, 0x00, 0x00, 0x00, 0x00, 0x00, 0x00, 0x00, 0x00, 0x00, 0x00, 0x00,
  0x00, 0x00, 0x00, 0x00, 0x00, 0x00, 0x00, 0x00, 0x00, 0x04, 0xAD, 0xFF, 0xD9, 0x30, 0x00, 0x00,
  0x00, 0x0A, 0xFF, 0xFF, 0xFF, 0xFF, 0x80, 0x00, 0x00, 0x0C, 0xFF, 0xFB, 0x99, 0xCF, 0xFF, 0x90,
  0x00, 0x08, 0xFF, 0xC2, 0x00, 0x00, 0x4F, 0xFF, 0x40, 0x01, 0xFF, 0xE1, 0x00, 0x00, 0x00, 0x6F,
  0xFB, 0x00, 0x7F, 0xF7, 0x00, 0x00, 0x00, 0x00, 0xFF, 0xF1, 0x0C, 0xFF, 0x30, 0x00, 0x00, 0x00,
  0x0C, 0xFF, 0x40, 0xEF, 0xF9, 0x88, 0x88, 0x88, 0x88, 0xDF, 0xF5, 0x0F, 0xFF, 0xFF, 0xFF, 0xFF,
  0xFF, 0xFF, 0xFF, 0x61, 0xFF, 0xFF, 0xFF, 0xFF, 0xFF, 0xFF, 0xFF, 0xF7, 0x1F, 0xFF, 0x00, 0x00,
  0x00, 0x00, 0x00, 0x00, 0x00, 0xFF, 0xF1, 0x00, 0x00, 0x00, 0x00, 0x00, 0x00, 0x0D, 0xFF, 0x50,
  0x00, 0x00, 0x00, 0x00, 0x00, 0x00, 0x8F, 0xFB, 0x00, 0x00, 0x00, 0x00, 0x00, 0x00, 0x02, 0xFF,
  0xF5, 0x00, 0x00, 0x00, 0x00, 0x00, 0x00, 0x09, 0xFF, 0xF6, 0x00, 0x00, 0x00, 0x16, 0x70, 0x00,
  0x0C, 0xFF, 0xFE, 0xA8, 0x9A, 0xCF, 0xFA, 0x00, 0x00, 0x09, 0xFF, 0xFF, 0xFF, 0xFF, 0xFF, 0x90,
  0x00, 0x00, 0x02, 0x8C, 0xEF, 0xFE, 0xC8, 0x40, 0x00, 0x07, 0x88, 0x50, 0x00, 0x09, 0xFF, 0xF1,
  0x00, 0x00, 0xBF, 0xFA, 0x00, 0x00, 0x0C, 0xFF, 0x40, 0x00, 0x01, 0xCF, 0xE1, 0x00, 0x00, 0x0B,
  0xFA, 0x00, 0x00, 0x00, 0x00, 0x00, 0x00, 0x00, 0x00, 0x00, 0x01, 0xFF, 0xE0, 0x00, 0x01, 0xFF,
  0xE0, 0x00, 0x01, 0xFF, 0xE0, 0x00, 0x01, 0xFF, 0xE0, 0x00, 0x01, 0xFF, 0xE0, 0x00, 0x01, 0xFF,
  0xE0, 0x00, 0x01, 0xFF, 0xE0, 0x00, 0x01, 0xFF, 0xE0, 0x00, 0x01, 0xFF, 0xE0, 0x00, 0x01, 0xFF,
  0xE0, 0x00, 0x01, 0xFF, 0xE0, 0x00, 0x01, 0xFF, 0xE0, 0x00, 0x01, 0xFF, 0xE0, 0x00, 0x01, 0xFF,
  0xE0, 0x00, 0x01, 0xFF, 0xE0, 0x00, 0x01, 0xFF, 0xE0, 0x00, 0x01, 0xFF, 0xE0, 0x00, 0x01, 0xFF,
  0xE0, 0x00, 0x01, 0xFF, 0xE0, 0x00, 0x02, 0x88, 0x83, 0x00, 0x0B, 0xFF, 0xE1, 0x00, 0x5F, 0xFF,
  0x20, 0x00, 0xEF, 0xF3, 0x00, 0x09, 0xFF, 0x40, 0x00, 0x4F, 0xE3, 0x00, 0x00, 0x00, 0x00, 0x00,
  0x00, 0x00, 0x00, 0x00, 0x00, 0x1F, 0xFE, 0x00, 0x00, 0x1F, 0xFE, 0x00, 0x00, 0x1F, 0xFE, 0x00,
  0x00, 0x1F, 0xFE, 0x00, 0x00, 0x1F, 0xFE, 0x00, 0x00, 0x1F, 0xFE, 0x00, 0x00, 0x1F, 0xFE, 0x00,
  0x00, 0x1F, 0xFE, 0x00, 0x00, 0x1F, 0xFE, 0x00, 0x00, 0x1F, 0xFE, 0x00, 0x00, 0x1F, 0xFE, 0x00,
  0x00, 0x1F, 0xFE, 0x00, 0x00, 0x1F, 0xFE, 0x00, 0x00, 0x1F, 0xFE, 0x00, 0x00, 0x1F, 0xFE, 0x00,
  0x00, 0x1F, 0xFE, 0x00, 0x00, 0x1F, 0xFE, 0x00, 0x00, 0x1F, 0xFE, 0x00, 0x00, 0x1F, 0xFE, 0x00,
  0x00, 0x00, 0x02, 0x88, 0x70, 0x00, 0x00, 0x00, 0x0D, 0xFF, 0xF8, 0x00, 0x00, 0x00, 0x9F, 0xFF,
  0xFF, 0x50, 0x00, 0x07, 0xFF, 0xA3, 0xEF, 0xF3, 0x00, 0x5F, 0xF9, 0x00, 0x2D, 0xFE, 0x20, 0xFF,
  0x60, 0x00, 0x00, 0x9F, 0xE1, 0x00, 0x00, 0x00, 0x00, 0x00, 0x00, 0x00, 0x00, 0x00, 0x00, 0x00,
  0x00, 0x00, 0x01, 0xFF, 0xE0, 0x00, 0x00, 0x00, 0x01, 0xFF, 0xE0, 0x00, 0x00, 0x00, 0x01, 0xFF,
  0xE0, 0x00, 0x00, 0x00, 0x01, 0xFF, 0xE0, 0x00, 0x00, 0x00, 0x01, 0xFF, 0xE0, 0x00, 0x00, 0x00,
  0x01, 0xFF, 0xE0, 0x00, 0x00, 0x00, 0x01, 0xFF, 0xE0, 0x00, 0x00, 0x00, 0x01, 0xFF, 0xE0, 0x00,
  0x00, 0x00, 0x01, 0xFF, 0xE0, 0x00, 0x00, 0x00, 0x01, 0xFF, 0xE0, 0x00, 0x00, 0x00, 0x01, 0xFF,
  0xE0, 0x00, 0x00, 0x00, 0x01, 0xFF, 0xE0, 0x00, 0x00, 0x00, 0x01, 0xFF, 0xE0, 0x00, 0x00, 0x00,
  0x01, 0xFF, 0xE0, 0x00, 0x00, 0x00, 0x01, 0xFF, 0xE0, 0x00, 0x00, 0x00, 0x01, 0xFF, 0xE0, 0x00,
  0x00, 0x00, 0x01, 0xFF, 0xE0, 0x00, 0x00, 0x00, 0x01, 0xFF, 0xE0, 0x00, 0x00, 0x00, 0x01, 0xFF,
  0xE0, 0x00, 0x00, 0x1D, 0xF6, 0x00, 0x08, 0xFB, 0x05, 0xFF, 0xC0, 0x00, 0xFF, 0xF2, 0x1C, 0xF6,
  0x00, 0x08, 0xFB, 0x00, 0x00, 0x00, 0x00, 0x00, 0x00, 0x00, 0x00, 0x00, 0x00, 0x00, 0x00, 0x00,
  0x00, 0x00, 0x00, 0x00, 0x00, 0x01, 0xFF, 0xE0, 0x00, 0x00, 0x00, 0x1F, 0xFE, 0x00, 0x00, 0x00,
  0x01, 0xFF, 0xE0, 0x00, 0x00, 0x00, 0x1F, 0xFE, 0x00, 0x00, 0x00, 0x01, 0xFF, 0xE0, 0x00, 0x00,
  0x00, 0x1F, 0xFE, 0x00, 0x00, 0x00, 0x01, 0xFF, 0xE0, 0x00, 0x00, 0x00, 0x1F, 0xFE, 0x00, 0x00,
  0x00, 0x01, 0xFF, 0xE0, 0x00, 0x00, 0x00, 0x1F, 0xFE, 0x00, 0x00, 0x00, 0x01, 0xFF, 0xE0, 0x00,
  0x00, 0x00, 0x1F, 0xFE, 0x00, 0x00, 0x00, 0x01, 0xFF, 0xE0, 0x00, 0x00, 0x00, 0x1F, 0xFE, 0x00,
  0x00, 0x00, 0x01, 0xFF, 0xE0, 0x00, 0x00, 0x00, 0x1F, 0xFE, 0x00, 0x00, 0x00, 0x01, 0xFF, 0xE0,
  0x00, 0x00, 0x00, 0x1F, 0xFE, 0x00, 0x00, 0x00, 0x01, 0xFF, 0xE0, 0x00, 0x00, 0x00, 0x00, 0x00,
  0x00, 0x00, 0x00, 0x00, 0x00, 0x00, 0x00, 0x00, 0x01, 0xE8, 0x10, 0x00, 0x05, 0xB0, 0x00, 0x00,
  0x00, 0x09, 0xFF, 0xE6, 0x03, 0xCF, 0xF8, 0x00, 0x00, 0x00, 0x02, 0xBF, 0xFF, 0xDF, 0xFF, 0xA1,
  0x00, 0x00, 0x00, 0x00, 0x05, 0xFF, 0xFF, 0xD4, 0x00, 0x00, 0x00, 0x00, 0x00, 0x3D, 0xFF, 0xFF,
  0xE2, 0x00, 0x00, 0x00, 0x00, 0x1A, 0xFF, 0xFA, 0xBF, 0xFD, 0x00, 0x00, 0x00, 0x00, 0x4F, 0xFC,
  0x30, 0x0B, 0xFF, 0xA0, 0x00, 0x00, 0x00, 0x08, 0x60, 0x00, 0x01, 0xEF, 0xF4, 0x00, 0x00, 0x00,
  0x00, 0x00, 0x00, 0x00, 0x4F, 0xFC, 0x00, 0x00, 0x00, 0x00, 0x00, 0x00, 0x00, 0x0B, 0xFF, 0x40,
  0x00, 0x00, 0x06, 0xBE, 0xFF, 0xDA, 0x33, 0xFF, 0xA0, 0x00, 0x03, 0xDF, 0xFF, 0xFF, 0xFF, 0xF9,
  0xEF, 0xF0, 0x00, 0x3F, 0xFF, 0xFC, 0x98, 0xAE, 0xFF, 0xFF, 0xF3, 0x00, 0xDF, 0xFC, 0x20, 0x00,
  0x00, 0x5F, 0xFF, 0xF7, 0x06, 0xFF, 0xD0, 0x00, 0x00, 0x00, 0x05, 0xFF, 0xF9, 0x0B, 0xFF, 0x60,
  0x00, 0x00, 0x00, 0x00, 0xCF, 0xFA, 0x0F, 0xFF, 0x10, 0x00, 0x00, 0x00, 0x00, 0x7F, 0xFB, 0x0F,
  0xFF, 0x00, 0x00, 0x00, 0x00, 0x00, 0x5F, 0xFB, 0x1F, 0xFE, 0x00, 0x00, 0x00, 0x00, 0x00, 0x5F,
  0xFA, 0x1F, 0xFF, 0x00, 0x00, 0x00, 0x00, 0x00, 0x6F, 0xF8, 0x0E, 0xFF, 0x10, 0x00, 0x00, 0x00,
  0x00, 0x9F, 0xF5, 0x0A, 0xFF, 0x70, 0x00, 0x00, 0x00, 0x00, 0xEF, 0xF1, 0x04, 0xFF, 0xE1, 0x00,
  0x00, 0x00, 0x07, 0xFF, 0xB0, 0x00, 0xBF, 0xFC, 0x20, 0x00, 0x00, 0x6F, 0xFF, 0x20, 0x00, 0x1D,
  0xFF, 0xFC, 0x98, 0xAE, 0xFF, 0xF6, 0x00, 0x00, 0x00, 0xAF, 0xFF, 0xFF, 0xFF, 0xFE, 0x50, 0x00,
  0x00, 0x00, 0x03, 0x9D, 0xFF, 0xEB, 0x70, 0x00, 0x00, 0x00, 0x00, 0x27, 0x73, 0x00, 0x00, 0x08,
  0x60, 0x00, 0x00, 0x5F, 0xFF, 0xFB, 0x20, 0x05, 0xF9, 0x00, 0x00, 0x0E, 0xFF, 0xFF, 0xFF, 0xA9,
  0xFF, 0x40, 0x00, 0x06, 0xFB, 0x11, 0x8F, 0xFF, 0xFF, 0xC0, 0x00, 0x00, 0x9F, 0x30, 0x00, 0x29,
  0xEF, 0xA1, 0x00, 0x00, 0x00, 0x00, 0x00, 0x00, 0x00, 0x00, 0x00, 0x00, 0x00, 0x00, 0x00, 0x00,
  0x00, 0x00, 0x00, 0x00, 0x01, 0xFF, 0x50, 0x04, 0xAE, 0xFF, 0xD9, 0x20, 0x00, 0x1F, 0xF8, 0x1B,
  0xFF, 0xFF, 0xFF, 0xFF, 0x60, 0x01, 0xFF, 0xBB, 0xFF, 0xB9, 0x8B, 0xFF, 0xFF, 0x40, 0x1F, 0xFF,
  0xFB, 0x10, 0x00, 0x01, 0xDF, 0xFB, 0x01, 0xFF, 0xFE, 0x00, 0x00, 0x00, 0x03, 0xFF, 0xF0, 0x1F,
  0xFF, 0x70, 0x00, 0x00, 0x00, 0x0D, 0xFF, 0x21, 0xFF, 0xF2, 0x00, 0x00, 0x00, 0x00, 0xBF, 0xF3,
  0x1F, 0xFF, 0x00, 0x00, 0x00, 0x00, 0x0B, 0xFF, 0x41, 0xFF, 0xE0, 0x00, 0x00, 0x00, 0x00, 0xBF,
  0xF4, 0x1F, 0xFE, 0x00, 0x00, 0x00, 0x00, 0x0B, 0xFF, 0x41, 0xFF, 0xE0, 0x00, 0x00, 0x00, 0x00,
  0xBF, 0xF4, 0x1F, 0xFE, 0x00, 0x00, 0x00, 0x00, 0x0B, 0xFF, 0x41, 0xFF, 0xE0, 0x00, 0x00, 0x00,
  0x00, 0xBF, 0xF4, 0x1F, 0xFE, 0x00, 0x00, 0x00, 0x00, 0x0B, 0xFF, 0x41, 0xFF, 0xE0, 0x00, 0x00,
  0x00, 0x00, 0xBF, 0xF4, 0x1F, 0xFE, 0x00, 0x00, 0x00, 0x00, 0x0B, 0xFF, 0x41, 0xFF, 0xE0, 0x00,
  0x00, 0x00, 0x00, 0xBF, 0xF4, 0x1F, 0xFE, 0x00, 0x00, 0x00, 0x00, 0x0B, 0xFF, 0x41, 0xFF, 0xE0,
  0x00, 0x00, 0x00, 0x00, 0xBF, 0xF4, 0x00, 0x00, 0x08, 0x88, 0x40, 0x00, 0x00, 0x00, 0x00, 0x00,
  0x00, 0x0A, 0xFF, 0xE1, 0x00, 0x00, 0x00, 0x00, 0x00, 0x00, 0x00, 0xCF, 0xF9, 0x00, 0x00, 0x00,
  0x00, 0x00, 0x00, 0x00, 0x1D, 0xFF, 0x30, 0x00, 0x00, 0x00, 0x00, 0x00, 0x00, 0x01, 0xDF, 0xD0,
  0x00, 0x00, 0x00, 0x00, 0x00, 0x00, 0x00, 0x1C, 0xF9, 0x00, 0x00, 0x00, 0x00, 0x00, 0x00, 0x00,
  0x00, 0x00, 0x00, 0x00, 0x00, 0x00, 0x00, 0x00, 0x00, 0x00, 0x00, 0x00, 0x00, 0x00, 0x00, 0x00,
  0x03, 0x9D, 0xEF, 0xEB, 0x70, 0x00, 0x00, 0x00, 0x00, 0xAF, 0xFF, 0xFF, 0xFF, 0xFE, 0x40, 0x00,
  0x00, 0x0C, 0xFF, 0xFC, 0x98, 0xAE, 0xFF, 0xF5, 0x00, 0x00, 0x9F, 0xFE, 0x30, 0x00, 0x00, 0x8F,
  0xFF, 0x20, 0x02, 0xFF, 0xF3, 0x00, 0x00, 0x00, 0x09, 0xFF, 0xB0, 0x08, 0xFF, 0xA0, 0x00, 0x00,
  0x00, 0x01, 0xFF, 0xF2, 0x0C, 0xFF, 0x50, 0x00, 0x00, 0x00, 0x00, 0xBF, 0xF6, 0x0F, 0xFF, 0x10,
  0x00, 0x00, 0x00, 0x00, 0x8F, 0xF9, 0x1F, 0xFF, 0x00, 0x00, 0x00, 0x00, 0x00, 0x6F, 0xFA, 0x1F,
  0xFF, 0x00, 0x00, 0x00, 0x00, 0x00, 0x5F, 0xFB, 0x1F, 0xFF, 0x00, 0x00, 0x00, 0x00, 0x00, 0x6F,
  0xFA, 0x0F, 0xFF, 0x20, 0x00, 0x00, 0x00, 0x00, 0x8F, 0xF9, 0x0C, 0xFF, 0x50, 0x00, 0x00, 0x00,
  0x00, 0xBF, 0xF6, 0x08, 0xFF, 0xA0, 0x00, 0x00, 0x00, 0x01, 0xFF, 0xF2, 0x01, 0xFF, 0xF3, 0x00,
  0x00, 0x00, 0x0A, 0xFF, 0xB0, 0x00, 0x8F, 0xFE, 0x40, 0x00, 0x00, 0x8F, 0xFF, 0x30, 0x00, 0x0B,
  0xFF, 0xFC, 0x98, 0xAE, 0xFF, 0xF6, 0x00, 0x00, 0x00, 0x9F, 0xFF, 0xFF, 0xFF, 0xFE, 0x50, 0x00,
  0x00, 0x00, 0x02, 0x9D, 0xFF, 0xEB, 0x70, 0x00, 0x00, 0x00, 0x00, 0x00, 0x00, 0x00, 0x38, 0x88,
  0x20, 0x00, 0x00, 0x00, 0x00, 0x00, 0x00, 0xDF, 0xFD, 0x00, 0x00, 0x00, 0x00, 0x00, 0x00, 0x06,
  0xFF, 0xE2, 0x00, 0x00, 0x00, 0x00, 0x00, 0x00, 0x1F, 0xFE, 0x20, 0x00, 0x00, 0x00, 0x00, 0x00,
  0x00, 0xBF, 0xF3, 0x00, 0x00, 0x00, 0x00, 0x00, 0x00, 0x05, 0xFE, 0x20, 0x00, 0x00, 0x00, 0x00,
  0x00, 0x00, 0x00, 0x00, 0x00, 0x00, 0x00, 0x00, 0x00, 0x00, 0x00, 0x00, 0x00, 0x00, 0x00, 0x00,
  0x00, 0x00, 0x00, 0x03, 0x9D, 0xEF, 0xEB, 0x70, 0x00, 0x00, 0x00, 0x00, 0xAF, 0xFF, 0xFF, 0xFF,
  0xFE, 0x40, 0x00, 0x00, 0x0C, 0xFF, 0xFC, 0x98, 0xAE, 0xFF, 0xF5, 0x00, 0x00, 0x9F, 0xFE, 0x30,
  0x00, 0x00, 0x8F, 0xFF, 0x20, 0x02, 0xFF, 0xF3, 0x00, 0x00, 0x00, 0x09, 0xFF, 0xB0, 0x08, 0xFF,
  0xA0, 0x00, 0x00, 0x00, 0x01, 0xFF, 0xF2, 0x0C, 0xFF, 0x50, 0x00, 0x00, 0x00, 0x00, 0xBF, 0xF6,
  0x0F, 0xFF, 0x10, 0x00, 0x00, 0x00, 0x00, 0x8F, 0xF9, 0x1F, 0xFF, 0x00, 0x00, 0x00, 0x00, 0x00,
  0x6F, 0xFA, 0x1F, 0xFF, 0x00, 0x00, 0x00, 0x00, 0x00, 0x5F, 0xFB, 0x1F, 0xFF, 0x00, 0x00, 0x00,
  0x00, 0x00, 0x6F, 0xFA, 0x0F, 0xFF, 0x20, 0x00, 0x00, 0x00, 0x00, 0x8F, 0xF9, 0x0C, 0xFF, 0x50,
  0x00, 0x00, 0x00, 0x00, 0xBF, 0xF6, 0x08, 0xFF, 0xA0, 0x00, 0x00, 0x00, 0x01, 0xFF, 0xF2, 0x01,
  0xFF, 0xF3, 0x00, 0x00, 0x00, 0x0A, 0xFF, 0xB0, 0x00, 0x8F, 0xFE, 0x40, 0x00, 0x00, 0x8F, 0xFF,
  0x30, 0x00, 0x0B, 0xFF, 0xFC, 0x98, 0xAE, 0xFF, 0xF6, 0x00, 0x00, 0x00, 0x9F, 0xFF, 0xFF, 0xFF,
  0xFE, 0x50, 0x00, 0x00, 0x00, 0x02, 0x9D, 0xFF, 0xEB, 0x70, 0x00, 0x00, 0x00, 0x00, 0x00, 0x03,
  0x88, 0x70, 0x00, 0x00, 0x00, 0x00, 0x00, 0x00, 0x0D, 0xFF, 0xF7, 0x00, 0x00, 0x00, 0x00, 0x00,
  0x00, 0xBF, 0xFF, 0xFF, 0x40, 0x00, 0x00, 0x00, 0x00, 0x08, 0xFF, 0x93, 0xEF, 0xE2, 0x00, 0x00,
  0x00, 0x00, 0x6F, 0xF8, 0x00, 0x2E, 0xFE, 0x10, 0x00, 0x00, 0x04, 0xFF, 0x50, 0x00, 0x01, 0xAF,
  0xD0, 0x00, 0x00, 0x00, 0x00, 0x00, 0x00, 0x00, 0x00, 0x00, 0x00, 0x00, 0x00, 0x00, 0x00, 0x00,
  0x00, 0x00, 0x00, 0x00, 0x00, 0x00, 0x03, 0x9D, 0xEF, 0xEB, 0x70, 0x00, 0x00, 0x00, 0x00, 0xAF,
  0xFF, 0xFF, 0xFF, 0xFE, 0x40, 0x00, 0x00, 0x0C, 0xFF, 0xFC, 0x98, 0xAE, 0xFF, 0xF5, 0x00, 0x00,
  0x9F, 0xFE, 0x30, 0x00, 0x00, 0x8F, 0xFF, 0x20, 0x02, 0xFF, 0xF3, 0x00, 0x00, 0x00, 0x09, 0xFF,
  0xB0, 0x08, 0xFF, 0xA0, 0x00, 0x00, 0x00, 0x01, 0xFF, 0xF2, 0x0C, 0xFF, 0x50, 0x00, 0x00, 0x00,
  0x00, 0xBF, 0xF6, 0x0F, 0xFF, 0x10, 0x00, 0x00, 0x00, 0x00, 0x8F, 0xF9, 0x1F, 0xFF, 0x00, 0x00,
  0x00, 0x00, 0x00, 0x6F, 0xFA, 0x1F, 0xFF, 0x00, 0x00, 0x00, 0x00, 0x00, 0x5F, 0xFB, 0x1F, 0xFF,
  0x00, 0x00, 0x00, 0x00, 0x00, 0x6F, 0xFA, 0x0F, 0xFF, 0x20, 0x00, 0x00, 0x00, 0x00, 0x8F, 0xF9,
  0x0C, 0xFF, 0x50, 0x00, 0x00, 0x00, 0x00, 0xBF, 0xF6, 0x08, 0xFF, 0xA0, 0x00, 0x00, 0x00, 0x01,
  0xFF, 0xF2, 0x01, 0xFF, 0xF3, 0x00, 0x00, 0x00, 0x0A, 0xFF, 0xB0, 0x00, 0x8F, 0xFE, 0x40, 0x00,
  0x00, 0x8F, 0xFF, 0x30, 0x00, 0x0B, 0xFF, 0xFC, 0x98, 0xAE, 0xFF, 0xF6, 0x00, 0x00, 0x00, 0x9F,
  0xFF, 0xFF, 0xFF, 0xFE, 0x50, 0x00, 0x00, 0x00, 0x02, 0x9D, 0xFF, 0xEB, 0x70, 0x00, 0x00, 0x00,
  0x00, 0x03, 0x77, 0x20, 0x00, 0x01, 0x84, 0x00, 0x00, 0x00, 0x8F, 0xFF, 0xF9, 0x10, 0x08, 0xF5,
  0x00, 0x00, 0x02, 0xFF, 0xFF, 0xFF, 0xF9, 0xAF, 0xF1, 0x00, 0x00, 0x09, 0xF8, 0x02, 0xAF, 0xFF,
  0xFF, 0x80, 0x00, 0x00, 0x0C, 0xF0, 0x00, 0x03, 0xBF, 0xE8, 0x00, 0x00, 0x00, 0x00, 0x00, 0x00,
  0x00, 0x00, 0x00, 0x00, 0x00, 0x00, 0x00, 0x00, 0x00, 0x00, 0x00, 0x00, 0x00, 0x00, 0x00, 0x00,
  0x03, 0x9D, 0xEF, 0xEB, 0x70, 0x00, 0x00, 0x00, 0x00, 0xAF, 0xFF, 0xFF, 0xFF, 0xFE, 0x40, 0x00,
  0x00, 0x0C, 0xFF, 0xFC, 0x98, 0xAE, 0xFF, 0xF5, 0x00, 0x00, 0x9F, 0xFE, 0x30, 0x00, 0x00, 0x8F,
  0xFF, 0x20, 0x02, 0xFF, 0xF3, 0x00, 0x00, 0x00, 0x09, 0xFF, 0xB0, 0x08, 0xFF, 0xA0, 0x00, 0x00,
  0x00, 0x01, 0xFF, 0xF2, 0x0C, 0xFF, 0x50, 0x00, 0x00, 0x00, 0x00, 0xBF, 0xF6, 0x0F, 0xFF, 0x10,
  0x00, 0x00, 0x00, 0x00, 0x8F, 0xF9, 0x1F, 0xFF, 0x00, 0x00, 0x00, 0x00, 0x00, 0x6F, 0xFA, 0x1F,
  0xFF, 0x00, 0x00, 0x00, 0x00, 0x00, 0x5F, 0xFB, 0x1F, 0xFF, 0x00, 0x00, 0x00, 0x00, 0x00, 0x6F,
  0xFA, 0x0F, 0xFF, 0x20, 0x00, 0x00, 0x00, 0x00, 0x8F, 0xF9, 0x0C, 0xFF, 0x50, 0x00, 0x00, 0x00,
  0x00, 0xBF, 0xF6, 0x08, 0xFF, 0xA0, 0x00, 0x00, 0x00, 0x01, 0xFF, 0xF2, 0x01, 0xFF, 0xF3, 0x00,
  0x00, 0x00, 0x0A, 0xFF, 0xB0, 0x00, 0x8F, 0xFE, 0x40, 0x00, 0x00, 0x8F, 0xFF, 0x30, 0x00, 0x0B,
  0xFF, 0xFC, 0x98, 0xAE, 0xFF, 0xF6, 0x00, 0x00, 0x00, 0x9F, 0xFF, 0xFF, 0xFF, 0xFE, 0x50, 0x00,
  0x00, 0x00, 0x02, 0x9D, 0xFF, 0xEB, 0x70, 0x00, 0x00, 0x00, 0x00, 0x2D, 0xE5, 0x00, 0x0A, 0xFA,
  0x00, 0x00, 0x00, 0x00, 0x6F, 0xFB, 0x00, 0x0F, 0xFF, 0x10, 0x00, 0x00, 0x00, 0x2D, 0xE5, 0x00,
  0x09, 0xFA, 0x00, 0x00, 0x00, 0x00, 0x00, 0x00, 0x00, 0x00, 0x00, 0x00, 0x00, 0x00, 0x00, 0x00,
  0x00, 0x00, 0x00, 0x00, 0x00, 0x00, 0x00, 0x00, 0x00, 0x00, 0x00, 0x00, 0x00, 0x00, 0x00, 0x00,
  0x00, 0x03, 0x9D, 0xEF, 0xEB, 0x70, 0x00, 0x00, 0x00, 0x00, 0xAF, 0xFF, 0xFF, 0xFF, 0xFE, 0x40,
  0x00, 0x00, 0x0C, 0xFF, 0xFC, 0x98, 0xAE, 0xFF, 0xF5, 0x00, 0x00, 0x9F, 0xFE, 0x30, 0x00, 0x00,
  0x8F, 0xFF, 0x20, 0x02, 0xFF, 0xF3, 0x00, 0x00, 0x00, 0x09, 0xFF, 0xB0, 0x08, 0xFF, 0xA0, 0x00,
  0x00, 0x00, 0x01, 0xFF, 0xF2, 0x0C, 0xFF, 0x50, 0x00, 0x00, 0x00, 0x00, 0xBF, 0xF6, 0x0F, 0xFF,
  0x10, 0x00, 0x00, 0x00, 0x00, 0x8F, 0xF9, 0x1F, 0xFF, 0x00, 0x00, 0x00, 0x00, 0x00, 0x6F, 0xFA,
  0x1F, 0xFF, 0x00, 0x00, 0x00, 0x00, 0x00, 0x5F, 0xFB, 0x1F, 0xFF, 0x00, 0x00, 0x00, 0x00, 0x00,
  0x6F, 0xFA, 0x0F, 0xFF, 0x20, 0x00, 0x00, 0x00, 0x00, 0x8F, 0xF9, 0x0C, 0xFF, 0x50, 0x00, 0x00,
  0x00, 0x00, 0xBF, 0xF6, 0x08, 0xFF, 0xA0, 0x00, 0x00, 0x00, 0x01, 0xFF, 0xF2, 0x01, 0xFF, 0xF3,
  0x00, 0x00, 0x00, 0x0A, 0xFF, 0xB0, 0x00, 0x8F, 0xFE, 0x40, 0x00, 0x00, 0x8F, 0xFF, 0x30, 0x00,
  0x0B, 0xFF, 0xFC, 0x98, 0xAE, 0xFF, 0xF6, 0x00, 0x00, 0x00, 0x9F, 0xFF, 0xFF, 0xFF, 0xFE, 0x50,
  0x00, 0x00, 0x00, 0x02, 0x9D, 0xFF, 0xEB, 0x70, 0x00, 0x00, 0x00, 0x00, 0x00, 0x09, 0xFC, 0x10,
  0x00, 0x00, 0x00, 0x00, 0x00, 0x02, 0xFF, 0xF7, 0x00, 0x00, 0x00, 0x00, 0x00, 0x00, 0x2F, 0xFF,
  0x70, 0x00, 0x00, 0x00, 0x00, 0x00, 0x00, 0x9F, 0xC1, 0x00, 0x00, 0x00, 0x00, 0x00, 0x00, 0x00,
  0x00, 0x00, 0x00, 0x00, 0x00, 0x00, 0x00, 0x00, 0x00, 0x00, 0x00, 0x00, 0x00, 0x28, 0x88, 0x88,
  0x88, 0x88, 0x88, 0x88, 0x88, 0x64, 0xFF, 0xFF, 0xFF, 0xFF, 0xFF, 0xFF, 0xFF, 0xFB, 0x4F, 0xFF,
  0xFF, 0xFF, 0xFF, 0xFF, 0xFF, 0xFF, 0xB0, 0x00, 0x00, 0x00, 0x00, 0x00, 0x00, 0x00, 0x00, 0x00,
  0x00, 0x00, 0x00, 0x00, 0x00, 0x00, 0x00, 0x00, 0x00, 0x00, 0x00, 0x00, 0x00, 0x00, 0x00, 0x00,
  0x00, 0x00, 0x00, 0x09, 0xFC, 0x10, 0x00, 0x00, 0x00, 0x00, 0x00, 0x02, 0xFF, 0xF7, 0x00, 0x00,
  0x00, 0x00, 0x00, 0x00, 0x2F, 0xFF, 0x70, 0x00, 0x00, 0x00, 0x00, 0x00, 0x00, 0x9F, 0xC1, 0x00,
  0x00, 0x00, 0x00, 0x00, 0x00, 0x00, 0x00, 0x00, 0x00, 0x17, 0x00, 0x00, 0x00, 0x03, 0x9D, 0xEF,
  0xEB, 0x60, 0xBF, 0xC0, 0x00, 0x00, 0xAF, 0xFF, 0xFF, 0xFF, 0xFF, 0xFF, 0x80, 0x00, 0x0C, 0xFF,
  0xFC, 0x99, 0xBF, 0xFF, 0xFD, 0x00, 0x00, 0x9F, 0xFE, 0x30, 0x00, 0x02, 0xEF, 0xFE, 0x10, 0x02,
  0xFF, 0xF3, 0x00, 0x00, 0x07, 0xFF, 0xFF, 0x90, 0x08, 0xFF, 0xA0, 0x00, 0x00, 0x3F, 0xFC, 0xFF,
  0xF1, 0x0C, 0xFF, 0x50, 0x00, 0x00, 0xDF, 0xE1, 0xCF, 0xF5, 0x0F, 0xFF, 0x10, 0x00, 0x09, 0xFF,
  0x50, 0x8F, 0xF8, 0x1F, 0xFF, 0x00, 0x00, 0x5F, 0xF9, 0x00, 0x7F, 0xFA, 0x1F, 0xFF, 0x00, 0x02,
  0xFF, 0xD0, 0x00, 0x6F, 0xFB, 0x0F, 0xFF, 0x00, 0x0C, 0xFF, 0x20, 0x00, 0x6F, 0xFA, 0x0F, 0xFF,
  0x20, 0x8F, 0xF6, 0x00, 0x00, 0x8F, 0xF9, 0x0C, 0xFF, 0x54, 0xFF, 0xB0, 0x00, 0x00, 0xBF, 0xF6,
  0x07, 0xFF, 0xBE, 0xFE, 0x10, 0x00, 0x01, 0xFF, 0xF2, 0x01, 0xFF, 0xFF, 0xF4, 0x00, 0x00, 0x0A,
  0xFF, 0xB0, 0x00, 0x8F, 0xFF, 0xA0, 0x00, 0x00, 0x8F, 0xFF, 0x30, 0x00, 0x2F, 0xFF, 0xFD, 0xA8,
  0xAE, 0xFF, 0xF6, 0x00, 0x00, 0xCF, 0xFF, 0xFF, 0xFF, 0xFF, 0xFE, 0x50, 0x00, 0x03, 0xFF, 0x63,
  0x9D, 0xFF, 0xEB, 0x70, 0x00, 0x00, 0x00, 0x28, 0x00, 0x00, 0x00, 0x00, 0x00, 0x00, 0x00, 0x00,
  0x00, 0x78, 0x86, 0x00, 0x00, 0x00, 0x00, 0x00, 0x00, 0x07, 0xFF, 0xF3, 0x00, 0x00, 0x00, 0x00,
  0x00, 0x00, 0x0A, 0xFF, 0xC0, 0x00, 0x00, 0x00, 0x00, 0x00, 0x00, 0x0B, 0xFF, 0x60, 0x00, 0x00,
  0x00, 0x00, 0x00, 0x00, 0x0B, 0xFF, 0x20, 0x00, 0x00, 0x00, 0x00, 0x00, 0x00, 0x0A, 0xFC, 0x00,
  0x00, 0x00, 0x00, 0x00, 0x00, 0x00, 0x00, 0x00, 0x00, 0x00, 0x00, 0x00, 0x00, 0x00, 0x00, 0x00,
  0x00, 0x00, 0x00, 0x5F, 0xFB, 0x00, 0x00, 0x00, 0x00, 0x0E, 0xFF, 0x25, 0xFF, 0xB0, 0x00, 0x00,
  0x00, 0x00, 0xEF, 0xF2, 0x5F, 0xFB, 0x00, 0x00, 0x00, 0x00, 0x0E, 0xFF, 0x25, 0xFF, 0xB0, 0x00,
  0x00, 0x00, 0x00, 0xEF, 0xF2, 0x5F, 0xFB, 0x00, 0x00, 0x00, 0x00, 0x0E, 0xFF, 0x25, 0xFF, 0xB0,
  0x00, 0x00, 0x00, 0x00, 0xEF, 0xF2, 0x5F, 0xFB, 0x00, 0x00, 0x00, 0x00, 0x0E, 0xFF, 0x25, 0xFF,
  0xB0, 0x00, 0x00, 0x00, 0x00, 0xEF, 0xF2, 0x5F, 0xFB, 0x00, 0x00, 0x00, 0x00, 0x0E, 0xFF, 0x25,
  0xFF, 0xB0, 0x00, 0x00, 0x00, 0x00, 0xEF, 0xF2, 0x5F, 0xFB, 0x00, 0x00, 0x00, 0x00, 0x0E, 0xFF,
  0x25, 0xFF, 0xB0, 0x00, 0x00, 0x00, 0x00, 0xFF, 0xF2, 0x4F, 0xFB, 0x00, 0x00, 0x00, 0x00, 0x2F,
  0xFF, 0x23, 0xFF, 0xD0, 0x00, 0x00, 0x00, 0x07, 0xFF, 0xF2, 0x1F, 0xFF, 0x30, 0x00, 0x00, 0x00,
  0xEF, 0xFF, 0x20, 0xCF, 0xFD, 0x10, 0x00, 0x01, 0xBF, 0xFF, 0xF2, 0x05, 0xFF, 0xFF, 0xA8, 0x9B,
  0xFF, 0xCC, 0xFF, 0x20, 0x07, 0xFF, 0xFF, 0xFF, 0xFF, 0xC1, 0x9F, 0xF2, 0x00, 0x03, 0x9D, 0xFF,
  0xEA, 0x50, 0x06, 0xFF, 0x20, 0x00, 0x00, 0x00, 0x00, 0x01, 0x88, 0x84, 0x00, 0x00, 0x00, 0x00,
  0x00, 0x00, 0x9F, 0xFE, 0x20, 0x00, 0x00, 0x00, 0x00, 0x00, 0x3F, 0xFF, 0x40, 0x00, 0x00, 0x00,
  0x00, 0x00, 0x0D, 0xFF, 0x50, 0x00, 0x00, 0x00, 0x00, 0x00, 0x08, 0xFF, 0x50, 0x00, 0x00, 0x00,
  0x00, 0x00, 0x02, 0xFF, 0x50, 0x00, 0x00, 0x00, 0x00, 0x00, 0x00, 0x00, 0x00, 0x00, 0x00, 0x00,
  0x00, 0x00, 0x00, 0x00, 0x00, 0x00, 0x00, 0x00, 0x00, 0x5F, 0xFB, 0x00, 0x00, 0x00, 0x00, 0x0E,
  0xFF, 0x25, 0xFF, 0xB0, 0x00, 0x00, 0x00, 0x00, 0xEF, 0xF2, 0x5F, 0xFB, 0x00, 0x00, 0x00, 0x00,
  0x0E, 0xFF, 0x25, 0xFF, 0xB0, 0x00, 0x00, 0x00, 0x00, 0xEF, 0xF2, 0x5F, 0xFB, 0x00, 0x00, 0x00,
  0x00, 0x0E, 0xFF, 0x25, 0xFF, 0xB0, 0x00, 0x00, 0x00, 0x00, 0xEF, 0xF2, 0x5F, 0xFB, 0x00, 0x00,
  0x00, 0x00, 0x0E, 0xFF, 0x25, 0xFF, 0xB0, 0x00, 0x00, 0x00, 0x00, 0xEF, 0xF2, 0x5F, 0xFB, 0x00,
  0x00, 0x00, 0x00, 0x0E, 0xFF, 0x25, 0xFF, 0xB0, 0x00, 0x00, 0x00, 0x00, 0xEF, 0xF2, 0x5F, 0xFB,
  0x00, 0x00, 0x00, 0x00, 0x0E, 0xFF, 0x25, 0xFF, 0xB0, 0x00, 0x00, 0x00, 0x00, 0xFF, 0xF2, 0x4F,
  0xFB, 0x00, 0x00, 0x00, 0x00, 0x2F, 0xFF, 0x23, 0xFF, 0xD0, 0x00, 0x00, 0x00, 0x07, 0xFF, 0xF2,
  0x1F, 0xFF, 0x30, 0x00, 0x00, 0x00, 0xEF, 0xFF, 0x20, 0xCF, 0xFD, 0x10, 0x00, 0x01, 0xBF, 0xFF,
  0xF2, 0x05, 0xFF, 0xFF, 0xA8, 0x9B, 0xFF, 0xCC, 0xFF, 0x20, 0x07, 0xFF, 0xFF, 0xFF, 0xFF, 0xC1,
  0x9F, 0xF2, 0x00, 0x03, 0x9D, 0xFF, 0xEA, 0x50, 0x06, 0xFF, 0x20, 0x00, 0x00, 0x00, 0x18, 0x88,
  0x10, 0x00, 0x00, 0x00, 0x00, 0x00, 0x0B, 0xFF, 0xFA, 0x00, 0x00, 0x00, 0x00, 0x00, 0x08, 0xFF,
  0xFF, 0xF7, 0x00, 0x00, 0x00, 0x00, 0x05, 0xFF, 0xC2, 0xDF, 0xF4, 0x00, 0x00, 0x00, 0x03, 0xFF,
  0xB0, 0x01, 0xCF, 0xF3, 0x00, 0x00, 0x01, 0xFF, 0x70, 0x00, 0x00, 0x8F, 0xF2, 0x00, 0x00, 0x00,
  0x00, 0x00, 0x00, 0x00, 0x00, 0x00, 0x00, 0x00, 0x00, 0x00, 0x00, 0x00, 0x00, 0x00, 0x00, 0x5F,
  0xFB, 0x00, 0x00, 0x00, 0x00, 0x0E, 0xFF, 0x25, 0xFF, 0xB0, 0x00, 0x00, 0x00, 0x00, 0xEF, 0xF2,
  0x5F, 0xFB, 0x00, 0x00, 0x00, 0x00, 0x0E, 0xFF, 0x25, 0xFF, 0xB0, 0x00, 0x00, 0x00, 0x00, 0xEF,
  0xF2, 0x5F, 0xFB, 0x00, 0x00, 0x00, 0x00, 0x0E, 0xFF, 0x25, 0xFF, 0xB0, 0x00, 0x00, 0x00, 0x00,
  0xEF, 0xF2, 0x5F, 0xFB, 0x00, 0x00, 0x00, 0x00, 0x0E, 0xFF, 0x25, 0xFF, 0xB0, 0x00, 0x00, 0x00,
  0x00, 0xEF, 0xF2, 0x5F, 0xFB, 0x00, 0x00, 0x00, 0x00, 0x0E, 0xFF, 0x25, 0xFF, 0xB0, 0x00, 0x00,
  0x00, 0x00, 0xEF, 0xF2, 0x5F, 0xFB, 0x00, 0x00, 0x00, 0x00, 0x0E, 0xFF, 0x25, 0xFF, 0xB0, 0x00,
  0x00, 0x00, 0x00, 0xFF, 0xF2, 0x4F, 0xFB, 0x00, 0x00, 0x00, 0x00, 0x2F, 0xFF, 0x23, 0xFF, 0xD0,
  0x00, 0x00, 0x00, 0x07, 0xFF, 0xF2, 0x1F, 0xFF, 0x30, 0x00, 0x00, 0x00, 0xEF, 0xFF, 0x20, 0xCF,
  0xFD, 0x10, 0x00, 0x01, 0xBF, 0xFF, 0xF2, 0x05, 0xFF, 0xFF, 0xA8, 0x9B, 0xFF, 0xCC, 0xFF, 0x20,
  0x07, 0xFF, 0xFF, 0xFF, 0xFF, 0xC1, 0x9F, 0xF2, 0x00, 0x03, 0x9D, 0xFF, 0xEA, 0x50, 0x06, 0xFF,
  0x20, 0x00, 0x00, 0xCF, 0x80, 0x00, 0x7F, 0xC0, 0x00, 0x00, 0x00, 0x3F, 0xFE, 0x00, 0x0D, 0xFF,
  0x40, 0x00, 0x00, 0x00, 0xBF, 0x70, 0x00, 0x6F, 0xC0, 0x00, 0x00, 0x00, 0x00, 0x00, 0x00, 0x00,
  0x00, 0x00, 0x00, 0x00, 0x00, 0x00, 0x00, 0x00, 0x00, 0x00, 0x00, 0x00, 0x00, 0x00, 0x00, 0x00,
  0x00, 0x00, 0x00, 0x00, 0x5F, 0xFB, 0x00, 0x00, 0x00, 0x00, 0x0E, 0xFF, 0x25, 0xFF, 0xB0, 0x00,
  0x00, 0x00, 0x00, 0xEF, 0xF2, 0x5F, 0xFB, 0x00, 0x00, 0x00, 0x00, 0x0E, 0xFF, 0x25, 0xFF, 0xB0,
  0x00, 0x00, 0x00, 0x00, 0xEF, 0xF2, 0x5F, 0xFB, 0x00, 0x00, 0x00, 0x00, 0x0E, 0xFF, 0x25, 0xFF,
  0xB0, 0x00, 0x00, 0x00, 0x00, 0xEF, 0xF2, 0x5F, 0xFB, 0x00, 0x00, 0x00, 0x00, 0x0E, 0xFF, 0x25,
  0xFF, 0xB0, 0x00, 0x00, 0x00, 0x00, 0xEF, 0xF2, 0x5F, 0xFB, 0x00, 0x00, 0x00, 0x00, 0x0E, 0xFF,
  0x25, 0xFF, 0xB0, 0x00, 0x00, 0x00, 0x00, 0xEF, 0xF2, 0x5F, 0xFB, 0x00, 0x00, 0x00, 0x00, 0x0E,
  0xFF, 0x25, 0xFF, 0xB0, 0x00, 0x00, 0x00, 0x00, 0xFF, 0xF2, 0x4F, 0xFB, 0x00, 0x00, 0x00, 0x00,
  0x2F, 0xFF, 0x23, 0xFF, 0xD0, 0x00, 0x00, 0x00, 0x07, 0xFF, 0xF2, 0x1F, 0xFF, 0x30, 0x00, 0x00,
  0x00, 0xEF, 0xFF, 0x20, 0xCF, 0xFD, 0x10, 0x00, 0x01, 0xBF, 0xFF, 0xF2, 0x05, 0xFF, 0xFF, 0xA8,
  0x9B, 0xFF, 0xCC, 0xFF, 0x20, 0x07, 0xFF, 0xFF, 0xFF, 0xFF, 0xC1, 0x9F, 0xF2, 0x00, 0x03, 0x9D,
  0xFF, 0xEA, 0x50, 0x06, 0xFF, 0x20, 0x00, 0x00, 0x00, 0x00, 0x00, 0x78, 0x85, 0x00, 0x00, 0x00,
  0x00, 0x00, 0x00, 0x07, 0xFF, 0xF4, 0x00, 0x00, 0x00, 0x00, 0x00, 0x00, 0x1F, 0xFF, 0x60, 0x00,
  0x00, 0x00, 0x00, 0x00, 0x00, 0xAF, 0xF7, 0x00, 0x00, 0x00, 0x00, 0x00, 0x00, 0x05, 0xFF, 0x80,
  0x00, 0x00, 0x00, 0x00, 0x00, 0x00, 0x0E, 0xF7, 0x00, 0x00, 0x00, 0x00, 0x00, 0x00, 0x00, 0x00,
  0x00, 0x00, 0x00, 0x00, 0x00, 0x00, 0x00, 0x00, 0x00, 0x00, 0x00, 0x00, 0x00, 0x00, 0xCF, 0xF6,
  0x00, 0x00, 0x00, 0x00, 0x01, 0xFF, 0xF2, 0x6F, 0xFC, 0x00, 0x00, 0x00, 0x00, 0x06, 0xFF, 0xC0,
  0x0F, 0xFF, 0x20, 0x00, 0x00, 0x00, 0x0C, 0xFF, 0x60, 0x09, 0xFF, 0x80, 0x00, 0x00, 0x00, 0x1F,
  0xFF, 0x10, 0x03, 0xFF, 0xE0, 0x00, 0x00, 0x00, 0x7F, 0xFA, 0x00, 0x00, 0xCF, 0xF4, 0x00, 0x00,
  0x00, 0xDF, 0xF4, 0x00, 0x00, 0x6F, 0xFA, 0x00, 0x00, 0x02, 0xFF, 0xE0, 0x00, 0x00, 0x1F, 0xFF,
  0x00, 0x00, 0x08, 0xFF, 0x90, 0x00, 0x00, 0x0A, 0xFF, 0x60, 0x00, 0x0D, 0xFF, 0x30, 0x00, 0x00,
  0x03, 0xFF, 0xC0, 0x00, 0x3F, 0xFD, 0x00, 0x00, 0x00, 0x00, 0xDF, 0xF2, 0x00, 0x9F, 0xF7, 0x00,
  0x00, 0x00, 0x00, 0x7F, 0xF7, 0x00, 0xEF, 0xF1, 0x00, 0x00, 0x00, 0x00, 0x1F, 0xFD, 0x03, 0xFF,
  0xB0, 0x00, 0x00, 0x00, 0x00, 0x0A, 0xFF, 0x28, 0xFF, 0x50, 0x00, 0x00, 0x00, 0x00, 0x04, 0xFF,
  0x6D, 0xFF, 0x00, 0x00, 0x00, 0x00, 0x00, 0x00, 0xEF, 0xCF, 0xF9, 0x00, 0x00, 0x00, 0x00, 0x00,
  0x00, 0x7F, 0xFF, 0xF3, 0x00, 0x00, 0x00, 0x00, 0x00, 0x00, 0x1F, 0xFF, 0xD0, 0x00, 0x00, 0x00,
  0x00, 0x00, 0x00, 0x0B, 0xFF, 0x70, 0x00, 0x00, 0x00, 0x00, 0x00, 0x00, 0x0E, 0xFF, 0x20, 0x00,
  0x00, 0x00, 0x00, 0x00, 0x00, 0x5F, 0xFB, 0x00, 0x00, 0x00, 0x00, 0x00, 0x00, 0x00, 0xBF, 0xF5,
  0x00, 0x00, 0x00, 0x00, 0x00, 0x00, 0x04, 0xFF, 0xE0, 0x00, 0x00, 0x00, 0x00, 0x00, 0x00, 0x3E,
  0xFF, 0x60, 0x00, 0x00, 0x00, 0x00, 0x69, 0x9B, 0xFF, 0xFC, 0x00, 0x00, 0x00, 0x00, 0x00, 0xAF,
  0xFF, 0xFF, 0xD1, 0x00, 0x00, 0x00, 0x00, 0x00, 0x7E, 0xFF, 0xC7, 0x00, 0x00, 0x00, 0x00, 0x00,
  0x00, 0x1F, 0xFE, 0x00, 0x00, 0x00, 0x00, 0x00, 0x00, 0x00, 0x1F, 0xFE, 0x00, 0x00, 0x00, 0x00,
  0x00, 0x00, 0x00, 0x1F, 0xFE, 0x00, 0x00, 0x00, 0x00, 0x00, 0x00, 0x00, 0x1F, 0xFE, 0x00, 0x00,
  0x00, 0x00, 0x00, 0x00, 0x00, 0x1F, 0xFE, 0x00, 0x00, 0x00, 0x00, 0x00, 0x00, 0x00, 0x1F, 0xFE,
  0x00, 0x00, 0x00, 0x00, 0x00, 0x00, 0x00, 0x1F, 0xFE, 0x00, 0x00, 0x00, 0x00, 0x00, 0x00, 0x00,
  0x1F, 0xFD, 0x00, 0x4B, 0xEF, 0xEB, 0x60, 0x00, 0x00, 0x1F, 0xFD, 0x0A, 0xFF, 0xFF, 0xFF, 0xFD,
  0x20, 0x00, 0x1F, 0xFD, 0xBF, 0xFB, 0x99, 0xBF, 0xFF, 0xE1, 0x00, 0x1F, 0xFF, 0xFB, 0x10, 0x00,
  0x02, 0xDF, 0xFB, 0x00, 0x1F, 0xFF, 0xD0, 0x00, 0x00, 0x00, 0x2F, 0xFF, 0x30, 0x1F, 0xFF, 0x60,
  0x00, 0x00, 0x00, 0x0A, 0xFF, 0x80, 0x1F, 0xFF, 0x20, 0x00, 0x00, 0x00, 0x05, 0xFF, 0xC0, 0x1F,
  0xFF, 0x00, 0x00, 0x00, 0x00, 0x02, 0xFF, 0xE0, 0x1F, 0xFE, 0x00, 0x00, 0x00, 0x00, 0x01, 0xFF,
  0xF0, 0x1F, 0xFE, 0x00, 0x00, 0x00, 0x00, 0x00, 0xFF, 0xF0, 0x1F, 0xFE, 0x00, 0x00, 0x00, 0x00,
  0x01, 0xFF, 0xF0, 0x1F, 0xFF, 0x00, 0x00, 0x00, 0x00, 0x03, 0xFF, 0xE0, 0x1F, 0xFF, 0x20, 0x00,
  0x00, 0x00, 0x06, 0xFF, 0xB0, 0x1F, 0xFF, 0x70, 0x00, 0x00, 0x00, 0x0A, 0xFF, 0x80, 0x1F, 0xFF,
  0xE0, 0x00, 0x00, 0x00, 0x2F, 0xFF, 0x20, 0x1F, 0xFF, 0xFB, 0x10, 0x00, 0x02, 0xDF, 0xFB, 0x00,
  0x1F, 0xFC, 0xDF, 0xFB, 0x99, 0xBF, 0xFF, 0xE1, 0x00, 0x1F, 0xFC, 0x1C, 0xFF, 0xFF, 0xFF, 0xFD,
  0x20, 0x00, 0x1F, 0xFD, 0x00, 0x5B, 0xEF, 0xEB, 0x60, 0x00, 0x00, 0x1F, 0xFD, 0x00, 0x00, 0x00,
  0x00, 0x00, 0x00, 0x00, 0x1F, 0xFE, 0x00, 0x00, 0x00, 0x00, 0x00, 0x00, 0x00, 0x1F, 0xFE, 0x00,
  0x00, 0x00, 0x00, 0x00, 0x00, 0x00, 0x1F, 0xFE, 0x00, 0x00, 0x00, 0x00, 0x00, 0x00, 0x00, 0x1F,
  0xFE, 0x00, 0x00, 0x00, 0x00, 0x00, 0x00, 0x00, 0x1F, 0xFE, 0x00, 0x00, 0x00, 0x00, 0x00, 0x00,
  0x00, 0x1F, 0xFE, 0x00, 0x00, 0x00, 0x00, 0x00, 0x00, 0x00, 0x1F, 0xFE, 0x00, 0x00, 0x00, 0x00,
  0x00, 0x00, 0x00, 0x00, 0x00, 0xAF, 0xA0, 0x00, 0x5E, 0xD2, 0x00, 0x00, 0x00, 0x00, 0xFF, 0xF1,
  0x00, 0xAF, 0xF6, 0x00, 0x00, 0x00, 0x00, 0xAF, 0xA0, 0x00, 0x4E, 0xD2, 0x00, 0x00, 0x00, 0x00,
  0x00, 0x00, 0x00, 0x00, 0x00, 0x00, 0x00, 0x00, 0x00, 0x00, 0x00, 0x00, 0x00, 0x00, 0x00, 0x00,
  0x00, 0x00, 0x00, 0x00, 0x00, 0x00, 0x00, 0x00, 0x00, 0xCF, 0xF6, 0x00, 0x00, 0x00, 0x00, 0x01,
  0xFF, 0xF2, 0x6F, 0xFC, 0x00, 0x00, 0x00, 0x00, 0x06, 0xFF, 0xC0, 0x0F, 0xFF, 0x20, 0x00, 0x00,
  0x00, 0x0C, 0xFF, 0x60, 0x09, 0xFF, 0x80, 0x00, 0x00, 0x00, 0x1F, 0xFF, 0x10, 0x03, 0xFF, 0xE0,
  0x00, 0x00, 0x00, 0x7F, 0xFA, 0x00, 0x00, 0xCF, 0xF4, 0x00, 0x00, 0x00, 0xDF, 0xF4, 0x00, 0x00,
  0x6F, 0xFA, 0x00, 0x00, 0x02, 0xFF, 0xE0, 0x00, 0x00, 0x1F, 0xFF, 0x00, 0x00, 0x08, 0xFF, 0x90,
  0x00, 0x00, 0x0A, 0xFF, 0x60, 0x00, 0x0D, 0xFF, 0x30, 0x00, 0x00, 0x03, 0xFF, 0xC0, 0x00, 0x3F,
  0xFD, 0x00, 0x00, 0x00, 0x00, 0xDF, 0xF2, 0x00, 0x9F, 0xF7, 0x00, 0x00, 0x00, 0x00, 0x7F, 0xF7,
  0x00, 0xEF, 0xF1, 0x00, 0x00, 0x00, 0x00, 0x1F, 0xFD, 0x03, 0xFF, 0xB0, 0x00, 0x00, 0x00, 0x00,
  0x0A, 0xFF, 0x28, 0xFF, 0x50, 0x00, 0x00, 0x00, 0x00, 0x04, 0xFF, 0x6D, 0xFF, 0x00, 0x00, 0x00,
  0x00, 0x00, 0x00, 0xEF, 0xCF, 0xF9, 0x00, 0x00, 0x00, 0x00, 0x00, 0x00, 0x7F, 0xFF, 0xF3, 0x00,
  0x00, 0x00, 0x00, 0x00, 0x00, 0x1F, 0xFF, 0xD0, 0x00, 0x00, 0x00, 0x00, 0x00, 0x00, 0x0B, 0xFF,
  0x70, 0x00, 0x00, 0x00, 0x00, 0x00, 0x00, 0x0E, 0xFF, 0x20, 0x00, 0x00, 0x00, 0x00, 0x00, 0x00,
  0x5F, 0xFB, 0x00, 0x00, 0x00, 0x00, 0x00, 0x00, 0x00, 0xBF, 0xF5, 0x00, 0x00, 0x00, 0x00, 0x00,
  0x00, 0x04, 0xFF, 0xE0, 0x00, 0x00, 0x00, 0x00, 0x00, 0x00, 0x3E, 0xFF, 0x60, 0x00, 0x00, 0x00,
  0x00, 0x69, 0x9B, 0xFF, 0xFC, 0x00, 0x00, 0x00, 0x00, 0x00, 0xAF, 0xFF, 0xFF, 0xD1, 0x00, 0x00,
  0x00, 0x00, 0x00, 0x7E, 0xFF, 0xC7, 0x00, 0x00, 0x00, 0x00, 0x00, 0x00,
};

const AAGlyph GoogleSans34aaGlyphs[] PROGMEM = {
  {0, 0, 0, 9, 0, 0}, // U+0020
  {0, 5, 25, 9, 2, -25}, // !
  {63, 10, 9, 14, 2, -25}, // "
  {108, 22, 25, 22, 0, -25}, // #
  {383, 16, 29, 19, 2, -26}, // $
  {615, 26, 25, 28, 1, -25}, // %
  {940, 24, 25, 25, 1, -25}, // &
  {1240, 4, 9, 8, 2, -25}, // U+0027
  {1258, 9, 31, 10, 1, -25}, // (
  {1398, 8, 31, 10, 1, -25}, // )
  {1522, 17, 16, 19, 1, -26}, // *
  {1658, 17, 17, 19, 1, -21}, // +
  {1803, 6, 8, 9, 1, -4}, // ,
  {1827, 9, 3, 11, 1, -11}, // -
  {1841, 5, 5, 9, 2, -5}, // .
  {1854, 13, 25, 13, 0, -25}, // /
  {2017, 17, 25, 19, 1, -25}, // 0
  {2230, 10, 25, 19, 3, -25}, // 1
  {2355, 17, 25, 19, 1, -25}, // 2
  {2568, 17, 25, 19, 1, -25}, // 3
  {2781, 19, 25, 19, 0, -25}, // 4
  {3019, 16, 25, 19, 2, -25}, // 5
  {3219, 17, 25, 19, 1, -25}, // 6
  {3432, 17, 25, 19, 1, -25}, // 7
  {3645, 17, 25, 19, 1, -25}, // 8
  {3858, 17, 25, 19, 1, -25}, // 9
  {4071, 5, 19, 9, 2, -19}, // :
  {4119, 6, 24, 9, 1, -19}, // ;
  {4191, 17, 18, 19, 1, -21}, // <
  {4344, 17, 10, 19, 1, -18}, // =
  {4429, 17, 18, 19, 1, -21}, // >
  {4582, 14, 25, 15, 0, -25}, // ?
  {4757, 28, 29, 31, 1, -25}, // @
  {5163, 22, 25, 22, 0, -25}, // A
  {5438, 18, 25, 22, 3, -25}, // B
  {5663, 19, 25, 21, 2, -25}, // C
  {5901, 20, 25, 25, 3, -25}, // D
  {6151, 14, 25, 19, 3, -25}, // E
  {6326, 14, 25, 18, 3, -25}, // F
  {6501, 21, 25, 25, 2, -25}, // G
  {6764, 19, 25, 25, 3, -25}, // H
  {7002, 10, 25, 12, 1, -25}, // I
  {7127, 8, 32, 9, -1, -25}, // J
  {7255, 18, 25, 21, 3, -25}, // K
  {7480, 14, 25, 18, 3, -25}, // L
  {7655, 25, 25, 31, 3, -25}, // M
  {7968, 20, 25, 26, 3, -25}, // N
  {8218, 23, 25, 27, 2, -25}, // O
  {8506, 16, 25, 21, 3, -25}, // P
  {8706, 23, 31, 27, 2, -25}, // Q
  {9063, 18, 25, 21, 3, -25}, // R
  {9288, 17, 25, 19, 1, -25}, // S
  {9501, 19, 25, 19, 0, -25}, // T
  {9739, 19, 25, 25, 3, -25}, // U
  {9977, 21, 25, 20, 0, -25}, // V
  {10240, 32, 25, 32, 0, -25}, // W
  {10640, 20, 25, 20, 0, -25}, // X
  {10890, 20, 25, 19, 0, -25}, // Y
  {11140, 18, 25, 19, 1, -25}, // Z
  {11365, 9, 31, 11, 2, -25}, // [
  {11505, 13, 25, 13, 0, -25}, // U+005C
  {11668, 9, 31, 11, 0, -25}, // ]
  {11808, 18, 16, 19, 1, -25}, // ^
  {11952, 17, 3, 15, -1, 2}, // _
  {11978, 8, 6, 10, 1, -27}, // `
  {12002, 16, 19, 19, 1, -19}, // a
  {12154, 18, 26, 21, 2, -26}, // b
  {12388, 15, 19, 16, 1, -19}, // c
  {12531, 18, 26, 21, 1, -26}, // d
  {12765, 17, 19, 19, 1, -19}, // e
  {12927, 14, 27, 12, 0, -27}, // f
  {13116, 18, 27, 21, 1, -19}, // g
  {13359, 17, 26, 21, 2, -26}, // h
  {13580, 5, 26, 9, 2, -26}, // i
  {13645, 8, 34, 9, -1, -26}, // j
  {13781, 16, 26, 18, 2, -26}, // k
  {13989, 4, 26, 9, 2, -26}, // l
  {14041, 28, 19, 32, 2, -19}, // m
  {14307, 17, 19, 21, 2, -19}, // n
  {14469, 18, 19, 21, 1, -19}, // o
  {14640, 18, 27, 21, 2, -19}, // p
  {14883, 18, 27, 21, 1, -19}, // q
  {15126, 12, 19, 14, 2, -19}, // r
  {15240, 14, 19, 16, 1, -19}, // s
  {15373, 12, 24, 12, 0, -24}, // t
  {15517, 17, 19, 21, 2, -19}, // u
  {15679, 18, 19, 17, 0, -19}, // v
  {15850, 27, 19, 27, 0, -19}, // w
  {16107, 18, 19, 18, 0, -19}, // x
  {16278, 18, 27, 17, 0, -19}, // y
  {16521, 14, 19, 16, 1, -19}, // z
  {16654, 12, 31, 13, 0, -25}, // {
  {16840, 3, 34, 19, 8, -26}, // |
  {16891, 11, 31, 13, 1, -25}, // }
  {17062, 17, 5, 19, 1, -15}, // ~
  {17105, 0, 0, 0, 0, 0}, // U+007F
  {17105, 0, 0, 0, 0, 0}, // U+0080
  {17105, 0, 0, 0, 0, 0}, // U+0081
  {17105, 0, 0, 0, 0, 0}, // U+0082
  {17105, 0, 0, 0, 0, 0}, // U+0083
  {17105, 0, 0, 0, 0, 0}, // U+0084
  {17105, 0, 0, 0, 0, 0}, // U+0085
  {17105, 0, 0, 0, 0, 0}, // U+0086
  {17105, 0, 0, 0, 0, 0}, // U+0087
  {17105, 0, 0, 0, 0, 0}, // U+0088
  {17105, 0, 0, 0, 0, 0}, // U+0089
  {17105, 0, 0, 0, 0, 0}, // U+008A
  {17105, 0, 0, 0, 0, 0}, // U+008B
  {17105, 0, 0, 0, 0, 0}, // U+008C
  {17105, 0, 0, 0, 0, 0}, // U+008D
  {17105, 0, 0, 0, 0, 0}, // U+008E
  {17105, 0, 0, 0, 0, 0}, // U+008F
  {17105, 0, 0, 0, 0, 0}, // U+0090
  {17105, 0, 0, 0, 0, 0}, // U+0091
  {17105, 0, 0, 0, 0, 0}, // U+0092
  {17105, 0, 0, 0, 0, 0}, // U+0093
  {17105, 0, 0, 0, 0, 0}, // U+0094
  {17105, 0, 0, 0, 0, 0}, // U+0095
  {17105, 0, 0, 0, 0, 0}, // U+0096
  {17105, 0, 0, 0, 0, 0}, // U+0097
  {17105, 0, 0, 0, 0, 0}, // U+0098
  {17105, 0, 0, 0, 0, 0}, // U+0099
  {17105, 0, 0, 0, 0, 0}, // U+009A
  {17105, 0, 0, 0, 0, 0}, // U+009B
  {17105, 0, 0, 0, 0, 0}, // U+009C
  {17105, 0, 0, 0, 0, 0}, // U+009D
  {17105, 0, 0, 0, 0, 0}, // U+009E
  {17105, 0, 0, 0, 0, 0}, // U+009F
  {17105, 0, 0, 9, 0, 0}, // U+00A0
  {17105, 5, 26, 9, 2, -19}, // U+00A1
  {17170, 14, 25, 19, 3, -25}, // U+00A2
  {17345, 18, 25, 19, 1, -25}, // U+00A3
  {17570, 16, 16, 19, 2, -20}, // U+00A4
  {17698, 19, 25, 19, 0, -25}, // U+00A5
  {17936, 3, 34, 19, 8, -26}, // U+00A6
  {17987, 14, 27, 17, 2, -27}, // U+00A7
  {18176, 10, 3, 20, 5, -25}, // U+00A8
  {18191, 26, 26, 28, 1, -26}, // U+00A9
  {18529, 10, 11, 12, 1, -24}, // U+00AA
  {18584, 15, 15, 17, 1, -16}, // U+00AB
  {18697, 17, 10, 19, 1, -14}, // U+00AC
  {18782, 9, 3, 11, 1, -11}, // U+00AD
  {18796, 26, 26, 28, 1, -26}, // U+00AE
  {19134, 19, 3, 17, -1, -29}, // U+00AF
  {19163, 12, 11, 15, 1, -26}, // U+00B0
  {19229, 17, 21, 19, 1, -21}, // U+00B1
  {19408, 11, 15, 12, 0, -29}, // U+00B2
  {19491, 11, 16, 12, 0, -30}, // U+00B3
  {19579, 8, 6, 10, 1, -27}, // U+00B4
  {19603, 17, 27, 21, 2, -19}, // U+00B5
  {19833, 18, 32, 22, 1, -26}, // U+00B6
  {20121, 5, 5, 9, 2, -15}, // U+00B7
  {20134, 8, 9, 8, 0, -1}, // U+00B8
  {20170, 8, 15, 12, 1, -29}, // U+00B9
  {20230, 11, 11, 13, 1, -24}, // U+00BA
  {20291, 15, 15, 17, 1, -16}, // U+00BB
  {20404, 25, 25, 25, 1, -25}, // U+00BC
  {20717, 25, 25, 26, 0, -25}, // U+00BD
  {21030, 27, 26, 27, 0, -26}, // U+00BE
  {21381, 15, 26, 15, 0, -19}, // U+00BF
  {21576, 22, 33, 22, 0, -33}, // U+00C0
  {21939, 22, 33, 22, 0, -33}, // U+00C1
  {22302, 22, 33, 22, 0, -33}, // U+00C2
  {22665, 22, 32, 22, 0, -32}, // U+00C3
  {23017, 22, 31, 22, 0, -31}, // U+00C4
  {23358, 22, 30, 22, 0, -30}, // U+00C5
  {23688, 28, 25, 30, 0, -25}, // U+00C6
  {24038, 19, 33, 21, 2, -25}, // U+00C7
  {24352, 14, 33, 19, 3, -33}, // U+00C8
  {24583, 14, 33, 19, 3, -33}, // U+00C9
  {24814, 14, 33, 19, 3, -33}, // U+00CA
  {25045, 14, 31, 19, 3, -31}, // U+00CB
  {25262, 10, 33, 12, 1, -33}, // U+00CC
  {25427, 10, 33, 12, 1, -33}, // U+00CD
  {25592, 12, 33, 12, 0, -33}, // U+00CE
  {25790, 10, 31, 12, 1, -31}, // U+00CF
  {25945, 22, 25, 25, 1, -25}, // U+00D0
  {26220, 20, 32, 26, 3, -32}, // U+00D1
  {26540, 23, 33, 27, 2, -33}, // U+00D2
  {26920, 23, 33, 27, 2, -33}, // U+00D3
  {27300, 23, 33, 27, 2, -33}, // U+00D4
  {27680, 23, 32, 27, 2, -32}, // U+00D5
  {28048, 23, 31, 27, 2, -31}, // U+00D6
  {28405, 16, 16, 19, 2, -20}, // U+00D7
  {28533, 23, 27, 27, 2, -26}, // U+00D8
  {28844, 19, 33, 25, 3, -33}, // U+00D9
  {29158, 19, 33, 25, 3, -33}, // U+00DA
  {29472, 19, 33, 25, 3, -33}, // U+00DB
  {29786, 19, 31, 25, 3, -31}, // U+00DC
  {30081, 20, 33, 19, 0, -33}, // U+00DD
  {30411, 16, 25, 21, 3, -25}, // U+00DE
  {30611, 18, 27, 21, 2, -27}, // U+00DF
  {30854, 16, 27, 19, 1, -27}, // U+00E0
  {31070, 16, 27, 19, 1, -27}, // U+00E1
  {31286, 16, 27, 19, 1, -27}, // U+00E2
  {31502, 16, 26, 19, 1, -26}, // U+00E3
  {31710, 16, 25, 19, 1, -25}, // U+00E4
  {31910, 16, 28, 19, 1, -28}, // U+00E5
  {32134, 27, 19, 29, 1, -19}, // U+00E6
  {32391, 15, 27, 16, 1, -19}, // U+00E7
  {32594, 17, 27, 19, 1, -27}, // U+00E8
  {32824, 17, 27, 19, 1, -27}, // U+00E9
  {33054, 17, 27, 19, 1, -27}, // U+00EA
  {33284, 17, 25, 19, 1, -25}, // U+00EB
  {33497, 8, 27, 9, -1, -27}, // U+00EC
  {33605, 8, 27, 9, 2, -27}, // U+00ED
  {33713, 12, 27, 9, -1, -27}, // U+00EE
  {33875, 11, 25, 9, -1, -25}, // U+00EF
  {34013, 18, 28, 21, 1, -28}, // U+00F0
  {34265, 17, 26, 21, 2, -26}, // U+00F1
  {34486, 18, 27, 21, 1, -27}, // U+00F2
  {34729, 18, 27, 21, 1, -27}, // U+00F3
  {34972, 18, 27, 21, 1, -27}, // U+00F4
  {35215, 18, 26, 21, 1, -26}, // U+00F5
  {35449, 18, 25, 21, 1, -25}, // U+00F6
  {35674, 17, 16, 19, 1, -20}, // U+00F7
  {35810, 18, 21, 21, 1, -20}, // U+00F8
  {35999, 17, 27, 21, 2, -27}, // U+00F9
  {36229, 17, 27, 21, 2, -27}, // U+00FA
  {36459, 17, 27, 21, 2, -27}, // U+00FB
  {36689, 17, 25, 21, 2, -25}, // U+00FC
  {36902, 18, 35, 17, 0, -27}, // U+00FD
  {37217, 18, 34, 21, 2, -26}, // U+00FE
  {37523, 18, 33, 17, 0, -25}, // U+00FF
};

const AAFont GoogleSans34aa PROGMEM = {
  GoogleSans34aaBitmaps,
  GoogleSans34aaGlyphs,
  0x20, 0xFF,
  49, 37
};
